<dir>
<title>Dracula (Universal Series)</title>
<trakt>https://api.trakt.tv/users/1coolguy/lists/dracula-movie-collection/</trakt>
<thumbnail>https://image.tmdb.org/t/p/w1280/srgkikGqQD32mhaq8wT6Qz2eLcD.jpg</thumbnail>
<fanart>https://image.tmdb.org/t/p/original/sdbStuQ5qEPZqqWUlNlBd0dPtBT.jpg</fanart>
</dir>

<title>Alien Collection</title>
<tmdb>list/80021</tmdb>
<thumbnail></thumbnail>
<fanart></fanart>
</dir>




<dir>
<title>The Twilight Collection</title>
<tmdb>collection/33514</tmdb>
<thumbnail>https://image.tmdb.org/t/p/w1280/2o4zgGjVryMOPdNqLZWsSPqRkOH.jpg</thumbnail>
<fanart>https://image.tmdb.org/t/p/original/rv5b06YAvmekw0D6Ul2ps9JbH4C.jpg</fanart>
</dir>

<dir>
<title>The Vampire Chronicles</title>
<tmdb>collection/217704</tmdb>
<thumbnail>https://image.tmdb.org/t/p/w1280/1Iop0dywqQeD5Mm7oRVR8vZ8gkj.jpg</thumbnail>
<fanart>https://image.tmdb.org/t/p/original/5margBoJC97ZrciVpAUc0PiY6Rc.jpg</fanart>
</dir>

<dir>
<title>Vampire Karnstein (Hammer series)</title>
<tmdb>collection/123740</tmdb>
<thumbnail>https://image.tmdb.org/t/p/w1280/dsMANCcvjdU6cbw6GUtYMoODti9.jpg</thumbnail>
<fanart>https://image.tmdb.org/t/p/original/o8h3cj8cS9x3iBtzTC2UxNtneac.jpg</fanart>
</dir>


<dir>
<title>Dracula 2000 Collection</title>
<tmdb>collection/115822</tmdb>
<thumbnail>https://image.tmdb.org/t/p/w1280/pUEwGiauaZXUKTocXmzX7GlyYD4.jpg</thumbnail>
<fanart>https://image.tmdb.org/t/p/original/aD4nL9HsMDU8sCEAe7wdeHMiSr2.jpg</fanart>
</dir>

<dir>
<title>Dracula (Hammer Series)</title>
<tmdb>collection/123724</tmdb>
<thumbnail>https://image.tmdb.org/t/p/w1280/n5SozLvdQZ7cYJb22ZIwNw1DzSg.jpg</thumbnail>
<fanart>https://image.tmdb.org/t/p/original/hybYYwBqaomfePU3uaiJfpg7ykC.jpg</fanart>
</dir>

<dir>
<title>American Werewolf Collection</title>
<tmdb>collection/9380</tmdb>
<thumbnail>https://image.tmdb.org/t/p/w1280/lmGA5MhSb0jFzRdR74yzsUqgtgI.jpg</thumbnail>
<fanart>https://image.tmdb.org/t/p/original/Aa3snJ9wKKNkqjU4tAt3Kn4AL2U.jpg</fanart>
</dir>

<dir>
<title>Critters Collection</title>
<tmdb>collection/10893</tmdb>
<thumbnail>https://image.tmdb.org/t/p/w1280/rWZytVHeFsADHeuoPCIf4c7Qepb.jpg</thumbnail>
<fanart>https://image.tmdb.org/t/p/original/9K0ycQWRv4vSL1oM8y7dOXwFpy6.jpg</fanart>
</dir>

<dir>
<title>The Descent Collection</title>
<tmdb>collection/87258</tmdb>
<thumbnail>https://image.tmdb.org/t/p/w1280/nKF0faDJsoALc70tptEoQsQsIUq.jpg</thumbnail>
<fanart>https://image.tmdb.org/t/p/original/5I9Avp1dL16ZaO1qkVSfo0k3PpC.jpg</fanart>
</dir>

<dir>
<title>Frankenstein (Hammer Series)</title>
<tmdb>collection/123720</tmdb>
<thumbnail>https://image.tmdb.org/t/p/w1280/fKiok5TbCKWRgfNd4Rj8gPMzGJp.jpg</thumbnail>
<fanart>https://image.tmdb.org/t/p/original/gl9Gi60C9WYVkObOMll19OROhMC.jpg</fanart>
</dir>

<dir>
<title>Frankenstein (Universal Series)</title>
<tmdb>collection/218406</tmdb>
<thumbnail>https://image.tmdb.org/t/p/w1280/2PJYpPHOqnVMXelHV1T4t6zra4i.jpg</thumbnail>
<fanart>https://image.tmdb.org/t/p/original/oR3GHwhvOcjn124b7wOZl9SHh8G.jpg</fanart>
</dir>

<dir>
<title>Grave Encounters Collection</title>
<tmdb>collection/135466</tmdb>
<thumbnail>https://image.tmdb.org/t/p/w1280/1vLfiFfyJp95vpPDUfH3kRMxn5G.jpg</thumbnail>
<fanart>https://image.tmdb.org/t/p/original/9gKwnJbPjY65EVb5oFlbmY4qF2p.jpg</fanart>
</dir>

<dir>
<title>The Human Centipede Collection</title>
<tmdb>collection/96671</tmdb>
<thumbnail>https://image.tmdb.org/t/p/w1280/mv0MySTqfXg2ndthOkBg6bGwlnk.jpg</thumbnail>
<fanart>https://image.tmdb.org/t/p/original/iNRMelQcaKeVdinF28uU9YOmvYx.jpg</fanart>
</dir>

<dir>
<title>Jeepers Creepers Collection</title>
<tmdb>collection/94899</tmdb>
<thumbnail>https://image.tmdb.org/t/p/w1280/2qyn3GJXqLP54fbWazRGvsnkmAA.jpg</thumbnail>
<fanart>https://image.tmdb.org/t/p/original/mzFtvzOdmuDYoQQuOzulsJkAUQB.jpg</fanart>
</dir>

<dir>
<title>Lake Placid Collection</title>
<tmdb>collection/97768</tmdb>
<thumbnail>https://image.tmdb.org/t/p/w1280/x3f6Wcshd4E5tyaFZ1rBglusvAl.jpg</thumbnail>
<fanart>https://image.tmdb.org/t/p/original</fanart>
</dir>

<dir>
<title>The Mummy (Hammer Series)</title>
<tmdb>collection/138965</tmdb>
<thumbnail>https://image.tmdb.org/t/p/w1280/90f5SF3s02ndW498kGdm2lIVpYp.jpg</thumbnail>
<fanart>https://image.tmdb.org/t/p/original/iLmCaLaw9Tn8JeFtUbhlaNVFcga.jpg</fanart>
</dir>

<dir>
<title>The Howling Collection</title>
<tmdb>collection/174218</tmdb>
<thumbnail>https://image.tmdb.org/t/p/w1280/ci6CZhFFLm0r3fDomXlRAmCEesr.jpg</thumbnail>
<fanart>https://image.tmdb.org/t/p/original/a0UuiTYxqMmj5Ll26rORaFoTKBc.jpg</fanart>
</dir>

<dir>
<title>Open Water Collection</title>
<tmdb>collection/86113</tmdb>
<thumbnail>https://image.tmdb.org/t/p/w1280/85FaIaxEgpHolq41GSBYF4c14nj.jpg</thumbnail>
<fanart>https://image.tmdb.org/t/p/original/2vc1MmKa9vMPQerdwLa3fZVhBOS.jpg</fanart>
</dir>

<dir>
<title>Pet Sematary Collection</title>
<tmdb>collection/10789</tmdb>
<thumbnail>https://image.tmdb.org/t/p/w1280/iySOPKFg4DgtjY9ySsJZoccMcIB.jpg</thumbnail>
<fanart>https://image.tmdb.org/t/p/original/vK18Xz065I4BvRB8r9IrH98ebVp.jpg</fanart>
</dir>

<dir>
<title>Pumpkinhead Collection</title>
<tmdb>collection/123256</tmdb>
<thumbnail>https://image.tmdb.org/t/p/w1280/3CHL2ezo3OclNNBQ51BRVXHE7Ji.jpg</thumbnail>
<fanart></fanart>
</dir>

<dir>
<title>Puppet Master Collection</title>
<tmdb>collection/107949</tmdb>
<thumbnail>https://image.tmdb.org/t/p/w1280/wuLaEcy10wqgiVi4nCjdPXvcCyw.jpg</thumbnail>
<fanart>https://image.tmdb.org/t/p/original/crDZjaOpoUCIOoiQ9nLIAt8ZBul.jpg</fanart>
</dir>

