<item>
<title>DEBRID USERS CLICK AND PLAY/NONE DEBRID USERS IN USA PLEASE USE VPN OUTSIDE THE USA TO VIEW</title>
<heading></heading>
 </item>
 
<dir>
<title>Game Of Thrones</title>
<meta>
  <content>tvshow</content>
  <imdb>tt0944947</imdb>
  <tvdb>121361</tvdb>
  <tvshowtitle>Game Of Thrones</tvshowtitle>
  <year>2011</year>
</meta>
<link>http://magnetic.website/Mad%20Titan/GAME%20OF%20THRONES%20SEASONS.xml</link>
<thumbnail>http://s1.iconbird.com/ico/2013/6/274/w512h5121371325341GameofThrones512x512.png</thumbnail>
<fanart>https://image.tmdb.org/t/p/w600_and_h900_bestv2/u3bZgnGQ9T01sWNhyveQz0wH0Hl.jpg</fanart>
</dir>

 <dir>
<title>Stranger Things</title>
<meta>
  <content>tvshow</content>
  <imdb>tt4574334</imdb>
  <tvdb>305288</tvdb>
  <tvshowtitle>Stranger Things</tvshowtitle>
  <year>2016</year>
</meta>
<link>https://magnetic.website/Mad%20Titan/STRANGER%20THINGS%20SEASONS.xml</link>
<thumbnail>https://image.tmdb.org/t/p/w600_and_h900_bestv2/jEgTfzcdyzHTpYr78bd36WLx66F.jpg</thumbnail>
<fanart>https://image.tmdb.org/t/p/original/nvMoOlC7HHZ9U4WknwwGOVefvnI.jpg</fanart>
</dir>

<dir>
<title>Power</title>
<meta>
  <content>tvshow</content>
  <imdb>tt328179</imdb>
  <tvdb>276562</tvdb>
  <tvshowtitle>Power</tvshowtitle>
  <year>2014</year>
</meta>
<link>https://magnetic.website/Mad%20Titan/POWER%20TV%20SHOW.xml</link>
<thumbnail>https://image.tmdb.org/t/p/w600_and_h900_bestv2/bxFyz3HVWFM6s0taUkJuCpfNRVP.jpg</thumbnail>
<fanart>https://image.tmdb.org/t/p/original/jt9nSRt3WDSQRbTtL2OqAnta5NZ.jpg</fanart>
</dir>



<dir>
<title>The Boys</title>
<meta>
  <content>tvshow</content>
  <imdb>tt1190634</imdb>
  <tvdb>355567</tvdb>
  <tvshowtitle>The Boys</tvshowtitle>
  <year>2019</year>
</meta>
<link>https://magnetic.website/Mad%20Titan/the%20boys.xml</link>
<thumbnail>https://image.tmdb.org/t/p/w600_and_h900_bestv2/13Cn1ZSBpMBYm3ZUMbiWLffhvnp.jpg</thumbnail>
<fanart>https://image.tmdb.org/t/p/original/bI37vIHSH7o4IVkq37P8cfxQGMx.jpg</fanart>
</dir>

<dir>
<title>Cobra Kai</title>
<meta>
  <content>tvshow</content>
  <imdb>tt7221388</imdb>
  <tvdb>332858</tvdb>
  <tvshowtitle>Cobra Kai</tvshowtitle>
  <year>2018</year>
</meta>
<link>http://magnetic.website/Mad%20Titan/Cobra%20Kai%20tv%20show.xml</link>
<thumbnail>https://image.tmdb.org/t/p/w600_and_h900_bestv2/p4po17m9pA6JbzN2iEylcl7jACc.jpg</thumbnail>
<fanart>https://image.tmdb.org/t/p/original/x7QOl4QEVMOp6V4wsp3Kte3NLDY.jpg</fanart>
</dir>




<dir>
<title>Gotham</title>
<meta>
  <content>tvshow</content>
  <imdb>tt3749900</imdb>
  <tvdb>274431</tvdb>
  <tvshowtitle>gotham</tvshowtitle>
  <year>2014</year>
</meta>
<link>http://magnetic.website/Mad%20Titan/Gotham%20season%201-5.xml</link>
<thumbnail>https://orig00.deviantart.net/5694/f/2016/133/6/4/gotham_folder_icon_by_viro9-da2dpij.png</thumbnail>
<fanart>https://wallpaper-gallery.net/images/gotham-wallpapers/gotham-wallpapers-3.jpg</fanart>
</dir>

<dir>
<title>Wu-Tang: An American Saga</title>
<meta>
  <content>tvshow</content>
  <imdb>tt9113406</imdb>
  <tvdb>354080</tvdb>
  <tvshowtitle>Wu-Tang: An American Saga</tvshowtitle>
  <year>2019</year>
</meta>
<link>https://magnetic.website/Mad%20Titan/WU%20TANG%20AMERICAN%20SAGA%20TV%20SHOW.xml</link>
<thumbnail>https://image.tmdb.org/t/p/w600_and_h900_bestv2/kbZFfquhFg2EOUnKbZedWCs1kWO.jpg</thumbnail>
<fanart>https://image.tmdb.org/t/p/original/qVppwHpRtVk9kQ01qUDIM3LEYpf.jpg</fanart>
</dir>


<dir>
<title>Krypton</title>
<meta>
  <content>tvshow</content>
  <imdb>tt4276624</imdb>
  <tvdb>328599</tvdb>
  <tvshowtitle>krypton</tvshowtitle>
  <year>2018</year>
</meta>
<link>https://magnetic.website/Mad%20Titan/KRYPTON%20SEASONS.xml</link>
<thumbnail>https://image.tmdb.org/t/p/w600_and_h900_bestv2/kMMWb4zIZKBnO3lOpVBXCL1BeNI.jpg</thumbnail>
<fanart>https://image.tmdb.org/t/p/original/lpItdOGWnECp6CSzTnXldQ6uY2B.jpg</fanart>
</dir>




<dir>
<title>Doom Patrol</title>
<meta>
  <content>tvshow</content>
  <imdb>tt8416494</imdb>
  <tvdb>355622</tvdb>
  <tvshowtitle>Doom Patrol</tvshowtitle>
  <year>2019</year>
</meta>
<link>http://magnetic.website/Mad%20Titan/DOOM%20PATROL.xml</link>
<thumbnail>https://image.tmdb.org/t/p/w600_and_h900_bestv2/nVN7Dt0Xr78gnJepRsRLaLYklbY.jpg</thumbnail>
<fanart>https://image.tmdb.org/t/p/original/l35BUt404qlY7Lzke2aY8pYuYB2.jpg</fanart>
</dir>

<dir>
<title>Marvel's Luke Cage</title>
<meta>
  <content>tvshow</content>
  <imdb>tt3322314</imdb>
  <tvdb>304219</tvdb>
  <tvshowtitle>Marvel's Luke Cage</tvshowtitle>
  <year>2016</year>
</meta>
<link>http://magnetic.website/Mad%20Titan/Luke%20Cage%20tv%20show.xml</link>
<thumbnail>https://image.tmdb.org/t/p/w600_and_h900_bestv2/9nWZZ1ghE0LuXEWJi7QjCymHygi.jpg</thumbnail>
<fanart>https://image.tmdb.org/t/p/original/yetJ3E392yKQaG5FkHsEN7xwUrM.jpg</fanart>
</dir>

<dir>
<title>Marvel's The Punisher</title>
<meta>
  <content>tvshow</content>
  <imdb>tt5675620</imdb>
  <tvdb>331980</tvdb>
  <tvshowtitle>Marvel's The Punisher</tvshowtitle>
  <year>2017</year>
</meta>
<link></link>
<thumbnail>https://image.tmdb.org/t/p/w600_and_h900_bestv2/s2YM9zHF3tf2coi8t0UEzYrOHg8.jpg</thumbnail>
<fanart>https://image.tmdb.org/t/p/original/2yfmJudf695JBUJRW7QJjVN1rg5.jpg</fanart>
</dir>




<dir>
<title>Euphoria</title>
<meta>
  <content>tvshow</content>
  <imdb>tt8772296</imdb>
  <tvdb>264511</tvdb>
  <tvshowtitle>Euphoria</tvshowtitle>
  <year>2019</year>
</meta>
<link>https://magnetic.website/Mad%20Titan/Euphoria%20SEASONS.xml</link>
<thumbnail>https://image.tmdb.org/t/p/w600_and_h900_bestv2/5mi3aRl16yKmfpQJMzvqN5TXkdA.jpg</thumbnail>
<fanart>https://image.tmdb.org/t/p/w500_and_h282_face/vL60o7UmYFK2Eui6gghvHtV42gG.jpg</fanart>
</dir>

<dir>
<title>Longmire</title>
<meta>
  <content>tvshow</content>
  <imdb>tt1836037</imdb>
  <tvdb>253491</tvdb>
  <tvshowtitle>Longmire</tvshowtitle>
  <year>2012</year>
</meta>
<link>https://magnetic.website/Mad%20Titan/LONGMIRE%20SEASONS.xml</link>
<thumbnail>https://image.tmdb.org/t/p/w600_and_h900_bestv2/dTxukwkJoBSvj1iJZLA1FJKFXqi.jpg</thumbnail>
<fanart>https://image.tmdb.org/t/p/original/uzaZ0gQS4EL6VmggQdUAu2RaFPR.jpg</fanart>
</dir>

<dir>
<title>Marvel's Daredevil</title>
<meta>
  <content>tvshow</content>
  <imdb>tt3322312</imdb>
  <tvdb>281662</tvdb>
  <tvshowtitle>Marvel's Daredevil</tvshowtitle>
  <year>2015</year>
</meta>
<link>http://magnetic.website/Mad%20Titan/DARE%20DEVIL%20TV%20SHOW.xml</link>
<thumbnail>https://image.tmdb.org/t/p/w600_and_h900_bestv2/nONyGSud06YG5b9SBRjKSgKsVVh.jpg</thumbnail>
<fanart>https://image.tmdb.org/t/p/original/d9XCFoSYbnz4et3TRoxlI1e7ozh.jpg</fanart>
</dir>

<dir>
<title>The Purge</title>
<meta>
  <content>tvshow</content>
  <imdb>tt6110648</imdb>
  <tvdb>349661</tvdb>
  <tvshowtitle>The Purge</tvshowtitle>
  <year>2018</year>
</meta>
<link>https://magnetic.website/Mad%20Titan/THE%20PURGE%20TV%20SHOW.xml</link>
<thumbnail>https://image.tmdb.org/t/p/w600_and_h900_bestv2/wVpsXgmsFAjrDPG6BeE2SU647WA.jpg</thumbnail>
<fanart>https://image.tmdb.org/t/p/original/r4GFm0GYhjnbrqEPk49bNm5KmSm.jpg</fanart>
</dir>

<dir>
<title>The Sinner </title>
<meta>
  <content>tvshow</content>
  <imdb>tt6048596</imdb>
  <tvdb>326866</tvdb>
  <tvshowtitle>The Sinner </tvshowtitle>
  <year>2017</year>
</meta>
<link>https://magnetic.website/Mad%20Titan/THE%20SINNER%20TV%20SHOW.xml</link>
<thumbnail>https://image.tmdb.org/t/p/w600_and_h900_bestv2/jztXbtqhxuvPLLn6gYLEEeAz1zP.jpg</thumbnail>
<fanart>https://image.tmdb.org/t/p/w500_and_h282_face/92nYSZbnuZwCRgdhiGtoEqiZsNo.jpg</fanart>
</dir>

<dir>
<title>The I-Land</title>
<meta>
  <content>tvshow</content>
  <imdb>tt9067020</imdb>
  <tvdb>368387</tvdb>
  <tvshowtitle>The I-Land</tvshowtitle>
  <year>2019</year>
</meta>
<link>https://magnetic.website/Mad%20Titan/THE%20I-LAND%20TV%20SHOW.xml</link>
<thumbnail>https://image.tmdb.org/t/p/w600_and_h900_bestv2/xCoR9slhjfCGISC9aVEloZUPKTZ.jpg</thumbnail>
<fanart>https://image.tmdb.org/t/p/original/jHF1ys6WjpKpgj3JPTCP65pN96v.jpg</fanart>
</dir>


<dir>
<title>A LEAGUE OF THEIR OWN- HOSTED BY JAMES CORDEN</title>
<link>http://magnetic.website/Mad%20Titan/A%20LEAGUE%20.xml</link>
<thumbnail>https://image.tmdb.org/t/p/w600_and_h900_bestv2/vtKSqHciYh7GEab6ekEsrqwggWI.jpg</thumbnail>
<fanart></fanart>
</dir>




