<item>
	<title>How the Grinch Stole Christmas (2000)</title>
<meta>
<content></content>
<imdb>tt0170016</imdb>
<title> How the Grinch stole Christmas</title>
<year>2000</year>
</meta>
<link>
<sublink>https://uptostream.com/v64542a7vnja</sublink>
<sublink>search</sublink>
<sublink>searchsd</sublink>
</link>
<thumbnail>https://image.tmdb.org/t/p/w1280/vQfgNHbcIWS2j3AAAzLOtPUGVmB.jpg</thumbnail>
<fanart>https://image.tmdb.org/t/p/original/mw3iTIyfePkjaWoTKIIaB50yKdR.jpg</fanart>
</item>
<item>
	<title>Gladiator (2000)</title>
<meta>
<content>movie</content>
<imdb>tt0172495</imdb>
<title>Gladiator</title>
<year>2000</year>
</meta>
<link>
<sublink>https://uptostream.com/0627mbuyzkrq(720p)</sublink>
<sublink>https://uptostream.com/x23ogi4sreai(1080p)</sublink>
<sublink>search</sublink>
<sublink>searchsd</sublink>
</link>
<thumbnail>https://image.tmdb.org/t/p/w1280/6WBIzCgmDCYrqh64yDREGeDk9d3.jpg</thumbnail>
<fanart>https://image.tmdb.org/t/p/w700_and_h392_bestv2/v2nvvwbWOAEPQeq8wsvUkhb1HI1.jpg</fanart>
</item>
<item>
	<title>[COLOR=white]Romeo Must Die[/COLOR]</title>
  <meta>
  <imdb>tt0165929</imdb>
  <content>movie</content>
  <title>Romeo Must Die</title>
  <year>2000</year>
  </meta>
  <link>
  <sublink>https://uptobox.com/40ms7bcczbk1(720p)</sublink>
  <sublink>search</sublink>
  <sublink>searchsd</sublink>
  </link>
  <thumbnail>https://image.tmdb.org/t/p/w1280/pZuGxXuAFMIKilwMaDAHucCEaNt.jpg</thumbnail>
  <fanart>https://image.tmdb.org/t/p/w1280/51N8GQvpWKOxmq53UdkNRpBtXvg.jpg</fanart>
</item>
<item>
	<title>[COLOR=white]Me, Myself & Irene[/COLOR]</title>
	<meta>
	<imdb>tt0183505</imdb>
	<content>movie</content>
	<title>Me, Myself & Irene</title>
	<year>2000</year>
	</meta>
	<link>
	<sublink>https://uptobox.com/99www6r1dkgx(720p)</sublink>
	<sublink>search</sublink>
	<sublink>searchsd</sublink>
	</link>
	<thumbnail>https://image.tmdb.org/t/p/w1280/y7OG1Y2UvnaEoQEQIonnykJvdwt.jpg</thumbnail>
	<fanart>https://image.tmdb.org/t/p/w1280/vKEMIoqP2HqYG9jKqFgjnaPssKK.jpg</fanart>
</item>
<item>
	<title>Love & Basketball (2000)</title>
<meta>
<content>movie</content>
<imdb>tt0199725</imdb>
<title>Love & Basketball</title>
<year>2000</year>
</meta>
<link>
<sublink>https://uptostream.com/rj6c0grm9hgv</sublink>
<sublink></sublink>
<sublink>search</sublink>
<sublink>searchsd</sublink>
</link>
<thumbnail>https://image.tmdb.org/t/p/w600_and_h900_bestv2/zNZWNX19FZ5QyedprVM0ldsXFiP.jpg</thumbnail>
<fanart>https://image.tmdb.org/t/p/original/cL0GxrBnjgWV381C1NLroeNUcTn.jpg</fanart>
</item>
<item>
	<title>[COLOR=white]Gone in Sixty Seconds[/COLOR]</title>
	<meta>
	<imdb>tt0187078</imdb>
	<content>movie</content>
	<title>Gone in Sixty Seconds</title>
	<year>2000</year>
	</meta>
	<link>
	<sublink>https://uptobox.com/kvy179c6xat0(720p)</sublink>
	<sublink>https://uptobox.com/kpgs7qzpmd1j(1080p)</sublink>
	<sublink>search</sublink>
	<sublink>searchsd</sublink>
	</link>
	<thumbnail>https://image.tmdb.org/t/p/w1280/77TxKvRiX0c5JR6l4fxcN19prOy.jpg</thumbnail>
	<fanart>https://image.tmdb.org/t/p/w1280/5rNc6LQm7a0TBRDRu5gqIwoSKi0.jpg</fanart>
</item>
<item>
	<title>[COLOR=white]The Replacements[/COLOR]</title>
	<meta>
	<imdb>tt0191397</imdb>
	<content>movie</content>
	<title>The Replacements</title>
	<year>2000</year>
	</meta>
	<link>https://uptobox.com/wk3hoet2pvb0(1080p)</link>
	<thumbnail>https://image.tmdb.org/t/p/w1280/cHI4RgNND66gAcV63V5SoS76tVQ.jpg</thumbnail>
	<fanart>https://image.tmdb.org/t/p/w1280/yA4OiCFItCMCmFOXVFT4Xy1HsqI.jpg</fanart>
</item>
<item>
	<title>The Legend of Bagger Vance (2000)</title>
<meta>
<imdb>tt0146984</imdb>
<content>movie</content>
<year>2000</year>
</meta>
<link>
<sublink>http://dl8.f2m.io/film/The.Legend.Of.Bagger.Vance.2000.1080p.BluRay.Film2Movie_US.mkv</sublink>
<sublink>http://dl8.f2m.io/film/The.Legend.Of.Bagger.Vance.2000.720p.BluRay.Film2Movie_US.mkv</sublink>
<sublink>http://dl8.f2m.io/film/The.Legend.Of.Bagger.Vance.2000.480p.BluRay.Film2Movie_US.mkv</sublink>
</link>
<thumbnail>https://m.media-amazon.com/images/M/MV5BMWYzOGE4NGItYTAyNy00NDBkLTljYjMtYzE4MjFmYTY4NGVlXkEyXkFqcGdeQXVyMTQxNzMzNDI@._V1_SY1000_CR0,0,673,1000_AL_.jpg</thumbnail>
<fanart>https://m.media-amazon.com/images/M/MV5BMTA4Mzk3NjkzOTReQTJeQWpwZ15BbWU3MDEwMTk0MjQ@._V1_SY1000_CR0,0,1514,1000_AL_.jpg</fanart>
</item>
