<item>
	<title>Spider-Man 3 (2007)</title>
<meta>
<content>movie</content>
<imdb>tt0413300</imdb>
<title>Spider-Man 3</title>
<year>2007</year>
</meta>
<link>
<sublink>https://uptobox.com/k6akgvjpd1d5</sublink>
<sublink>https://streamango.com/embed/atbbmplfbraqqebo/</sublink>
<sublink>search</sublink>
<sublink>searchsd</sublink>
</link>
<thumbnail>https://image.tmdb.org/t/p/w600_and_h900_bestv2/btocnvK4l8a4BGS887ed3lsTFog.jpg</thumbnail>
<fanart>https://image.tmdb.org/t/p/original/nVSkePSFsZNcMJsp8IOQVmHhyG1.jpg</fanart>
</item>
<item>
	<title>Ghost Rider</title>
<meta>
<content>movie</content>
<imdb>tt0259324</imdb>
<title>Ghost Rider</title>
<year>2007</year>
</meta>
<link>
<sublink>https://uptostream.com/grpaho0ezixs(720p)</sublink>
<sublink>https://uptostream.com/f41zmnyxkl8o(1080p)</sublink>
<sublink>search</sublink>
<sublink>searchsd</sublink>
</link>
<thumbnail>https://image.tmdb.org/t/p/w1280/jnllnSq8u4d1oQPU7PsoAHD6bLU.jpg</thumbnail>
<fanart>https://image.tmdb.org/t/p/w1000_and_h563_face/tLl8g84roH3RKrInZopt08IMjMv.jpg</fanart>
</item>
<item>
	<title>Transformers (2007)</title>
<meta>
<content></content>
<imdb>tt0418279</imdb>
<title>Transformers</title>
<year>2007</year>
</meta>
<link>
<sublink>https://uptostream.com/vtobt6ixnm3d(720p)</sublink>
<sublink>https://uptostream.com/ti99xza9f52e(1080p)</sublink>
<sublink>search</sublink>
<sublink>searchsd</sublink>
</link>
<thumbnail>https://image.tmdb.org/t/p/w1280/xiY2rcq82OJwkwodKIHo3ZQ4KUv.jpg</thumbnail>
<fanart>https://image.tmdb.org/t/p/original/lMFwvWUNCCg1hrzzda08YwcLo5i.jpg</fanart>
</item>
<item>
	<title>Ratatouille (2007)</title>
<meta>
<content>movie</content>
<imdb>tt0382932</imdb>
<title>Ratatouille</title>
<year>2007</year>
</meta>
<link>
<sublink>https://uptostream.com/efybp8rw4nq6</sublink>
<sublink>search</sublink>
<sublink>searchsd</sublink>
</link>
<thumbnail>https://image.tmdb.org/t/p/w1280/xVxxSYHAfrEbllyWFQG5df5nwH4.jpg</thumbnail>
<fanart>https://image.tmdb.org/t/p/original/sFpGI08aeHIRKlLi9SxLyYrRyZ8.jpg</fanart>
</item>
<item>
	<title>Shrek the Third (2007)</title>
<meta>
<content>movie</content>
<imdb>tt0413267</imdb>
<title>Shrek the Third</title>
<year>2007</year>
</meta>
<link>
<sublink>https://uptobox.com/zbgfhkqpayxn</sublink>
<sublink>search</sublink>
<sublink>searchsd</sublink>
</link>
<thumbnail>https://image.tmdb.org/t/p/w600_and_h900_bestv2/lA17Mlz8hXVZsW5Y3WuUa8KPilQ.jpg</thumbnail>
<fanart>https://image.tmdb.org/t/p/original/kINmEerbNiQ3KxorIdICG5VDFlA.jpg</fanart>
</item>
<item>
	<title>[COLOR=white]Bee Movie[/COLOR]</title>
	<meta>
	<imdb>tt0389790</imdb>
	<content>movie</content>
	<title>Bee Movie</title>
	<year>2007</year>
	</meta>
	<link>
	<sublink>https://uptobox.com/p7k4u7xbtpyu</sublink>
	<sublink>search</sublink>
	<sublink>searchsd</sublink>
	</link>
	<thumbnail>https://image.tmdb.org/t/p/w1280/QhbOzpYfBOwrRiuTu9otPk919R.jpg</thumbnail>
	<fanart>https://image.tmdb.org/t/p/w1280/2lBpQZevIJdL4vPrZ7Nnm7mrVlm.jpg</fanart>
</item>
<item>
	<title>[COLOR=white]A Dennis the Menace Christmas[/COLOR]</title>
	<meta>
	<imdb>tt0918511</imdb>
	<content>movie</content>
	<title>A Dennis the Menace Christmas</title>
	<year>2007</year>
	</meta>
	<link>
	<sublink>https://uptobox.com/h0s5tkixoy0x</sublink>
	<sublink>search</sublink>
	<sublink>searchsd</sublink>
	</link>
	<thumbnail>https://image.tmdb.org/t/p/w1280/hZIijh3ysJ1WynnWyMoDF2IiG89.jpg</thumbnail>
	<fanart>https://image.tmdb.org/t/p/w1280/3eK5mOoTcok5cOwV1F3MI38aIt0.jpg</fanart>
</item>
<item>
	<title>Shooter (2007)</title>
<meta>
<content>movie</content>
<imdb>tt0822854</imdb>
<title>Shooter</title>
<year>2007</year>
</meta>
<link>
<sublink>https://uptostream.com/n58el4wdocm1(720p)</sublink>
<sublink>https://uptostream.com/4x8ov40tumjo(1080p)</sublink>
<sublink>search</sublink>
<sublink>searchsd</sublink>
</link>
<thumbnail>https://image.tmdb.org/t/p/w1280/wCZv0lNx58sfuLT698RYYJVEeTr.jpg</thumbnail>
<fanart>https://image.tmdb.org/t/p/w700_and_h392_bestv2/wZ2u6C7Fw0DahC3Ilr3judpDWYO.jpg</fanart>
</item>
<item>
	<title>I Am Legend (2007)</title>
<meta>
<content>movie</content>
<imdb>tt0480249</imdb>
<title>I Am Legend</title>
<year>2007</year>
</meta>
<link>
<sublink>https://uptobox.com/izvbqrj41351</sublink>
<sublink>search</sublink>
<sublink>searchsd</sublink>
</link>
<thumbnail>https://image.tmdb.org/t/p/w600_and_h900_bestv2/6OA0I8hhW9zftWoCYxJAzXW9UIN.jpg</thumbnail>
<fanart>https://image.tmdb.org/t/p/original/oEZgNHvDnMw16kLGJ3pgHqn9mEO.jpg</fanart>
</item>
<item>
	<title>[COLOR=white]1408[/COLOR]</title>
	<meta>
	<imdb>tt0450385</imdb>
	<content>movie</content>
	<title>1408</title>
	<year>2007</year>
	</meta>
	<link>
	<sublink>https://uptostream.com/unyludaeltxz(720p)</sublink>
	<sublink>search</sublink>
	<sublink>searchsd</sublink>
	</link>
	<thumbnail>https://image.tmdb.org/t/p/w1280/4onX7UF2MPUgIpkUerLC3dpVfNZ.jpg</thumbnail>
	<fanart>https://image.tmdb.org/t/p/w1280/uaDyzxiCCSEr5Re3d4rGavJV5M4.jpg</fanart>
</item>
<item>
	<title>The Kingdom (2007)</title>
<meta>
<content>movie</content>
<imdb>tt0431197</imdb>
<title>The Kingdom</title>
<year>2007</year>
</meta>
<link>
<sublink>https://uptostream.com/ut9usagtt4hf</sublink>
<sublink>search</sublink>
<sublink>searchsd</sublink>
</link>
<thumbnail>https://image.tmdb.org/t/p/w1280/83eJJlHscLsi9DHsqsyk1hIXL83.jpg</thumbnail>
<fanart>https://image.tmdb.org/t/p/w700_and_h392_bestv2/2fS84Vkoj7VA27UR531q39IRKtA.jpg</fanart>
</item>
<item>
	<title>Disturbia (2007)</title>
<meta>
<content>movie</content>
<imdb>tt0486822</imdb>
<title>Disturbia</title>
<year>2007</year>
</meta>
<link>
<sublink>https://uptostream.com/q7mwwjul3ubj</sublink>
<sublink>search</sublink>
<sublink>searchsd</sublink>
</link>
<thumbnail>https://image.tmdb.org/t/p/w1280/eyQ7vWEm2SClbAlNLTOhQhkSkFF.jpg</thumbnail>
<fanart>https://image.tmdb.org/t/p/w700_and_h392_bestv2/5KTQu6ObiYMTia1MwFTZsD8MjDn.jpg</fanart>
</item>
<item>
	<title>American Gangster</title>
<meta>
<content>movie</content>
<imdb>tt0765429</imdb>
<title>American Gangster</title>
<year>2007</year>
</meta>
<link>
<sublink>https://uptostream.com/k9jvrbe91rdk(1080p)</sublink>
<sublink>search</sublink>
<sublink>searchsd</sublink>
</link>
<thumbnail>https://image.tmdb.org/t/p/w1280/uDSP5H5akJ85xMGSHRtaqHGBRLD.jpg</thumbnail>
<fanart>https://image.tmdb.org/t/p/w1000_and_h563_face/uSWzHRan14Kxe7AgbA43CSN1fXw.jpg</fanart>
</item>
<item>
	<title>[COLOR=white]Mr. Brooks[/COLOR]</title>
  <meta>
  <imdb>tt0780571</imdb>
  <content>movie</content>
  <title>Mr. Brooks</title>
  <year>2007</year>
  </meta>
  <link>
  <sublink>https://uptostream.com/qolqcrxcq8c9(720p)</sublink>
  <sublink>search</sublink>
  <sublink>searchsd</sublink>
  </link>
  <thumbnail>https://image.tmdb.org/t/p/w1280/atLwYVquG4YrGEk06tx9tJuTcN5.jpg</thumbnail>
  <fanart>https://image.tmdb.org/t/p/w1280/yJjvkbIZesG6ViXDsOLOufmTEIX.jpg</fanart>
</item>
<item>
	<title>Next-2007</title>
<meta>
<content>movie</content>
<imdb>tt0435705</imdb>
<title>Next</title>
<year>2007</year>
</meta>
<link>
<sublink>https://uptostream.com/uriiexiugcrj(720p)</sublink>
<sublink>search</sublink>
<sublink>searchsd</sublink>
</link>
<thumbnail>https://image.tmdb.org/t/p/w1280/lYqsINoop9spG1FV4SjxXvcYfss.jpg</thumbnail>
<fanart>https://image.tmdb.org/t/p/w1000_and_h563_face/2DidRUT6MBVr3OH8w7YjC65yNW8.jpg</fanart>
</item>
<item>
	<title>[COLOR=white]P.S. I Love You[/COLOR]</title>
	<meta>
	<imdb>tt0431308</imdb>
	<content>movie</content>
	<title>P.S. I Love You</title>
	<year>2007</year>
	</meta>
	<link>
	<sublink>https://uptobox.com/wrbokyv9bd97(720p)</sublink>
	<sublink></sublink>
	<sublink>search</sublink>
	<sublink>searchsd</sublink>
	</link>
	<thumbnail>https://image.tmdb.org/t/p/w1280/esfuYEvv7WrLvXNkCg7MCufEEdH.jpg</thumbnail>
	<fanart>https://image.tmdb.org/t/p/w1280/75ybu5PY5ujvghe1hbn5x1DdESl.jpg</fanart>
</item>

<item>
	<title>The Bourne Ultimatum (2007)</title>
<meta>
<content>movie</content>
<imdb>tt0440963</imdb>
<title>The Bourne Ultimatum</title>
<year>2007</year>
</meta>
<link>
<sublink>https://uptostream.com/ohmdobbc24gu(720p)</sublink>
<sublink>https://uptostream.com/4kjx3ibvl6up(1080p)</sublink>
<sublink>search</sublink>
<sublink>searchsd</sublink>
</link>
<thumbnail>https://image.tmdb.org/t/p/w1280/fHho6JYYY0nRcETWSoeI19iZsNF.jpg</thumbnail>
<fanart>https://image.tmdb.org/t/p/original/esQHyERxqe6zNGbrYqqSkmpa5wp.jpg</fanart>
</item>


<item>
	<title>[COLOR=white]Code Name: The Cleaner[/COLOR]</title>
  <meta>
  <imdb>tt0462229</imdb>
  <content>movie</content>
  <title>Code Name: The Cleaner</title>
  <year>2007</year>
  </meta>
  <link>
  <sublink> https://uptobox.com/d1sqpqfuckiz(1080p)</sublink>
  <sublink>search</sublink>
  <sublink>searchsd</sublink>
  </link>
  <thumbnail>https://image.tmdb.org/t/p/w1280/g7ZPKV2HeqZQRjKLKTKIC13o1KW.jpg</thumbnail>
  <fanart>https://image.tmdb.org/t/p/w1280/cMMjICzBe5qTx1igspFYdX8B3o2.jpg</fanart>
</item>
<item>
	<title>[COLOR=white]Knocked Up[/COLOR]</title>
	<meta>
	<imdb>tt0478311</imdb>
	<content>movie</content>
	<title>Knocked Up</title>
	<year>2007</year>
	</meta>
	<link>
	<sublink>https://uptobox.com/dagofsx00b5s(720P)</sublink>
	<sublink>search</sublink>
	<sublink>searchsd</sublink>
	</link>
	<thumbnail>https://image.tmdb.org/t/p/w1280/b4OaXw2MW97VvIiZE0Sbn1NfxSh.jpg</thumbnail>
	<fanart>https://image.tmdb.org/t/p/w1280/cmEojt7Ykuk6p2argyu0hEDoo0d.jpg</fanart>
</item>
<item>
	<title>Are We Done Yet (2007)</title>
<meta>
<content>movie</content>
<imdb>tt0422774</imdb>
<title>Are We Done Yet</title>
<year>2007</year>
</meta>
<link>
<subink>https://uptostream.com/dedg26amt1ge</sublink>
<sublink>search</sublink>
<sublink>searchsd</sublink>
</link>
<thumbnail>https://image.tmdb.org/t/p/w1280/uZ9NZh4zB80phMxo5PucFyWagjG.jpg</thumbnail>
<fanart>https://image.tmdb.org/t/p/w700_and_h392_bestv2/9NITB3qM7UbpxSncv7c37Y8ShjQ.jpg</fanart>
</item>
<item>
	<title>[COLOR=white]Rush Hour 3[/COLOR]</title>
	<meta>
	<imdb>tt0293564</imdb>
	<content>movie</content>
	<title>Rush Hour 3</title>
	<year>2007</year>
	</meta>
	<link>
	<sublink>https://uptostream.com/w0bg9ncfkp6n(720p)</sublink>
	<sublink>search</sublink>
	<sublink>searchsd</sublink>
	</link>
	<thumbnail>https://image.tmdb.org/t/p/w1280/qgaDWYLrnEPJpc5Lp35WbgX7GfS.jpg</thumbnail>
	<fanart>https://image.tmdb.org/t/p/w1280/awz4HjFA02ldEhVcJY27Ek2sfuT.jpg</fanart>
</item>
<item>
	<title>Blades of Glory (2007)</title>
<meta>
<content>movie</content>
<imdb>tt0445934</imdb>
<title>Blades of Glory</title>
<year>2007</year>
</meta>
<link>
<sublink>https://uptostream.com/3qapbtigwh7p</sublink>
<sublink></sublink>
<sublink>search</sublink>
<sublink>searchsd</sublink>
</link>
<thumbnail>https://image.tmdb.org/t/p/w1280/7vbtLFfN00BaczHjOaPWui4aqg1.jpg</thumbnail>
<fanart>https://image.tmdb.org/t/p/original/kWt9mP8CcUWr18DvQiXxdX5Yd7W.jpg</fanart>
</item>
