<item>
	<title>Captain America: The First Avenger (2011)</title>
<meta>
<content>movie</content>
<imdb>tt0458339</imdb>
<title>Captain America: The First Avenger</title>
<year>2011</year>
</meta>
<link>
<sublink>https://uptobox.com/m4xx5rab9vff</sublink>
<sublink>https://uptostream.com/9g6pawpmk4w0(720p)</sublink>
<sublink>https://uptostream.com/u8t0o260we0t(1080p)</sublink>
<sublink>search</sublink>
<sublink>searchsd</sublink>
</link>
<thumbnail>https://image.tmdb.org/t/p/w600_and_h900_bestv2/vSNxAJTlD0r02V9sPYpOjqDZXUK.jpg</thumbnail>
<fanart>https://image.tmdb.org/t/p/original/o6hz1cbQutaZWmT37yepK9RgLCu.jpg</fanart>
</item>
<item>
	<title>Thor (2011)</title>
<meta>
<content></content>
<imdb>tt0800369</imdb>
<title>Thor</title>
<year>2011</year>
</meta>
<link>
<sublink>https://uptostream.com/06o11vo6npek(720p)</sublink>
<sublink>https://uptostream.com/zd0mappprg4s(1080p)</sublink>
<sublink>search</sublink>
<sublink>searchsd</sublink>
</link>
<thumbnail>https://image.tmdb.org/t/p/w1280/cSBvRyle5z5lbWbbiQQwla0j5Fs.jpg</thumbnail>
<fanart>https://image.tmdb.org/t/p/original/orjBjIpkJAx9Ki88L6PzqUEbYRZ.jpg</fanart>
</item>
<item>
	<title>Ghost Rider: Spirit of Vengeance</title>
<meta>
<content>movie</content>
<imdb>tt1071875</imdb>
<title>Ghost Rider: Spirit of Vengeance</title>
<year>2011</year>
</meta>
<link>
<sublink>https://uptostream.com/ewcjgt97ox5x(720p)</sublink>
<sublink>search</sublink>
<sublink>searchsd</sublink>
</link>
<thumbnail>https://image.tmdb.org/t/p/w1280/tqwWzmp5ISh64SJbNKQ9fyItnDj.jpg</thumbnail>
<fanart>https://image.tmdb.org/t/p/w1000_and_h563_face/jUZyIJEaRihDVQy3SvYRGajAYU8.jpg</fanart>
</item>
<item>
	<title>Transformers: Dark of the Moon (2011)</title>
<meta>
<content></content>
<imdb>tt1399103</imdb>
<title>Transformers: Dark of the Moon</title>
<year>2011</year>
</meta>
<link>
<sublink>https://uptostream.com/ax1n1tyqg7y3(720p)</sublink>
<sublink>https://uptostream.com/zyzvzf0g70qr(1080p)</sublink>
<sublink>search</sublink>
<sublink>searchsd</sublink>
</link>
<thumbnail>https://image.tmdb.org/t/p/w1280/sZY3ls18QTY0pFBJn2vl2MmauTQ.jpg</thumbnail>
<fanart>https://image.tmdb.org/t/p/original/boYkv1lYbA7zoVfzo2CCOVQee6n.jpg</fanart>
</item>
<item>
	<title>[COLOR=white]Green Lantern[/COLOR]</title>
	<meta>
	<imdb>tt1133985</imdb>
	<content>movie</content>
	<title>Green Lantern</title>
	<year>2011</year>
	</meta>
	<link>
	<sublink>https://uptobox.com/1sz1gawzsypw(720p)</sublink>
	<sublink>search</sublink>
	<sublink>searchsd</sublink>
	</link>
	<thumbnail>https://image.tmdb.org/t/p/w1280/zUSEYp9G7Hk9GZIfbPoOiSHvwHV.jpg</thumbnail>
	<fanart>https://image.tmdb.org/t/p/w1280/gulyiqtyuzFRJCnvNwD6Z786kQi.jpg</fanart>
</item>
<item>
	<title>[COLOR=white]Green Lantern: Emerald Knights[/COLOR]</title>
	<meta>
	<imdb>tt1683043</imdb>
	<content>movie</content>
	<title>Green Lantern: Emerald Knights</title>
	<year>2011</year>
	</meta>
	<link>
	<sublink>https://uptobox.com/1i6biid7dki5(720p)</sublink>
	<sublink>search</sublink>
	<sublink>searchsd</sublink>
	</link>
	<thumbnail>https://image.tmdb.org/t/p/w1280/ijFQVrfLMMMKQ4pUkNuRcrXKqMT.jpg</thumbnail>
	<fanart>https://image.tmdb.org/t/p/w1280/2Nfwmw7tmz2LGgh0PtmlllQrbaa.jpg</fanart>
</item>
<item>
	<title>Rio (2011)</title>
<meta>
<content>movie</content>
<imdb>tt1436562</imdb>
<title>Rio</title>
<year>2011</year>
</meta>
<link>
<sublink>https://uptobox.com/hcnhf0qxin7z</sublink>
<sublink>search</sublink>
<sublink>searchsd</sublink>
</link>
<thumbnail>https://image.tmdb.org/t/p/w600_and_h900_bestv2/isQ9BSjdF8IrSm2g4WPHSJYN5s9.jpg</thumbnail>
<fanart>https://image.tmdb.org/t/p/original/odbEuhGUgSkeWWD1sPoylXTZMUa.jpg</fanart>
</item>
<item>
	<title>Hugo (2011)</title>
<meta>
<content></content>
<imdb>tt0970179</imdb>
<title>Hugo</title>
<year>2011</year>
</meta>
<link>
<sublink>https://uptostream.com/qougoniighl5</sublink>
<sublink>search</sublink>
<sublink>searchsd</sublink>
</link>
<thumbnail>https://image.tmdb.org/t/p/w600_and_h900_bestv2/rSmmVKeW3nsP86V2S6R7ePs4CFw.jpg</thumbnail>
<fanart>https://image.tmdb.org/t/p/original/gMfDUtaVOG3J9qAf9DmB2cft3Hs.jpg</fanart>
</item>
<item>
	<title>Cars 2 (2011)</title>
<meta>
<content>movie</content>
<imdb>tt1216475</imdb>
<title>Cars 2</title>
<year>2011</year>
</meta>
<link>
<sublink>https://uptobox.com/xpuyf825d0y6</sublink>
<sublink>search</sublink>
<sublink>searchsd</sublink>
</link>
<thumbnail>https://image.tmdb.org/t/p/w600_and_h900_bestv2/AblhtULOVtrkSnFxRPQ8gBemxw9.jpg</thumbnail>
<fanart>https://image.tmdb.org/t/p/original/fKuCCHcqvkWIvoGYVwSounBJdRr.jpg</fanart>
</item>
<item>
	<title>[COLOR=white]The Smurfs[/COLOR]</title>
	<meta>
	<imdb>tt0472181</imdb>
	<content>movie</content>
	<title>The Smurfs</title>
	<year>2011</year>
	</meta>
	<link>
	<sublink>https://uptobox.com/coclpair2ftx(1080p)</sublink>
	<sublink>search</sublink>
	<sublink>searchsd</sublink>
	</link>
	<thumbnail>https://image.tmdb.org/t/p/w1280/ntP7anZWyi7TxFARKp78bHTLEVr.jpg</thumbnail>
	<fanart>https://image.tmdb.org/t/p/w1280/wDWtimW82b1Fo2DwkxAt3aCi8KT.jpg</fanart>
</item>
<item>
	<title>[COLOR=white]Alvin and the Chipmunks Chipwrecked[/COLOR]</title>
	<meta>
	<imdb>tt1615918</imdb>
	<content>movie</content>
	<title>Alvin and the Chipmunks Chipwrecked</title>
	<year>2011</year>
	</meta>
	<link>
	<sublink>https://uptobox.com/m1ixnag16rau(720p)</sublink>
	<sublink>search</sublink>
	<sublink>searchsd</sublink>
	</link>
	<thumbnail>https://image.tmdb.org/t/p/w1280/s1nHXSJTq45RUHn7RmW6fO7kHu9.jpg</thumbnail>
	<fanart>https://image.tmdb.org/t/p/w1280/oYbnINkS2ZMEjaAFKse2nOa4Uvg.jpg</fanart>
</item>
<item>
	<title>Fast Five (2011)</title>
<meta>
<content>movie</content>
<imdb>tt1596343</imdb>
<title></title>
<year>2011</year>
</meta>
<link>
<sublink>https://uptostream.com/08bt916bt5qr(720p)</sublink>
<sublink>https://uptostream.com/5t5d7zswwpwz(1080p)</sublink>
<sublink>search</sublink>
<sublink>searchsd</sublink>
</link>
<thumbnail>https://image.tmdb.org/t/p/w600_and_h900_bestv2/cA81CI8odKv5KHRUUzJbj83yN7c.jpg</thumbnail>
<fanart>https://image.tmdb.org/t/p/original/6atajNxO8wmAZhYauPzPwNqXgyY.jpg</fanart>
</item>
<item>
	<title>Final Destination 5-2011</title>
<meta>
<content>movie</content>
<imdb>tt1622979</imdb>
<title>Final Destination 5</title>
<year>2011</year>
</meta>
<link>
<sublink>https://uptostream.com/0m3h565ceyh5(720p)</sublink>
<sublink>search</sublink>
<sublink>searchsd</sublink>
</link>
<thumbnail>https://image.tmdb.org/t/p/w1280/m4xhyjrybUGGY2p6bjrF4AO5Osl.jpg</thumbnail>
<fanart>https://image.tmdb.org/t/p/w1000_and_h563_face/n2lqHxvjzgA6BqNXnVW9wOimXRX.jpg</fanart>
</item>
<item>
	<title>[COLOR=white]The Roommate[/COLOR]</title>
	<meta>
	<imdb>tt1265990</imdb>
	<content>movie</content>
	<title>The Roommate</title>
	<year>2011</year>
	</meta>
	<link>
	<sublink>https://uptostream.com/uvezmknle62q(720p)</sublink>
	<sublink>search</sublink>
	<sublink>searchsd</sublink>
	</link>
	<thumbnail>https://image.tmdb.org/t/p/w1280/yvKZBncLbuNd3HX7dcqcepq83qy.jpg</thumbnail>
	<fanart>https://image.tmdb.org/t/p/w1280/7jkhsizAjyEsQ2fynDINDrdHo3p.jpg</fanart>
</item>
<item>
	<title>[COLOR=white]Intruders[/COLOR]</title>
	<meta>
	<imdb>tt1634121</imdb>
	<content>movie</content>
	<title>Intruders</title>
	<year>2011</year>
	</meta>
	<link>
	<sublink>https://uptostream.com/w8vjzp1vctbb(720p)</sublink>
	<sublink>search</sublink>
	<sublink>searchsd</sublink>
	</link>
	<thumbnail>https://image.tmdb.org/t/p/w1280/doK1kQ6ZqGpNnghH0YFPu3Gihqu.jpg</thumbnail>
	<fanart>https://image.tmdb.org/t/p/w1280/2sy3NRPvqwAn3mEcTzuuOLB6FBu.jpg</fanart>
</item>
<item>
	<title>[COLOR=white]Limitless[/COLOR]</title>
	<meta>
	<imdb>tt1219289</imdb>
	<content>movie</content>
	<title>Limitless</title>
	<year>2011</year>
	</meta>
	<link>
	<sublink>https://uptobox.com/vfhl5kwbeyo1(720p)</sublink>
	<sublink>search</sublink>
	<sublink>searchsd</sublink>
	</link>
	<thumbnail>https://image.tmdb.org/t/p/w1280/bQfOFEeXxi51ijQrbQY9qvMtYhZ.jpg</thumbnail>
	<fanart>https://image.tmdb.org/t/p/w1280/9ISArgiVBdNLASKmvflRDMOYYMj.jpg</fanart>
</item>
<item>
	<title>Exodus Gods and Kings (2011)</title>
<meta>
<content>movie</content>
<imdb>tt1528100</imdb>
<title>Exodus Gods and Kings </title>
<year>2011</year>
</meta>
<link>
<sublink>https://uptostream.com/wj44jun0cjsk(720p)</sublink>
<sublink>https://uptostream.com/klgiz3ea76cs(1080p)</sublink>
<sublink>search</sublink>
<sublink>searchsd</sublink>
</link>
<thumbnail>https://image.tmdb.org/t/p/w1280/ycDcPCpWM7hSdIR6tFkOzQPkve2.jpg</thumbnail>
<fanart>https://image.tmdb.org/t/p/w700_and_h392_bestv2/hOOgtrByGgWfqGTTn5VL7jkLYXJ.jpg</fanart>
</item>
<item>
	<title>Season of the Witch (2011)</title>
<meta>
<content>movie</content>
<imdb>tt0479997</imdb>
<title>Season of the Witch</title>
<year>2011</year>
</meta>
<link>
<sublink>https://uptostream.com/z7idkvftqzsm</sublink>
<sublink>search</sublink>
<sublink>searchsd</sublink>
</link>
<thumbnail>https://image.tmdb.org/t/p/w1280/71XUlmCSJomhBZoXDBBIMxzoLFx.jpg</thumbnail>
<fanart>https://image.tmdb.org/t/p/w700_and_h392_bestv2/dtmmUCOjCtrjzRCtXHXwaBSySjN.jpg</fanart>
</item>
<item>
	<title>[COLOR=white]Immortals[/COLOR]</title>
	<meta>
	<imdb>tt1253864</imdb>
	<content>movie</content>
	<title>Immortals</title>
	<year>2011</year>
	</meta>
	<link>
	<sublink>https://uptobox.com/x9he8d8rexw2(720p)</sublink>
	<sublink>https://uptobox.com/alvjtt1c417r(1080p)</sublink>
	<sublink>search</sublink>
	<sublink>searchsd</sublink>
	</link>
	<thumbnail>https://image.tmdb.org/t/p/w1280/3oM3xqBefB9pyZnHZ5Bkkrv797z.jpg</thumbnail>
	<fanart>https://image.tmdb.org/t/p/w1280/pNw0c7aiUZHhu8WuolfOA8xube9.jpg</fanart>
</item>
<item>
	<title>Sherlock Holmes: A Game of Shadows</title>
		<meta>
			<content>movie</content>
			<imdb>tt1515091</imdb>
			<title>Sherlock Holmes: A Game of Shadows</title>
			<year>2011</year>
		</meta>
		<link>
			<sublink>https://uptostream.com/t4jtew27purm</sublink>
			<sublink>https://uptostream.com/u15cw2ym464s</sublink>    
			<sublink>search</sublink>
			<sublink>searchsd</sublink>
		</link>
		<thumbnail>https://image.tmdb.org/t/p/original/49dt96hBaSS6GAbf2vhrrewtIfp.jpg</thumbnail>
		<fanart>https://image.tmdb.org/t/p/original/uaAHUFAeAcQymZqVXQfYHlUeprU.jpg</fanart>
</item>
<item>
	<title>[COLOR=white]Source Code[/COLOR]</title>
	<meta>
	<imdb>tt0945513</imdb>
	<content>movie</content>
	<title>Source Code</title>
	<year>2011</year>
	</meta>
	<link>
	<sublink>https://uptobox.com/70s0cl6baf8q(1080p)</sublink>
	<sublink>search</sublink>
	<sublink>searchsd</sublink>
	</link>
	<thumbnail>https://image.tmdb.org/t/p/w1280/cpl7R5d3qwWvykRRSxdhQ0htstU.jpg</thumbnail>
	<fanart>https://image.tmdb.org/t/p/w1280/t8qbynl2QHikSZQ2FY8Zxi3DiXF.jpg</fanart>
</item>
<item>
	<title>[COLOR=white]In Time[/COLOR]</title>
	<meta>
	<imdb>tt1637688</imdb>
	<content>movie</content>
	<title>In Time</title>
	<year>2011</year>
	</meta>
	<link>
	<sublink>https://uptobox.com/cp8d7nvmchzb(720p)</sublink>
	<sublink>search</sublink>
	<sublink>searchsd</sublink>
	</link>
	<thumbnail>https://image.tmdb.org/t/p/w1280/lnYuAr3QOPzvuEFlzpsRUq41IEy.jpg</thumbnail>
	<fanart>https://image.tmdb.org/t/p/w1280/cnGPiAd7D50YFcpt6HK7CwTUCew.jpg</fanart>
</item>
<item>
	<title>Along Came a Spider(2001)</title>
<meta>
<content>movie</content>
<imdb>tt0164334</imdb>
<title>Along Came A Spider</title>
<year>2011</year>
</meta>
<link>
<sublink>https://uptostream.com/oaf6aurcyjyk</sublink>
<sublink>search</sublink>
<sublink>searchsd</sublink>
</link>
<thumbnail>https://image.tmdb.org/t/p/w1280/1ZjDmPKMUtout8hR77qmK1llgls.jpg</thumbnail>
<fanart>https://image.tmdb.org/t/p/w700_and_h392_bestv2/pk45TvvJSDJXxzNCUJg2d8embYg.jpg</fanart>
</item>
<item>
	<title>Unknown (2011)</title>
<meta>
<content>movie</content>
<imdb>tt1401152</imdb>
<title>Unknown</title>
<year>2011</year>
</meta>
<link>
<sublink>https://uptostream.com/a1di0sdmnk55</sublink>
<sublink>search</sublink>
<sublink>searchsd</sublink>
</link>
<thumbnail>https://image.tmdb.org/t/p/w1280/4QAPgl63sRyCptq1Wd25lNsptbU.jpg</thumbnail>
<fanart>https://image.tmdb.org/t/p/w700_and_h392_bestv2/ueMSXqgN3FOF8y8fym7ntJqtAP.jpg</fanart>
</item>
<item>
	<title>[COLOR=white]The Lincoln Lawyer[/COLOR]</title>
	<meta>
	<imdb>tt1189340</imdb>
	<content>movie</content>
	<title>The Lincoln Lawyer</title>
	<year>2011</year>
	</meta>
	<link>
	<sublink>https://uptobox.com/c5fuljqqd75y(720p)</sublink>
	<sublink>search</sublink>
	<sublink>searchsd</sublink>
	</link>
	<thumbnail>https://image.tmdb.org/t/p/w1280/bTXtxFUyqQ6T9FRa3ajSdMtwnAj.jpg</thumbnail>
	<fanart>https://image.tmdb.org/t/p/w1280/zxN5XhQKDT5GwlpZo7yKxDAJMyQ.jpg</fanart>
</item>
<item>
	<title>[COLOR=white]Drive Angry[/COLOR]</title>
  <meta>
  <imdb>tt1502404</imdb>
  <content>movie</content>
  <title>Drive Angry</title>
  <year>2011</year>
  </meta>
  <link>
  <sunlink>https://uptobox.com/87yovx7jesq7(720p)</sublink>
  <sublink>search</sublink>
  <sublink>searchsd</sublink>
  </link>
  <thumbnail>https://image.tmdb.org/t/p/w1280/afYwV0EAO8YLRyrTnNaSRysDrCh.jpg</thumbnail>
  <fanart>https://image.tmdb.org/t/p/w1280/fjJyicmZ7wfsZrRuv1Ve2Vv0Zlf.jpg</fanart>
</item>
<item>
	<title>[COLOR=white]Beastly[/COLOR]</title>
	<meta>
	<imdb>tt1152398</imdb>
	<content>movie</content>
	<title>Beastly</title>
	<year>2011</year>
	</meta>
	<link>
	<sublink>https://uptobox.com/9mf45qcx1tnj(720p)</sublink>
	<sublink>search</sublink>
	<sublink>searchsd</sublink>
	</link>
	<thumbnail>https://image.tmdb.org/t/p/w1280/yp7k0Run4cDGygfAmXpee4qEwAA.jpg</thumbnail>
	<fanart>https://image.tmdb.org/t/p/w1280/afjvvcJEM7GMnsx3uo6tkfca6lc.jpg</fanart>
</item>
<item>
	<title>[COLOR=white]The Hangover Part II[/COLOR]</title>
	<meta>
	<imdb>tt1411697</imdb>
	<content>movie</content>
	<title>The Hangover Part II</title>
	<year>2011</year>
	</meta>
	<link>
	<sublink>https://uptobox.com/2bi2vdc78p0n(720p)</sublink>
	<sublink>https://uptobox.com/657qfvpryrkq(1080p)</sublink>
	<sublink>search</sublink>
	<sublink>searchsd</sublink>
	</link>
	<thumbnail>https://image.tmdb.org/t/p/w1280/yoiJyVknXfU4jcJvPYeMOCgyLky.jpg</thumbnail>
	<fanart>https://image.tmdb.org/t/p/w1280/hnu7rEmUXyrRBqlRTd2CzDBUap4.jpg</fanart>
</item>
<item>
	<title>Bridesmaids Unrated (2011)</title>
<meta>
<content>movie</content>
<imdb>tt1478338</imdb>
<title>Bridesmaids</title>
<year>2011</year>
</meta>
<link>
<sublink>https://uptobox.com/ibr1h23lva0m</sublink>
<sublink>search</sublink>
<sublink>searchsd</sublink>
</link>
<thumbnail>https://image.tmdb.org/t/p/w600_and_h900_bestv2/x5ucaJZ4FP589Gn3I8l3ZFV3Nl8.jpg</thumbnail>
<fanart>https://image.tmdb.org/t/p/original/mRSEO6XXmtmfAFTV1k6hW2zxisH.jpg</fanart>
</item>
<item>
	<title>Just Go With It (2011)</title>
<meta>
<content>movie</content>
<imdb>tt1564367</imdb>
<title>Just Go With It</title>
<year>2011</year>
</meta>
<link>
<sublink>https://uptostream.com/jhpj5k5alytd</sublink>
<sublink>search</sublink>
<sublink>searchsd</sublink>
</link>
<thumbnail>https://image.tmdb.org/t/p/w1280/4sJDqzBaqBprkEy0aLjIGl7TrHx.jpg</thumbnail>
<fanart>https://image.tmdb.org/t/p/w700_and_h392_bestv2/ieVWVAElB35iphiALeSrrOjP06T.jpg</fanart>
</item>
<item>
	<title>Hall Pass (2011)</title>
<meta>
<content>movie</content>
<imdb>tt0480687</imdb>
<title>Hall Pass</title>
<year>2011</year>
</meta>
<link>
<sublink>https://uptostream.com/qnqn6uuwakzs</sublink>
<sublink>search</sublink>
<sublink>searchsd</sublink>
</link>
<thumbnail>https://image.tmdb.org/t/p/w1280/hRvf9rhmwIzvfZwQx4IT6xsUhPe.jpg</thumbnail>
<fanart>https://image.tmdb.org/t/p/w700_and_h392_bestv2/yIEq17CHNDhKC5xHdLlGTlrwgav.jpg</fanart>
</item>
<item>
	<title>The Change-Up (2011)</title>
<meta>
<content>movie</content>
<imdb>tt1488555</imdb>
<title>The Change-Up</title>
<year>2011</year>
</meta>
<link>
<link>https://uptostream.com/wj626h3rpf2z</link>
<sublink></sublink>
<sublink>search</sublink>
<sublink>searchsd</sublink>
</link>
<thumbnail>https://image.tmdb.org/t/p/w1280/AmXfXEBsEpGIz9mucwGLw3OR3Ki.jpg</thumbnail>
<fanart>https://image.tmdb.org/t/p/original/uRq4L5ebjXZ5JX3HsoMMTL13Ck7.jpg</fanart>
</item>
<item>
	<title>Bad Teacher (2011)</title>
<meta>
<content>movie</content>
<imdb>tt1284575</imdb>
<title>Bad Teacher</title>
<year>2011</year>
</meta>
<link>
<sublink>https://uptostream.com/ugdi9ac7xeda</sublink>
<sublink></sublink>
<sublink>search</sublink>
<sublink>searchsd</sublink>
</link>
<thumbnail>https://image.tmdb.org/t/p/w1280/zpIY4qUSX91J9XpPgr0hFrk1eKr.jpg</thumbnail>
<fanart>https://image.tmdb.org/t/p/original/vmgRzmRMPjhZ50Oai1DI0LLEZCo.jpg</fanart>
</item>
<item>
	<title>Real Steel (2011)</title>
<meta>
<content>movie</content>
<imdb>tt0433035</imdb>
<title>Real Steel</title>
<year>2011</year>
</meta>
<link>
<sublink>https://uptostream.com/kd20xmtrmsgq</sublink>
<sublink></sublink>
<sublink>search</sublink>
<sublink>searchsd</sublink>
</link>
<thumbnail>https://image.tmdb.org/t/p/w1280/drtXi58nN6P3zcoLh6wUlsZAYqh.jpg</thumbnail>
<fanart>https://image.tmdb.org/t/p/original/pP2sONJEJraOioyrdCtwbVHDkRy.jpg</fanart>
</item>
