<item>
	<title>DeadPool 2 (2018)</title>
<meta>
<content>movie</content>
<imdb>tt5463162</imdb>
<title>Deadpool 2</title>
<year>2018</year>
</meta>
<link>
<sublink>magnet:?xt=urn:btih:e774b886539a3f7ebf1ffe7cd01a107f73298248&dn=Deadpool+2+%282018%29+%5BBluRay%5D+%5B1080p%5D(DEBRID ONLY 1080P)</sublink>
<sublink>magnet:?xt=urn:btih:18f05a35a335909b384d1d40d79efec3e71bcee0&dn=Deadpool+2+%282018%29+%5BBluRay%5D+%5B720p%5D+(DEBRID ONLY 720P)</sublink>
<sublink>https://uptobox.com/i6k0j53ik550 (DEBRID ONLY 1080P)</sublink>
<sublink>search</sublink>
<sublink>searchsd</sublink>
</link>
<thumbnail>https://m.media-amazon.com/images/M/MV5BNjk1Njk3YjctMmMyYS00Y2I4LThhMzktN2U0MTMyZTFlYWQ5XkEyXkFqcGdeQXVyODM2ODEzMDA@._V1_.jpg</thumbnail>
<fanart>https://hdqwalls.com/download/deadpool-2-poster-2018-movie-xt-1920x1080.jpg</fanart>
</item>
<item>
	<title>Once Upon a Deadpool (2018)</title>
<meta>
<content>movie</content>
<imdb>tt9428488</imdb>
<title>Once Upon a Deadpool</title>
<year>2018</year>
</meta>
<link>
<sublink>https://www.fembed.com/v/pgnqqumxz3ep0d-(1080p)</sublink>
<sublink>magnet:?xt=urn:btih:b647de6e390c726453fa6ce203b4e363d693f061&dn=Deadpool.2.2018.Once.Upon.a.Deadpool.720p.BluRay.x264-NeZu(DEBRID ONLY 720P)</sublink>
<sublink>magnet:?xt=urn:btih:91755bf38fab7f1c742c6d763dec93fe7c1bfaad&dn=Once+Upon+A+Deadpool+2018.1080p.BluRay.x264-PFa.DUAL-RK(DEBRID ONLY 1080P)</sublink>
<sublink>https://uptobox.com/ks45mamcep71(DEBRID 1080P)</sublink>
<sublink>search</sublink>
<sublink>searchsd</sublink>
</link>
<thumbnail>https://image.tmdb.org/t/p/w600_and_h900_bestv2/5Ka49BWWyKMXr93YMbH5wLN7aAM.jpg</thumbnail>
<fanart>https://image.tmdb.org/t/p/original/5ZSwZPKgcTJJwhxjbOHeoBTVaKh.jpg</fanart>
</item>
<item>
	<title>Avengers Infinity Wars (2018)</title>
<meta>
<content>movie</content>
<imdb>tt4154756</imdb>
<title>Avengers Infinity Wars</title>
<year>2018</year>
</meta>
<link>
<sublink>https://www.fembed.com/v/el4ddc-0pw4qxr3(1080p)</sublink>
<sublink>https://uptobox.com/22nszaosjktm/</sublink>
<sublink>https://uptostream.com/gjgspucbetlk(720p)</sublink>
<sublink>magnet:?xt=urn:btih:ad85c201325b75324e8627346645bc1169b0a1fc&dn=Avengers.Infinity.War.2018.1080p.BluRay.x264-Replica%5BEtHD%5D(DEBRID ONLY 1080P)</sublink>
<sublink>search</sublink>
<sublink>searchsd</sublink>
</link>
<thumbnail>https://m.media-amazon.com/images/M/MV5BMjMxNjY2MDU1OV5BMl5BanBnXkFtZTgwNzY1MTUwNTM@._V1_SY1000_CR0,0,674,1000_AL_.jpg</thumbnail>
<fanart>https://image.tmdb.org/t/p/original/bOGkgRGdhrBYJSLpXaxhXVstddV.jpg</fanart>
</item>
<item>
	<title>Ant-Man and the Wasp (2018)</title>
<meta>
<content>movie</content>
<imdb>tt5095030</imdb>
<title>Ant-Man and the Wasp</title>
<year>2018</year>
</meta>
<link>
<sublink>https://uptobox.com/1z0ec66gs38x</sublink>
<sublink>https://uptostream.com/senjlcmm0nkb(1080p)</sublink>
<sublink>magnet:?xt=urn:btih:8d614ce2da4189f5b9f0f736dcd118c15b167195&dn=Ant-Man.and.the.Wasp.2018.1080p.BluRay.H264.AAC-RBG(DEBRID ONLY 1080P)</sublink>
<sublink>search</sublink>
<sublink>searchsd</sublink>
</link>
<thumbnail>https://image.tmdb.org/t/p/w600_and_h900_bestv2/rv1AWImgx386ULjcf62VYaW8zSt.jpg</thumbnail>
<fanart>https://image.tmdb.org/t/p/original/xYiqc17z3IvpRrjMYxJorxRqbw4.jpg</fanart>
</item>
<item>
	<title>Venom (2018)</title>
<meta>
<content></content>
<imdb>tt1270797</imdb>
<title>Venom</title>
<year>2018</year>
</meta>
<link>
<sublink>https://uptostream.com/jgldzosyr9yq(720p)</sublink>
<sublink>https://uptostream.com/s5ybnwycjpq7(1080p)</sublink>
<sublink>magnet:?xt=urn:btih:349eae0b4ea3a11e250603345424fa2d0d0ad354&dn=Venom+2018+BluRay+1080p+DD5.1+x264-MTeam%5BEtHD%5D(DEBRID ONLY 1080P)</sublink>
<sublink>search</sublink>
<sublink>searchsd</sublink>
</link>
<thumbnail>https://image.tmdb.org/t/p/w600_and_h900_bestv2/2uNW4WbgBXL25BAbXGLnLqX71Sw.jpg</thumbnail>
<fanart>https://image.tmdb.org/t/p/original/xyW5zDq7UveXghJrG85jes1PWff.jpg</fanart>
</item>
<item>
	<title>Black Panther (2018)</title>
<meta>
<content>movie</content>
<imdb>tt1825683</imdb>
<title>Black Panther</title>
<year>2018</year>
</meta>
<link>
<sublink>https://uptobox.com/5m40rvrz3dnm(1080p)</sublink>
<sublink>https://uptobox.com/qb2qg1gmaf5j(720p)</sublink>
<sublink>magnet:?xt=urn:btih:66291ab13fd9479a9eb7388a843ae9e096a82946&dn=Black.Panther.2018.1080p.BluRay.x264-SPARKS%5BEtHD%5D(DEBRID ONLY 1080P)</sublink>
<sublink>search</sublink>
<sublink>searchsd</sublink>
</link>
<thumbnail>https://image.tmdb.org/t/p/w600_and_h900_bestv2/uxzzxijgPIY7slzFvMotPv8wjKA.jpg</thumbnail>
<fanart>https://image.tmdb.org/t/p/original/meBIJs2gP6Uceb7RKpaGeFIalpg.jpg</fanart>
</item>
<item>
	<title>Aquaman</title>
	<meta>
	<imdb>tt1477834</imdb>
	<content>movie</content>
	<title>Aquaman</title>
	<year>2018</year>
	</meta>
	<link>
	<sublink>https://uptobox.com/7i74qkl4be15(720P)</sublink>
	<sublink>https://uptobox.com/c3j4a3svpbvv(1080P)</sublink>
	<sublink>magnet:?xt=urn:btih:9ce7d591eab5849260e0b8e8d8b5fd31f8346ecc&dn=Aquaman.2018.1080p.BluRay.x264-SPARKS%5BTGx%5D(DEBRID ONLY 1080P)</sublink>
	<sublink>search</sublink>
	<sublink>searchsd</sublink>
	</link>
	<thumbnail>https://image.tmdb.org/t/p/w1280/5Kg76ldv7VxeX9YlcQXiowHgdX6.jpg</thumbnail>
	<fanart>https://image.tmdb.org/t/p/w1280/5A2bMlLfJrAfX9bqAibOL2gCruF.jpg</fanart>
</item>
<item>
	<title>Spider-Man: Into the Spider-Verse</title>
 <meta>
 <imdb>tt4633694</imdb>
 <content>movie</content>
 <title>Spider-Man: Into the Spider-Verse</title>
 <year>2018</year>
 </meta>
 <link>
 <sublink>https://uptostream.com/73hbwbf26czi(720p)</sublink>
 <sublink>https://uptobox.com/xxvakzkwp440(1080p)</sublink>
 <sublink>magnet:?xt=urn:btih:1281ea8324bc59f1eb086062ddc2168577e03dac&dn=Spider-Man.Into.the.Spider-Verse.2018.BluRay.1080p.DTS-HD.MA.5.1(DEBRID ONLY 1080P)</sublink>
 <sublink>search</sublink>
 <sublink>searchsd</sublink>
 </link>
 <thumbnail>https://image.tmdb.org/t/p/w1280/laMM4lpQSh5z6KIBPwWogkjzBVQ.jpg</thumbnail>
 <fanart>https://image.tmdb.org/t/p/original/aUVCJ0HkcJIBrTJYPnTXta8h9Co.jpg</fanart>
</item>
<item>
<title>BumbleBee (2018)</title>
<meta>
<content>movie</content>
<imdb>tt4701182</imdb>
<title>Bumblebee</title>
<year>2018</year>
</meta>
<link>
<sublink>https://uptobox.com/k7ywg2q5v5yv(720p)</sublink>
<sublink>https://uptobox.com/6xz8xes540jj(1080p)</sublink>
<sublink>https://uptobox.com/8frovlj3pbi5(1080p)</sublink>
<sublink>https://uptostream.com/8frovlj3pbi5(1080p)</sublink>
<sublink>magnet:?xt=urn:btih:1cada94551871d7a819a2a4c559b3bb3341e7fbd&dn=Bumblebee.2018.1080p.BluRay.x264-SPARKS%5BEtHD%5D(DEBRID ONLY 1080P)</sublink>
<sublink>search</sublink>
<sublink>searchsd</sublink>
</link>
<thumbnail>https://image.tmdb.org/t/p/w1280/sG6n4ei1F0kVQtTs3fAjDghngpa.jpg</thumbnail>
<fanart>https://image.tmdb.org/t/p/w1000_and_h563_face/urPYbqQnMMu5Ug09nI0KAGabbDX.jpg</fanart>
</item>
<item>
	<title>Papillon (2018)</title>
  <meta>
  <imdb>tt5093026</imdb>
  <content>movie</content>
  <title>Papillon</title>
  <year>2018</year>
  </meta>
  <link>
  <sublink>https://uptostream.com/4mrbpw44vb1b</sublink>
  <sublink>https://streamango.com/embed/psofanborsnspqql/</sublink>
  <sublink>magnet:?xt=urn:btih:17020dd86a7069ed6eb1de7e97e81bb81f5dbe82&dn=Papillon.2017.1080p.BluRay.H264.AAC(DEBRID ONLY 1080P)</sublink>
  <sublink>searchsd</sublink>
  </link>
  <thumbnail>https://image.tmdb.org/t/p/original/ahF5c6vyP8HWMqIwlhecbRALkjq.jpg</thumbnail>
  <fanart>https://image.tmdb.org/t/p/original/ahF5c6vyP8HWMqIwlhecbRALkjq.jpg</fanart>
</item>
<item>
	<title>Jurassic World: Fallen Kingdom-2018</title>
<meta>
<content>movie</content>
<imdb>tt4881806</imdb>
<title>Jurassic World: Fallen Kingdom</title>
<year>2018</year>
</meta>
<link>
<sublink>https://uptostream.com/x4ef9lubtel3</sublink>
<sublink>magnet:?xt=urn:btih:29fa02c850f31c63036175aea28ac99f7bad64cc&dn=Jurassic.World.Fallen.Kingdom.2018.1080p.BluRay.x264.DTS-HD.M..(DEBRID ONLY 1080P)</sublink>
<sublink>search</sublink>
<sublink>searchsd</sublink>
</link>
<thumbnail>https://image.tmdb.org/t/p/w600_and_h900_bestv2/7dAh80ydoWvUaBE8uFYkp9WsoSC.jpg</thumbnail>
<fanart>https://image.tmdb.org/t/p/original/t0Kn7twXduHeFhOpTW2Gncu9l5F.jpg</fanart>
</item>
<item>
	<title>Rampage (2018)</title>
<meta>
<content>movie</content>
<imdb>tt2231461</imdb>
<title>Rampage</title>
<year>2018</year>
</meta>
<link>
<sublink>magnet:?xt=urn:btih:0f276024e3f19a7065b7ccfeb6d919074099ad85&dn=Rampage.2018.1080p.BluRay.x264-MP4(DEBRID ONLY 1080P)</sublink>
<sublink>search</sublink>
<sublink>searchsd</sublink>
</link>
<thumbnail>https://image.tmdb.org/t/p/w600_and_h900_bestv2/3gIO6mCd4Q4PF1tuwcyI3sjFrtI.jpg</thumbnail>
<fanart>https://image.tmdb.org/t/p/original/vBfnHjm4Xh5xg0G1AZ5k4DUaE9S.jpg</fanart>
</item>
<item>
	<title>Skyscraper (2018)</title>
<meta>
<content>movie</content>
<imdb>tt5758778</imdb>
<title>Skyscraper</title>
<year>2018</year>
</meta>
<link>
<sublink>magnet:?xt=urn:btih:62f1de5babcf7b6fc5ce5661b995ad80b54b0217&dn=Skyscraper.2018.1080p.BluRay.x264-SPARKS&tr=udp%3A%2F%2Ftracker.leechers-paradise.org%3A6969&tr=udp%3A%2F%2Ftracker.openbittorrent.com%3A80&tr=udp%3A%2F%2Fopen.demonii.com%3A1337&tr=udp%3A%2F%2Ftracker.coppersurfer.tk%3A6969&tr=udp%3A%2F%2Fexodus.desync.com%3A6969(DEBRID ONLY 1080P)</sublink>
<sublink>search</sublink>
<sublink>searchsd</sublink>
</link>
<thumbnail>https://image.tmdb.org/t/p/w600_and_h900_bestv2/5LYSsOPzuP13201qSzMjNxi8FxN.jpg</thumbnail>
<fanart>https://image.tmdb.org/t/p/original/pfzC0MVhIiyRMRukp1jSMDYSzJW.jpg</fanart>
</item>
<item>
	<title>Mile 22</title>
<meta>
<content>movie</content>
<imdb>tt4560436</imdb>
<title>Mile 22</title>
<year>2018</year>
</meta>
<link>
<sublink>magnet:?xt=urn:btih:0a2615edf4d427e8a9bca9ad811d5625b6ec6b20&dn=Mile.22.2018.1080p.BluRay.X264-AMIABLE(DEBRID ONLY 1080P)</sublink>
<sublink>search</sublink>
<sublink>searchsd</sublink>
</link>
<thumbnail>https://image.tmdb.org/t/p/w600_and_h900_bestv2/2L8ehd95eSW9x7KINYtZmRkAlrZ.jpg</thumbnail>
<fanart>https://image.tmdb.org/t/p/original/2nOMUnQ4OtsKVTmpp3og7MYt4oG.jpg</fanart>
</item>
<item>
	<title>The Meg</title>
<meta>
<content>movie</content>
<imdb>tt4779682</imdb>
<title>The Meg</title>
<year>2018</year>
</meta>
<link>
<sublink>magnet:?xt=urn:btih:edd132cb9f0378e7a2343b4d49251d6be95463c7&dn=The.Meg.2018.1080p.BluRay.H264.AAC(DEBRID ONLY 1080P)</sublink>
<sublink>search</sublink>
<sublink>searchsd</sublink>
</link>
<thumbnail>https://image.tmdb.org/t/p/w600_and_h900_bestv2/eyWICPcxOuTcDDDbTMOZawoOn8d.jpg</thumbnail>
<fanart>https://image.tmdb.org/t/p/original/ibKeXahq4JD63z6uWQphqoJLvNw.jpg</fanart>
</item>
<item>
	<title>Ready Player One (2018)</title>
<meta>
<content>movie</content>
<imdb>tt1677720</imdb>
<title>Ready Player One</title>
<year>2018</year>
</meta>
<link>
<sublink>magnet:?xt=urn:btih:247c549b9217bd18dad927ee57d30ae0e9874a09&dn=Ready.Player.One.2018.1080p.BluRay.x264-MP4&tr=udp%3A%2F%2Ftracker.leechers-paradise.org%3A6969&tr=udp%3A%2F%2Ftracker.openbittorrent.com%3A80&tr=udp%3A%2F%2Fopen.demonii.com%3A1337&tr=udp%3A%2F%2Ftracker.coppersurfer.tk%3A6969&tr=udp%3A%2F%2Fexodus.desync.com%3A6969(DEBRID ONLY 1080P)</sublink>
<sublink>search</sublink>
<sublink>searchsd</sublink>
</link>
<thumbnail>https://image.tmdb.org/t/p/w600_and_h900_bestv2/pU1ULUq8D3iRxl1fdX2lZIzdHuI.jpg</thumbnail>
<fanart>https://image.tmdb.org/t/p/original/q7fXcrDPJcf6t3rzutaNwTzuKP1.jpg</fanart>
</item>

<item>
<title>White Boy Rick (2018)</title>
<meta>
<content>movie</content>
<imdb>tt4537896</imdb>
<title>White Boy Rick</title>
<year>2018</year>
</meta>
<link>
<sublink>magnet:?xt=urn:btih:1b3ef90b9cfadea4c561baa780014ce5feae9eea&dn=White.Boy.Rick.2018.1080p.BluRay.x264-DRONES%5BEtHD%5D(DEBRID ONLY 1080P)</sublink>
<sublink>search</sublink>
<sublink>searchsd</sublink>
</link>
<thumbnail>https://image.tmdb.org/t/p/w600_and_h900_bestv2/l15r2aLqdifXM9GFsJLkOq5Y8SI.jpg</thumbnail>
<fanart>https://image.tmdb.org/t/p/original/8ELaeXrt13hs95Maf8Fe0Ds9GJc.jpg</fanart>
</item>





<item>
	<title>The Spy Who Dumped Me (2018)</title>
<meta>
<content>movie</content>
<imdb>tt6663582</imdb>
<title>The Spy Who Dumped Me</title>
<year>2018</year>
</meta>
<link>
<sublink>https://uptobox.com/u72ytcyp1xf7</sublink>
<sublink>https://streamango.com/embed/tmklpdpmpklroerf/</sublink>
<sublink>magnet:?xt=urn:btih:e0611a169f15da5c45ad09c8ef44ef83b4a11fed&dn=The+Spy+Who+Dumped+Me+2018+1080p+BluRay+AC3+5.1+x264+%5BMW%5D(DEBRID ONLY 1080P)</sublink>
<sublink>search</sublink>
<sublink>searchsd</sublink>
</link>
<thumbnail>https://image.tmdb.org/t/p/w600_and_h900_bestv2/2lIr27lBdxCpzYDl6WUHzzD6l6H.jpg</thumbnail>
<fanart>https://image.tmdb.org/t/p/original/uN6v3Hz4qI2CIqT1Ro4vPgAbub3.jpg</fanart>
</item>
<item>
	<title>Show Dogs</title>
	<meta>
	<imdb>tt5691024</imdb>
	<content>movie</content>
	<title>Show Dogs</title>
	<year>2018</year>
	</meta>
	<link>
	<sublink>https://uptobox.com/4ijq110x1hai(720p)</sublink>
	<sublink>https://uptobox.com/56ke6o5jf3nc(1080p)</sublink>
	<sublink>magnet:?xt=urn:btih:d6dcc6420a0a1d97a9929d678b4171c06b715447&dn=Show+Dogs+2018+1080p+BluRay+x264+DTS+%5BMW%5D(DEBRID ONLY 1080P)</sublink>
	<sublink>search</sublink>
	<sublink>searchsd</sublink>
	</link>
	<thumbnail>https://image.tmdb.org/t/p/w1280/2dvxCBUfDG2cAdkA921rERxhtcp.jpg</thumbnail>
	<fanart>https://image.tmdb.org/t/p/w1280/6jNackbDC9FKDHTH5rQbSQoa2Uq.jpg</fanart>
</item>
<item>
	<title>Smallfoot (2018)</title>
<meta>
<content></content>
<imdb>tt6182908</imdb>
<title>Smallfoot</title>
<year>2018</year>
</meta>
<link>
<sublink>https://uptostream.com/p1lpeo9yq8l9(720p)</sublink>
<sublink>https://uptostream.com/4tsw9erye40g(1080p)</sublink>
<sublink>magnet:?xt=urn:btih:e080eb8ffee85043c402230bc5dc91595b60dd8d&dn=Smallfoot+2018+1080p+Bluray+x264+Greek+Audio-Sexmeup+%5BBraveheart(DEBRID ONLY 1080P)</sublink>
<sublink>search</sublink>
<sublink>searchsd</sublink>
</link>
<thumbnail>https://image.tmdb.org/t/p/w1280/zfaiO7QgpcvR8XDOMokWLRfKeTE.jpg</thumbnail>
<fanart>https://image.tmdb.org/t/p/original/eW2PIUIyagoYgL1Q7nu0E6EMnB3.jpg</fanart>
</item>
<item>
	<title>Incredibles 2 (2018)</title>
<meta>
<content>movie</content>
<imdb>tt3606756</imdb>
<title>Incredibles 2</title>
<year>2018</year>
</meta>
<link>
<sublink>magnet:?xt=urn:btih:43a4d9dfeec4ac2dee3abadb6098e680e84fad4a&dn=The+Incredibles+2+2018+1080p+BluRay+x264+DTS+5.1+MSubS+-+Hon3yHD&tr=udp%3A%2F%2Ftracker.leechers-paradise.org%3A6969&tr=udp%3A%2F%2Ftracker.openbittorrent.com%3A80&tr=udp%3A%2F%2Fopen.demonii.com%3A1337&tr=udp%3A%2F%2Ftracker.coppersurfer.tk%3A6969&tr=udp%3A%2F%2Fexodus.desync.com%3A6969(DEBRID ONLY 1080P)</sublink>
<sublink>search</sublink>
<sublink>searchsd</sublink>
</link>
<thumbnail>https://image.tmdb.org/t/p/w600_and_h900_bestv2/x1txcDXkcM65gl7w20PwYSxAYah.jpg</thumbnail>
<fanart>https://image.tmdb.org/t/p/original/3cUJovesqhfXEU2EU1InEQYX8WY.jpg</fanart>
</item>
<item>
	<title>Mary Poppins Returns</title>
	<meta>
	<imdb>tt5028340</imdb>
	<content>movie</content>
	<title>Mary Poppins Returns</title>
	<year>2018</year>
	</meta>
	<link>
	<sublink>https://uptobox.com/ubmy1l5xox32(720p)</sublink>
	<sublink>https://uptobox.com/403euqp39t3y(1080p)</sublink>
	<sublink>magnet:?xt=urn:btih:b5e91d8c18cdff627c4f2be4a58bf6fe1b1b6296&dn=Mary+Poppins+Returns+2018+1080p+BluRay+x264+DTS+%5BMW%5D(DEBRID ONLY 1080P)</sublink>
	</link>
	<thumbnail>https://image.tmdb.org/t/p/w1280/uTVGku4LibMGyKgQvjBtv3OYfAX.jpg</thumbnail>
	<fanart>https://image.tmdb.org/t/p/w1280/cwiJQXezWz876K3jS57Sq56RYCZ.jpg</fanart>
</item>
<item>
	<title>Grinch</title>
<meta>
<content>movie</content>
<imdb>tt2709692</imdb>
<title>Grinch</title>
<year>2018</year>
</meta>
<link>
<sublink>https://uptostream.com/mbh4ulu9q2f1(720p)</sublink>
<sublink>https://uptostream.com/pibwslr7dudq(1080p)</sublink>
<sublink>magnet:?xt=urn:btih:b235f6db7d147573ff6687e59b0547cd11ba4351&dn=The+Grinch+2018.Multi.1080p.Blu-ray.HEVC.Atmos.7.1-DTOne(DEBRID ONLY 1080P)</sublink>
<sublink>search</sublink>
<sublink>searchsd</sublink>
</link>
<thumbnail>https://image.tmdb.org/t/p/w1280/gcPwrS93ZNDIJd036url2UgsCWK.jpg</thumbnail>
<fanart>https://image.tmdb.org/t/p/w1000_and_h563_face/kHhCz4JCs5oDp4xo2tuuYF88M34.jpg</fanart>
</item>
<item>
	<title>Hotel Transylvania 3: Summer Vacation (2018)</title>
<meta>
<content>movie</content>
<imdb>tt5220122</imdb>
<title>Hotel Transylvania 3: Summer Vacation</title>
<year>2018</year>
</meta>
<link>
<sublink>magnet:?xt=urn:btih:46c29e012a8896838550513c7ac10e327ddf4545&dn=Hotel.Transylvania.3.Summer.Vacation.2018.1080p.BluRay.x264-BLOW(DEBRID ONLY 1080P)</sublink>
<sublink>search</sublink>
<sublink>searchsd</sublink>
</link>
<thumbnail>https://image.tmdb.org/t/p/w600_and_h900_bestv2/gjAFM4xhA5vyLxxKMz38ujlUfDL.jpg</thumbnail>
<fanart>https://image.tmdb.org/t/p/original/xVCwX0p8uZ0ieD8JozZmdi1wUjK.jpg</fanart>
</item>
<item>
	<title>Mowgli: Legend of the Jungle (2018)</title>
<meta>
<content></content>
<imdb>tt2388771</imdb>
<title>Mowgli: Legend of the Jungle</title>
<year>2018</year>
</meta>
<link>
<sublink>https://uptobox.com/renmzgc1z346</sublink>
<sublink>magnet:?xt=urn:btih:675bd11e7e808e54f1223b78a308dd34ee9a7074&dn=Mowgli.Legend.of.the.Jungle.2018.1080p.WEB-DL.x264+-+ExYuSubs(DEBRID ONLY 1080P)</sublink>
<sublink>search</sublink>
<sublink>searchsd</sublink>
</link>
<thumbnail>https://image.tmdb.org/t/p/w600_and_h900_bestv2/clRnzMsFoMIdC7I5JsG6dnnHH8l.jpg</thumbnail>
<fanart>https://image.tmdb.org/t/p/original/eyGJGDPBplnowFA0mDeNkz9KeUb.jpg</fanart>
</item>
<item>
	<title>Next Gen (2018)</title>
<meta>
<content>movie</content>
<imdb>tt7133686</imdb>
<title>Next Gen</title>
<year>2018</year>
</meta>
<link>
<sublink>magnet:?xt=urn:btih:b4aa770c631eb59adf0fe7054568c41ef9c2d2c7&dn=Next.Gen.2018.1080p.NF.WEB-DL.DDP5.1.x264-NTG%5BEtHD%5D(DEBRID ONLY 1080P)</sublink>
<sublink>search</sublink>
<sublink>searchsd</sublink>
</link>
<thumbnail>https://image.tmdb.org/t/p/w600_and_h900_bestv2/hUDDo5MPWM6rc6COQYhaoRNqvhE.jpg</thumbnail>
<fanart>https://image.tmdb.org/t/p/original/kkvejdQGeRH03ASrIKVqlFQMDeG.jpg</fanart>
</item>
<item>
	<title>Isle of Dogs (2018)</title>
<meta>
<content>movie</content>
<imdb>tt5104604</imdb>
<title>Isle of Dogs</title>
<year>2018</year>
</meta>
<link>
<sublink>magnet:?xt=urn:btih:e1cb4f61b955872360b0f97903b702c8666d33f3&dn=Isle.of.Dogs.2018.1080p.BluRay.x264-DRONES%5BEtHD%5D(DEBRID ONLY 1080P)</sublink>
<sublink>search</sublink>
<sublink>searchsd</sublink>
</link>
<thumbnail>https://image.tmdb.org/t/p/w600_and_h900_bestv2/rSluCePdXXtNiQeE6Na5yRGamhL.jpg</thumbnail>
<fanart>https://image.tmdb.org/t/p/original/jB5zHG1eHh0OC1S61itXNApZlLD.jpg</fanart>
</item>
<item>
	<title>Peter Rabbit (2018)</title>
<meta>
<content>movie</content>
<imdb>tt5117670</imdb>
<title>Peter Rabbit</title>
<year>2018</year>
</meta>
<link>
<sublink>https://uptobox.com/lrc0k2w4uz44(720p)</sublink>
<sublink>https://uptobox.com/uphwmjqyp0ln(1080p)</sublink>
<sublink>magnet:?xt=urn:btih:6a949410a0a716fa2ff949830ce2570b57face21&dn=Peter.Rabbit.2018.1080p.BluRay.x264(DEBRID ONLY 1080P)</sublink>
<sublink>search</sublink>
<sublink>searchsd</sublink>
</link>
<thumbnail>https://image.tmdb.org/t/p/w600_and_h900_bestv2/2yjSvEDuM3rLDng40erLsWkQRfn.jpg</thumbnail>
<fanart>https://image.tmdb.org/t/p/original/x6uwPuMCrrR6LHhWyVCDeGmjbHK.jpg</fanart>
</item>
<item>
	<title>Ralph Breaks the Internet</title>
<meta>
<content>movie</content>
<imdb>tt5848272</imdb>
<title>Ralph Breaks the Internet</title>
<year>2018</year>
</meta>
<link>
<sublink>https://uptostream.com/0sjhky6p95cm(1080p)</sublink>
<sublink>magnet:?xt=urn:btih:33cf192becd050e778bd471746a858e580fe9afb&dn=Ralph.Breaks.the.Internet.2018.BluRay.Remux.Extras.h264.DTS-HD.M(DEBRID ONLY 1080P)</sublink>
<sublink>search</sublink>
<sublink>searchsd</sublink>
</link>
<thumbnail>https://image.tmdb.org/t/p/w1280/lDroo0e4Pr33c1Y4LWr7f4IE8f2.jpg</thumbnail>
<fanart>https://image.tmdb.org/t/p/w1000_and_h563_face/88poTBTafMXaz73vYi3c74g0y2k.jpg</fanart>
</item>
<item>
	<title>The Nutcracker and the Four Realms</title>
<meta>
<content>movie</content>
<imdb>tt5523010</imdb>
<title>The Nutcracker and the Four Realms</title>
<year>2018</year>
</meta>
<link>
<sublink>https://uptostream.com/argj5w8k8weh(720p)</sublink>
<sublink>https://uptostream.com/nm2akfv091pt(1080p)</sublink>
<sublink>magnet:?xt=urn:btih:f8260a58f2f5c317993aeeca772cdb8a9dd8cec8&dn=The.Nutcracker.and.the.Four.Realms.2018.UHD.BluRay.2160p.x265.At(DEBRID ONLY 1080P)</sublink>
<sublink>search</sublink>
<sublink>searchsd</sublink>
</link>
<thumbnail>https://image.tmdb.org/t/p/w1280/48loYWJb0HKVRMU92cWVD0TQhYo.jpg</thumbnail>
<fanart>https://image.tmdb.org/t/p/w1000_and_h563_face/l2ji4YiNSPBV69WjGBgU0gCvRqy.jpg</fanart>
</item>
<item>
	<title>Peter Pan: The Quest for the Never Book (2018)</title>
<meta>
<content>movie</content>
<imdb>tt8774622</imdb>
<title>Peter Pan: The Quest for the Never Book</title>
<year>2018</year>
</meta>
<link>
<sublink>https://uptobox.com/x28qoo6wgsq4(720p)</sublink>
<sublink>magnet:?xt=urn:btih:e02fff7a75c2849e5e5226e98678d49c86ea8642&dn=Peter.Pan.The.Quest.for.the.Never.Book.2018.HDRip.XviD.AC3-EVO(DEBRID ONLY 1080P)</sublink>
<sublink></sublink>
<sublink>search</sublink>
<sublink>searchsd</sublink>
</link>
<thumbnail>https://image.tmdb.org/t/p/w600_and_h900_bestv2/w5fyfHCi2rgJoVH772tZKfrkhpW.jpg</thumbnail>
<fanart>https://image.tmdb.org/t/p/original/l81Cb4VR4aoK3jgtMP9nhCuzMvB.jpg</fanart>
</item>

<item>
	<title>A Vigilante</title>
	<meta>
	<imdb>tt6211976</imdb>
	<content>movie</content>
	<title>A Vigilante</title>
	<year>2018</year>
	</meta>
	<link>
	<sublink>https://uptobox.com/2xtehc857ku7(720p)</sublink>
	<sublink>magnet:?xt=urn:btih:e48de09f17e5c45e3b08d5f673dd0663be8b5208&dn=A.Vigilante.2018.1080p.BluRay.1400MB.DD5.1.x264-GalaxyRG(DEBRID ONLY 1080P)</sublink>
	<sublink>search</sublink>
	<sublink>searchsd</sublink>
	</link>
	<thumbnail>https://image.tmdb.org/t/p/w1280/avoKZfgBzyBGJsrAr2WQOwZK978.jpg</thumbnail>
	<fanart>https://image.tmdb.org/t/p/w1280/kReEky4XRCAq22H5V37kDcNY9dj.jpg</fanart>
</item>



<item>
<title>St. Agatha</title>
<meta>
<content>movie</content>
<imdb>tt6182078</imdb>
<title>St. Agatha</title>
<year>2018</year>
</meta>
<link>
<sublink>https://uptobox.com/c1yc2athdag7(720p)</sublink>
<sublink>https://uptobox.com/8o9lk364lmzk(1080p)</sublink>
<sublink>magnet:?xt=urn:btih:085bdeef31b2958d10512909876931461462ea87&dn=St+Agatha+2018.MULTi.1080p.Blu-ray.HEVC.DTS-HDMA.5.1-DDR(DEBRID ONLY 1080P)</sublink>
<sublink>search</sublink>
<sublink>searchsd</sublink>
</link>
<thumbnail>https://image.tmdb.org/t/p/w600_and_h900_bestv2/zpR3FzaagWTbwgFPn1P6sEZ4str.jpg</thumbnail>
<fanart>https://image.tmdb.org/t/p/original/qgy7GXZFHONsd2R9fazJha8n94z.jpg</fanart>
</item>




<item>
	<title>[COLOR=white]Vox Lux[/COLOR]</title>
	<meta>
	<imdb>tt5960374</imdb>
	<content>movie</content>
	<title>Vox Lux</title>
	<year>2018</year>
	</meta>
	<link>
	<sublink>https://uptobox.com/fz1qcl3el8eo(720p)</sublink>
	<sublink>magnet:?xt=urn:btih:69f01846cc99d9361d69030617e8b696ee90cd90&dn=Vox.Lux.2018.1080p.Bluray.AAC5.1.x264-Rapta(DEBRID ONLY 1080P)</sublink>
	<sublink>search</sublink>
	<sublink>searchsd</sublink>
	</link>
	<thumbnail>https://image.tmdb.org/t/p/w1280/35WZbqmBxhxlt41RIg0x2ypZx4Q.jpg</thumbnail>
	<fanart>https://image.tmdb.org/t/p/w1280/cDMKcBhtXx5GcsJPiVzRKwaYqdE.jpg</fanart>
</item>
<item>
	<title>Tomb Raider (2018)</title>
<meta>
<content>movie</content>
<imdb>t1365519</imdb>
<title>Tomb Raider</title>
<year>2018</year>
</meta>
<link>
<sublink>https://uptostream.com/a14k1wbgegyn(720p)</sublink>
<sublink>https://uptostream.com/vlyk3np80moe(1080p)</sublink>
<sublink>magnet:?xt=urn:btih:d657c3abd7230347168b63d140a039660c2fb9c9&dn=Tomb.Raider.2018.BluRay.1080p.x264.Atmos.TrueHD.7.1-HDChina%5BE..(DEBRID ONLY 1080P)</sublink>
<sublink>search</sublink>
<sublink>searchsd</sublink>
</link>
<thumbnail>https://image.tmdb.org/t/p/w1280/3zrC5tUiR35rTz9stuIxnU1nUS5.jpg</thumbnail>
<fanart>https://image.tmdb.org/t/p/w700_and_h392_bestv2/jLYhKjSC8LyXzWZc6VwPjMYP2wy.jpg</fanart>
</item>
<item>
	<title>Solo:A Star Wars Story (2018)</title>
<meta>
<content>movie</content>
<imdb>tt3778644</imdb>
<title>Solo:A Star Wars Story</title>
<year>2018</year>
</meta>
<link>
<sublink>magnet:?xt=urn:btih:419d818418de49052b4aaf34850c21de28bb7dce&dn=Solo.A.Star.Wars.Story.2018.1080p.BluRay.x264-SPARKS(DEBRID ONLY 1080P)</sublink>
<sublink>https://uptostream.com/ra6e4fy0xsdz(720p)</sublink>
<sublink>https://uptostream.com/s7a39h2g3777(1080p)</sublink>
<sublink>search</sublink>
<sublink>searchsd</sublink>
</link>
<thumbnail>https://image.tmdb.org/t/p/w1280/4oD6VEccFkorEBTEDXtpLAaz0Rl.jpg</thumbnail>
<fanart>https://image.tmdb.org/t/p/w700_and_h392_bestv2/bJekWFxi4FwojQbKfTaW3iCAMhL.jpg</fanart>
</item>
<item>
	<title>Sicario Day of the Soldado (2018)</title>
<meta>
<content>movie</content>
<imdb>tt5052474</imdb>
<title>Sicario Day of the Soldado</title>
<year>2018</year>
</meta>
<link>
<sublink>magnet:?xt=urn:btih:016a07b3bccfc048a4d624aaae79b6c8522f244c&dn=Sicario.Day.Of.The.Soldado.2018.1080p.BluRay.x264-GECKOS%5BEtHD.(DEBRID ONLY 1080P)</sublink>
<sublink>https://uptostream.com/urc1hjr4ult6(720p)</sublink>
<sublink>https://uptostream.com/qqgg53hzw9zm(1080p)</sublink>
<sublink>search</sublink>
<sublink>searchsd</sublink>
</link>
<thumbnail>https://image.tmdb.org/t/p/w1280/msqWSQkU403cQKjQHnWLnugv7EY.jpg</thumbnail>
<fanart>https://image.tmdb.org/t/p/w700_and_h392_bestv2/urMfgRUk0Kmf5p0KEJopAlqcyXm.jpg</fanart>
</item>
<item>
	<title>SuperFly (2018)</title>
<meta>
<content>movie</content>
<imdb>tt7690670</imdb>
<title>SuperFly</title>
<year>2018</year>
</meta>
<link>
<sublink>https://uptostream.com/qaexqppds1e7(720p)</sublink>
<sublink>https://uptostream.com/jjivgujrr0kw(1080p)</sublink>
<sublink>magnet:?xt=urn:btih:2299e74bcd35406402ee5511535b075c137c2baf&dn=SuperFly.2018.1080p.BluRay.x264-Replica%5BEtHD%5D&tr=udp%3A%2F%2Ftracker.leechers-paradise.org%3A6969&tr=udp%3A%2F%2Fzer0day.ch%3A1337&tr=udp%3A%2F%2Fopen.demonii.com%3A1337&tr=udp%3A%2F%2Ftracker.coppersurfer.tk%3A6969&tr=udp%3A%2F%2Fexodus.desync.com%3A6969(DEBRID ONLY 1080P)</sublink>
<sublink>search</sublink>
<sublink>searchsd</sublink>
</link>
<thumbnail>https://image.tmdb.org/t/p/w1280/gGk9H5PVpWzbsYkmnBeKevQkwwf.jpg</thumbnail>
<fanart>https://image.tmdb.org/t/p/w700_and_h392_bestv2/jqoGbSNsl5aO3JzeoWEf6EDoncD.jpg</fanart>
</item>
<item>
	<title>[COLOR=white]Dont Go[/COLOR]</title>
	<meta>
	<imdb>tt3339680</imdb>
	<content>movie</content>
	<title>DONT Go</title>
	<year>2018</year>
	</meta>
	<link>
	<sublink>https://uptobox.com/nry0z5efborc(720P)</sublink>
	<sublink>https://uptobox.com/vamgh7rc3249(1080P)</sublink>
	<sublink>magnet:?xt=urn:btih:bd330d455bd38fb08f63187a41c2de47551dbb5c&dn=Dont+Go+2018.BluRay.1080p.HEVC.DTS-HDMA5.1-DDR(DEBRID ONLY 1080P)</sublink>
	<sublink>search</sublink>
	<sublink>searchsd</sublink>
	</link>
	<thumbnail>https://image.tmdb.org/t/p/w1280/uRBsefISInYZ6QuFfpY6NoD4w8f.jpg</thumbnail>
	<fanart>https://image.tmdb.org/t/p/w1280/rTIPwztTDVnDIK4Jlac1VdcC9Ps.jpg</fanart>
</item>
<item>
	<title>[COLOR=white]Hotel Artemis[/COLOR]</title>
	<meta>
	<imdb>tt5834262</imdb>
	<content>movie</content>
	<title>Hotel Artemis</title>
	<year>2018</year>
	</meta>
	<link>
	<sublink>https://uptobox.com/v7f5nc7sutek(720p)</sublink>
	<sublink>https://uptobox.com/8mkz9ag3hfah(1080p)</sublink>
	<sublink>magnet:?xt=urn:btih:1d7db69d3fd66db0a344b90401f2fa0bb30652ab&dn=Hotel.Artemis.2018.2160p.UHD.BluRay.x265-TERMiNAL%5BEtHD%5D(DEBRID ONLY 1080P)</sublink>
	<sublink>search</sublink>
	<sublink>searchsd</sublink>
	</link>
	<thumbnail>https://image.tmdb.org/t/p/w1280/vaZMpZOhhkKOYz0MHCx4vDABwgP.jpg</thumbnail>
	<fanart>https://image.tmdb.org/t/p/w1280/rjE0Vf4z3WELachJnAHT7WVTgwR.jpg</fanart>
</item>
<item>
	<title>[COLOR=white]Green Book[/COLOR]</title>
  <meta>
  <imdb>tt6966692</imdb>
  <content>movie</content>
  <title>Green Book</title>
  <year>2018</year>
  </meta>
  <link>  
<sublink>magnet:?xt=urn:btih:5e5b6b20fba81375d9ad604ce419724525089b92&dn=Green.Book.2018.1080p.BluRay.x264-SPARKS%5BEtHD%5D(DEBRID ONLY 1080P)</sublink>
  <sublink>search</sublink>
  <sublink>searchsd</sublink>
  </link>
  <thumbnail>https://image.tmdb.org/t/p/w600_and_h900_bestv2/7BsvSuDQuoqhWmU2fL7W2GOcZHU.jpg</thumbnail>
  <fanart>https://image.tmdb.org/t/p/w1280/78PjwaykLY2QqhMfWRDvmfbC6EV.jpg</fanart>
</item>
<item>
	<title>[COLOR=white]A I Rising[/COLOR]</title>
	<meta>
	<imdb>tt5215088</imdb>
	<content>movie</content>
	<title>A I Rising</title>
	<year>2018</year>
	</meta>
	<link>
	<sublink>https://uptobox.com/o6f43ahmi9dr(1080P)</sublink>
    <sublink>magnet:?xt=urn:btih:ee1d16cf237bd43c0edfb17845a7cce48970bb34&dn=A.I.+Rising+2018+1080p+Blu-ray+DTS-HDMA.5.1.HEVC-DDR%5BEtHD%5D(DEBRID ONLY 1080P)</sublink>
	<sublink>search</sublink>
	<sublink>searchsd</sublink>
	</link>
	<thumbnail>https://image.tmdb.org/t/p/w1280/aXosp6MFBxYi4m6ZmE4u1auReHc.jpg</thumbnail>
	<fanart>https://image.tmdb.org/t/p/w1280/eU2XjrnFBr6v72pFKlBAKxEWFIE.jpg</fanart>
</item>
<item>
	<title>Fifty Shades Freed (2018)</title>
<meta>
<content></content>
<imdb>tt4477536</imdb>
<title>Fifty Shades Freed</title>
<year>2018</year>
</meta>
<link>
<sublink>https://uptobox.com/qrcg30lxexam(720p)</sublink>
<sublink>https://uptobox.com/vf9ahjn1pcji(1080p)</sublink>
<sublink>magnet:?xt=urn:btih:3e2ca300a5fdd64b0323d8597bfc2e10eaf5c7cd&dn=Fifty.Shades.Freed.2018.1080p.BluRay.x264(DEBRID ONLY 1080P)</sublink>
<sublink>search</sublink>
<sublink>searchsd</sublink>
</link>
<thumbnail>https://image.tmdb.org/t/p/w600_and_h900_bestv2/jjPJ4s3DWZZvI4vw8Xfi4Vqa1Q8.jpg</thumbnail>
<fanart>https://image.tmdb.org/t/p/original/kGukVn9tIKupqFN6GclSIpdwnns.jpg</fanart>
</item>
<item>
	<title>A Quiet Place (2018)</title>
<meta>
<content>movie</content>
<imdb>tt6644200</imdb>
<title>A Quiet Place</title>
<year>2018</year>
</meta>
<link>
<sublink>magnet:?xt=urn:btih:38d4f5306ee734386b41d68ecec8fb2ccada9f1a&dn=A.Quiet.Place.2018.1080p.BluRay.x264(DEBRID ONLY 1080P)</sublink>
<sublink>search</sublink>
<sublink>searchsd</sublink>
</link>
<thumbnail>https://image.tmdb.org/t/p/w600_and_h900_bestv2/nAU74GmpUk7t5iklEp3bufwDq4n.jpg</thumbnail>
<fanart>https://image.tmdb.org/t/p/original/iD8g4vLN0gnsaOP28oGcww0yhGH.jpg</fanart>
</item>
<item>
	<title>The Nun (2018)</title>
<meta>
<content></content>
<imdb>tt5814060</imdb>
<title>The Nun</title>
<year>2018</year>
</meta>
<link>
<sublink>https://uptostream.com/rzi0nw7luo6u(720p)</sublink>
<sublink>https://uptostream.com/x5qge9q3f7l9(1080p)</sublink>
<sublink>magnet:?xt=urn:btih:7a13a6f7dda40b82e517c25f3f4b56bc4f0c5465&dn=The.Nun.2018.Bluray.1080p.TrueHD.7.1.Atmos.x264-Grym(DEBRID ONLY 1080P)</sublink>
<sublink>search</sublink>
<sublink>searchsd</sublink>
</link>
<thumbnail>https://image.tmdb.org/t/p/w600_and_h900_bestv2/sFC1ElvoKGdHJIWRpNB3xWJ9lJA.jpg</thumbnail>
<fanart>https://image.tmdb.org/t/p/original/gcLGhjQTDOYYeCCx4EzVfSRWG43.jpg</fanart>
</item>
<item>
	<title>Halloween (2018)</title>
<meta>
<content></content>
<imdb>tt1502407</imdb>
<title>Halloween</title>
<year>2018</year>
</meta>
<link>
<sublink>magnet:?xt=urn:btih:a11d12de42e20bd593f1254e143d8b9269f71b99&dn=Halloween.2018.1080p.BluRay.x264-SPARKS(DEBRID ONLY 1080P)</sublink>
<sublink>search</sublink>
<sublink>searchsd</sublink>
</link>
<thumbnail>https://image.tmdb.org/t/p/w600_and_h900_bestv2/bXs0zkv2iGVViZEy78teg2ycDBm.jpg</thumbnail>
<fanart>https://image.tmdb.org/t/p/original/tZ358Wk4BnOc4FjdGsiexAUvCMH.jpg</fanart>
</item>
<item>
	<title>Unfriended: Dark Web (2018)</title>
<meta>
<content>movie</content>
<imdb>tt4761916</imdb>
<title>Unfriended: Dark Web</title>
<year>2018</year>
</meta>
<link>
<sublink>magnet:?xt=urn:btih:f80d42dcd6f216547f1a7d24680c9cb15d276114&dn=Unfriended.Dark.Web.2018.1080p.BluRay.AVC.DTS-HD.MA.5.1-FGT(DEBRID ONLY 1080P)</sublink>
<sublink>search</sublink>
<sublink>searchsd</sublink>
</link>
<thumbnail>https://image.tmdb.org/t/p/w600_and_h900_bestv2/q27yNUaEt6ohcQMEVHwvPaoKBT8.jpg</thumbnail>
<fanart>https://image.tmdb.org/t/p/original/sl5Zlecwsu0tWkAliUxartbpaav.jpg</fanart>
</item>
<item>
	<title>Winchester (2018)</title>
<meta>
<content></content>
<imdb>tt1072748</imdb>
<title>Winchester</title>
<year>2018</year>
</meta>
<link>
<sublink>https://uptobox.com/mnrv8ob7iiji(720p)</sublink>
<sublink>https://uptobox.com/u7tuwkew4ui7(1080p)</sublink>
<sublink>magnet:?xt=urn:btih:1530495572021cd5d4c65ba7531b684de904acb8&dn=Winchester+2018+1080p+BluRay+AC3+5.1+x264+%5BMW%5D(DEBRID ONLY 1080P)</sublink>
<sublink>search</sublink>
<sublink>searchsd</sublink>
</link>
<thumbnail>https://image.tmdb.org/t/p/w600_and_h900_bestv2/tHDtskokZeO9B3JBdR1dSH0uqad.jpg</thumbnail>
<fanart>https://image.tmdb.org/t/p/original/d4wnMDSrQonB9iArMzd90WqaoJ4.jpg</fanart>
</item>
<item>
	<title>[COLOR=white]The Wind[/COLOR]</title>
	<meta>
	<imdb>tt8426594</imdb>
	<content>movie</content>
	<title>The Wind</title>
	<year>2018</year>
	</meta>
	<link>
	<sublink>https://uptobox.com/xxl8xu63wor0(720p DEBRID)</sublink>
	<sublink>https://uptobox.com/k31hc9ty0t0c(1080p DEBRID)</sublink>
	<sublink>search</sublink>
	<sublink>searchsd</sublink>
	</link>
	<thumbnail>https://image.tmdb.org/t/p/w1280/kcfPHZHSQODLCWdkUVLYATNyEVo.jpg</thumbnail>
	<fanart>https://image.tmdb.org/t/p/w1280/bqi6QBbXmkBar98HJJKEV1HFx71.jpg</fanart>
</item>
<item>
	<title>[COLOR=white]The Perfection[/COLOR]</title>
  <meta>
  <imdb>tt7772580</imdb>
  <content>movie</content>
  <title>The Perfection</title>
  <year>2018</year>
  </meta>
  <link>
  <sublink>https://uptobox.com/l6v861et209q(720p)</sublink>
  <sublink>https://uptobox.com/866k1plg2dul(1080p)</sublink>
  <sublink>magnet:?xt=urn:btih:776c41e817c66f57d2997ec3e7c16869b57b98a7&dn=The.Perfection.2018.1080p.NF.WEB-DL.DD5.1.H264-CMRG%5BTGx%5D(DEBRID ONLY 1080P)</sublink>
  <sublink>search</sublink>
  <sublink>searchsd</sublink>
  </link>
  <thumbnail>https://image.tmdb.org/t/p/w1280/tPDe68PDsgIGMs6wdJLtcwVVxA7.jpg</thumbnail>
  <fanart>https://image.tmdb.org/t/p/w1280/99LvuMDXJ6A6I7FW61OvjDjvvAx.jpg</fanart>
</item>
<item>
	<title>Bird Box (2018)</title>
<meta>
<content></content>
<imdb>tt2737304</imdb>
<title>Bird Box</title>
<year>2018</year>
</meta>
<link>
<sublink>https://www.fembed.com/v/m-zqqc52dg8p8xn(1080p)</sublink>
<sublink>magnet:?xt=urn:btih:47817ca6638e08ca43d753ebcb6310dc3c691b09&dn=Bird.Box.2018.UHD.2160p.UHDRip.x265.HDR.DDP.5.1-DTOne(DEBRID ONLY 2160P)</sublink>
<sublink>search</sublink>
<sublink>searchsd</sublink>
</link>
<thumbnail>https://image.tmdb.org/t/p/w600_and_h900_bestv2/rGfGfgL2pEPCfhIvqHXieXFn7gp.jpg</thumbnail>
<fanart>https://image.tmdb.org/t/p/original/A4xNxrRodvXzJWJs2GbBKo1IBk2.jpg</fanart>
</item>
<item>
	<title>[COLOR=white]Discarnate[/COLOR]</title>
	<meta>
	<imdb>tt4685940</imdb>
	<content>movie</content>
	<title>Discarnate</title>
	<year>2018</year>
	</meta>
	<link>
	<sublink>https://www.fembed.com/v/0e6ggilwr3dp-d6(1080p)</sublink>
	<sublink>https://uptobox.com/qic2w6sa8ci9(DEBRID 720P)</sublink>
	<sublink>https://uptobox.com/efv6hmkf9948(DEBRID 1080P)</sublink>
	<sublink>magnet:?xt=urn:btih:9487210e4941e26670d329bd7a89c3fc17877cc5&dn=Discarnate.2018.1080p.BluRay.x264.iNTERNAL-PussyFoot%5BTGx%5D(DEBRID ONLY 1080P)</sublink>
	<sublink>search</sublink>
	<sublink>searchsd</sublink>
	</link>
	<thumbnail>https://image.tmdb.org/t/p/w1280/5NAWW7zTG0zhrBfHk0sTy1hQlFb.jpg</thumbnail>
	<fanart>https://image.tmdb.org/t/p/w1280/gVocq4M7VZogxINyW7x2BYySzyG.jpg</fanart>
</item>
<item>
	<title>[COLOR=white]The Toybox[/COLOR]</title>
	<meta>
	<imdb>tt6053472</imdb>
	<content>movie</content>
	<title>The Toybox</title>
	<year>2018</year>
	</meta>
	<link>
	<sublink>https://uptobox.com/qzkgnxfcesgo(DEBRID 720p)</sublink>
	<sublink>https://uptobox.com/b84ejgsgbcpf(DEBRID 1080p)</sublink>
	<sublink>magnet:?xt=urn:btih:285f995ea3adafbaf90ff06b5cfcc1c7dab51c1a&dn=The.Toybox.2018.1080p.BluRay.x264-GETiT%5BEtHD%5D(DEBRID ONLY 1080P)</sublink>
	<sublink>search</sublink>
	<sublink>searchsd</sublink>
	</link>
	<thumbnail>https://image.tmdb.org/t/p/w1280/f2m9g3Vhokis2fP6sufZo2esdC4.jpg</thumbnail>
	<fanart>https://image.tmdb.org/t/p/w1280/thPvW9CaxMkfdpJofNQdmYMvtqu.jpg</fanart>
</item>
<item>
	<title>[COLOR=white]The Golem[/COLOR]</title>
	<meta>
	<imdb>tt8329290</imdb>
	<content>movie</content>
	<title>The Golem</title>
	<year>2018</year>
	</meta>
	<link>
	<sublink>magnet:?xt=urn:btih:dc38eefcaabf3597fe12ecaa486830377ad5d94f&dn=The+Golem+2018+1080p+WEB-DL+DD5.1+HEVC+x265-RMTeam&tr=udp%3A%2F%2Ftracker.leechers-paradise.org%3A6969&tr=udp%3A%2F%2Fzer0day.ch%3A1337&tr=udp%3A%2F%2Fopen.demonii.com%3A1337&tr=udp%3A%2F%2Ftracker.coppersurfer.tk%3A6969&tr=udp%3A%2F%2Fexodus.desync.com%3A6969(DEBRID ONLY 1080P)</sublink>
	<sublink>search</sublink>
	<sublink>searchsd</sublink>
	</link>
	<thumbnail>https://image.tmdb.org/t/p/w1280/rwdbyKJ2PKTLamQzr57OgMuFUlD.jpg</thumbnail>
	<fanart>https://image.tmdb.org/t/p/w1280/6OnBU07yyxvJDWPa6KKALKSeXDM.jpg</fanart>
</item>

<item>
  <title>Red Joan</title>
  <meta>
  <imdb>tt7615302</imdb>
  <content>movie</content>
  <title>Red Joan</title>
  <year>2019</year>
  </meta>
  <link>
  <sublink>https://uptobox.com/mstryqjckq1w(DEBRID 720p)</sublink>
  <sublink>https://uptobox.com/114e5yrzynm2(DEBRID 1080p)</sublink>
  <sublink>magnet:?xt=urn:btih:7467bd1e6ee8bf7de2d3f7e154a8c2776788dd55&dn=Red.Joan.2018.1080p.BluRay.1400MB.DD5.1.x264-GalaxyRG(DEBRID ONLY 1080P)</sublink>
  <sublink>search</sublink>
  <sublink>searchsd</sublink>
  </link>
  <thumbnail>https://image.tmdb.org/t/p/w1280/rMgXlcviL4vJFjuHoMl8vtymV4u.jpg</thumbnail>
  <fanart>https://image.tmdb.org/t/p/w1280/98qzwTWn5frqJqbeOh5oMwRSlnW.jpg</fanart>
</item>

<item>
	<title>[COLOR=white]Santet[/COLOR]</title>
	<meta>
	<imdb>tt8617648</imdb>
	<content>movie</content>
	<title>Santet</title>
	<year>2018</year>
	</meta>
	<link>
	<sublink>https://www.fembed.com/v/lg6qqun2ryq8ed7(720P)</sublink>
    <sublink>https://www.fembed.com/v/m-zqqc5np2z31w5(1080P)</sublink>
	<sublink>https://uptobox.com/t6h8s12r1rid(DEBRID-720p)</sublink>
	<sublink>https://uptobox.com/vqxroigraats(DEBRID-1080p)</sublink>
	<sublink>search</sublink>
	<sublink>searchsd</sublink>
	</link>
	<thumbnail>https://image.tmdb.org/t/p/w1280/h0G37ovRxqrsqtPIVWjq9UrvFlx.jpg</thumbnail>
	<fanart>https://image.tmdb.org/t/p/w1280/2Y1S0f5c5O3TkssdecTKxZx6t99.jpg</fanart>
</item>

<item>
	<title>Pledge</title>
	<meta>
	<imdb>tt6220752</imdb>
	<content>movie</content>
	<title>Pledge</title>
	<year>2018</year>
	</meta>
	<link>
	<sublink>https://uptobox.com/yvro16krryby(720P)</sublink>
	<sublink>https://uptobox.com/8sd7dsvkwunr(1080P)</sublink>
	<sublink>search</sublink>
	<sublink>searchsd</sublink>
	</link>
	<thumbnail>https://image.tmdb.org/t/p/w1280/qmtnUMoWCvJKi276AkORxnYQ0q1.jpg</thumbnail>
	<fanart>https://image.tmdb.org/t/p/w1280/aqdjM6chmFlOtt1bzW0uLVIJWan.jpg</fanart>
</item>




<item>
	<title>The Final Wish</title>
	<meta>
	<imdb>tt9109306</imdb>
	<content>movie</content>
	<title>The Final Wish</title>
	<year>2018</year>
	</meta>
	<link>
	<sublink>https://uptobox.com/3mebk76665ku(DEBRID-720p)</sublink>
	<sublink>https://uptobox.com/0cqj49s3a9lq(DEBRID-1080p)</sublink>
	<sublink>search</sublink>
	<sublink>searchsd</sublink>
	</link>
	<thumbnail>https://image.tmdb.org/t/p/w1280/3lFQPOhOAg1gAQgFsXdfYfXFbI6.jpg</thumbnail>
	<fanart>https://image.tmdb.org/t/p/w1280/wyp4QygcdDcLim2F9D3y4gxbW4g.jpg</fanart>
</item>



<item>
	<title>[COLOR=white]The Legend of Halloween Jack[/COLOR]</title>
	<meta>
	<imdb>tt7601296</imdb>
	<content>movie</content>
	<title>The Legend of Halloween Jack</title>
	<year>2018</year>
	</meta>
	<link>
	<sublink>https://www.fembed.com/v/ng2eeu2qwknppwj(1080P)</sublink>
	<sublink>https://uptobox.com/1i4voeniotni(DEBRID-720p)</sublink>
	<sublink>https://uptobox.com/lhp4q568au7z(DEBRID-1080p)</sublink>
	<sublink>magnet:?xt=urn:btih:d8fa7c2a9f21f9275f68a8f87c2bda74a98caa73&dn=The.Legend.of.Halloween.Jack.2018.1080p.WEB-DL.DD5.1.H.264-FG...(DEBRID ONLY 1080P)</sublink>
	<sublink>search</sublink>
	<sublink>searchsd</sublink>
	</link>
	<thumbnail>https://image.tmdb.org/t/p/w1280/1PHkDuVYkuuOdcNDRJT3g7LfNXi.jpg</thumbnail>
	<fanart>https://image.tmdb.org/t/p/w1280/7kCL6jHXYruYC4jE7YYDdyACBsQ.jpg</fanart>
</item>
<item>
	<title>[COLOR=white]The Axiom[/COLOR]</title>
	<meta>
	<imdb>tt6051096</imdb>
	<content>movie</content>
	<title>The Axiom</title>
	<year>2018</year>
	</meta>
	<link>
	<sublink>https://uptobox.com/blx6kwc23mkm(1080p)</sublink>
	<sublink>search</sublink>
	<sublink>searchsd</sublink>
	</link>
	<thumbnail>https://image.tmdb.org/t/p/w1280/g5gVXbA5tRYICUrs62gTmlsep3u.jpg</thumbnail>
	<fanart>https://image.tmdb.org/t/p/w1280/mLon2n6Vgehg6RdlCCZMzweRI99.jpg</fanart>
</item>
<item>
	<title>Primal Rage (2018)</title>
<meta>
<content></content>
<imdb>tt5688868</imdb>
<title>Primal Rage</title>
<year>2018</year>
</meta>
<link>
<sublink>https://uptobox.com/q0jaixd214jl(DEBRID720p)</sublink>
<sublink>https://uptobox.com/sesc0ract020(DEBRID1080p)</sublink>
<sublink>magnet:?xt=urn:btih:7a69c4c7f1f170640f8194c6a894b18a468e56db&dn=Primal.Rage.2018.1080p.BluRay.x264.DTS.-.Hon3yHD(DEBRID ONLY 1080P)</sublink>
<sublink>search</sublink>
<sublink>searchsd</sublink>
</link>
<thumbnail>https://image.tmdb.org/t/p/w600_and_h900_bestv2/3FAxj6N9JsvB390qSIn82rvQIS7.jpg</thumbnail>
<fanart>https://image.tmdb.org/t/p/original/eYVVhXpu2jhuxMWOrWDNuPGKvkW.jpg</fanart>
</item>
<item>
	<title>[COLOR=white]Party Bus to Hell[/COLOR]</title>
	<meta>
	<imdb>tt6360872</imdb>
	<content>movie</content>
	<title>Party Bus to Hell</title>
	<year>2018</year>
	</meta>
	<link>
	<sublink>https://www.fembed.com/v/gy1rrt-dqg3nlpk(720P)</sublink>
	<sublink>https://uptobox.com/52fz46l77s42(DEBRID720P)</sublink>
	<sublink>https://uptobox.com/3l21l0v14nwn(DEBRID1080P)</sublink>
	<sublink>magnet:?xt=urn:btih:d1a633117b4dbd8805837339a620443271e94821&dn=Party.Bus.To.Hell.2017.1080p.BluRay.x264-COALiTiON%5BTGx%5D(DEBRID ONLY 1080P)</sublink>
	<sublink>search</sublink>
	<sublink>searchsd</sublink>
	</link>
	<thumbnail>https://image.tmdb.org/t/p/w1280/sFTfYUE7lSK7rwTvrM9DGu3utU6.jpg</thumbnail>
	<fanart>https://image.tmdb.org/t/p/w1280/4M1sacd63AoDUob1S7q3T81OUDr.jpg</fanart>
</item>
<item>
	<title>[COLOR=white]The Crossbreed[/COLOR]</title>
	<meta>
	<imdb>tt6205996</imdb>
	<content>movie</content>
	<title>The Crossbreed</title>
	<year>2018</year>
	</meta>
	<link>
	<sublink>https://www.fembed.com/v/jg3qqud1lxnk-4z(720P)</sublink>
    <sublink>https://www.fembed.com/v/qgnwwuey-xdwkl0(1080P)</sublink>
	<sublink>https://uptobox.com/ii62prdoqbz1(DEBRID-720P)</sublink>
	<sublink>https://uptobox.com/wssuaid6j55y(DEBRID-1080P)</sublink>
	<sublink>magnet:?xt=urn:btih:875af610e9b00a5115f47c397a2c09e4dafdec84&dn=The+Crossbreed+2018+1080p+WEB-DL+DD5.1+H264-CMRG(DEBRID ONLY 1080P)</sublink>
	<sublink>search</sublink>
	<sublink>searchsd</sublink>
	</link>
	<thumbnail>https://image.tmdb.org/t/p/w1280/ou3AsCQUMxFsOoCI1Ou6xdbOGIc.jpg</thumbnail>
	<fanart>https://image.tmdb.org/t/p/w1280/pDqFFboAXJI9hCcYDaPhXaAJmEf.jpg</fanart>
</item>
<item>
	<title>[COLOR=white]Possum[/COLOR]</title>
	<meta>
	<imdb>tt6081670</imdb>
	<content>movie</content>
	<title>Possum</title>
	<year>2018</year>
	</meta>
	<link>
	<sublink>https://uptobox.com/3lq5uuw05t55(DEBRID 720P)</sublink>
	<sublink>https://uptobox.com/fa0m5ynpagx4(DEBRID 1080P)</sublink>
	<sublink>search</sublink>
	<sublink>searchsd</sublink>
	</link>
	<thumbnail>https://image.tmdb.org/t/p/w1280/5QOFKSpE7KacBriU95fxG6hmmvr.jpg</thumbnail>
	<fanart>https://image.tmdb.org/t/p/w1280/yMWRG4k62IODQFLl0rk9HuoraNv.jpg</fanart>
</item>
<item>
	<title>[COLOR=white]The Clovehitch Killer[/COLOR]</title>
	<meta>
	<imdb>tt6269368</imdb>
	<content>movie</content>
	<title>The Clovehitch Killer</title>
	<year>2018</year>
	</meta>
	<link>
	<sublink>https://uptobox.com/hqvuv7rf711n(DEBRID 720P)</sublink>
	<sublink>https://uptobox.com/o0r8ad96s521(DEBRID 1080P)</sublink>
	<sublink>magnet:?xt=urn:btih:85a3391ce8a7dc5bc28b0c352b879dca43bd7ce3&dn=The.Clovehitch.Killer.2018.1080p.BluRay.x264-SADPANDA%5BEtHD%5D(DEBRID ONLY 1080P)</sublink>
	<sublink>search</sublink>
	<sublink>searchsd</sublink>
	</link>
	<thumbnail>https://image.tmdb.org/t/p/w1280/6NmsbUJqnopbnLun2E4KvtVNj8T.jpg</thumbnail>
	<fanart>https://image.tmdb.org/t/p/w1280/vfLAIrqaN8zwuY7g87sJC2FQ1Vx.jpg</fanart>
</item>
<item>
	<title>Lake Fear 3 (2018)</title>
<meta>
<content>movie</content>
<imdb>tt7983348</imdb>
<title>Lake Fear 3</title>
<year>2018</year>
</meta>
<link>
<sublink>https://www.fembed.com/v/7dw11agyr8jm626(1080P)</sublink>
<sublink>https://uptobox.com/cchyreaj1q4s(DEBRID-1080P)</sublink>
<sublink>search</sublink>
<sublink>searchsd</sublink>
</link>
<thumbnail>https://image.tmdb.org/t/p/w600_and_h900_bestv2/gOZeO0pRPcQ3QTBrEo2mGYzym9s.jpg</thumbnail>
<fanart>https://image.tmdb.org/t/p/original/otMHyiXpL7UBhGYIGipbW69tYvp.jpg</fanart>
</item>
<item>
	<title>[COLOR=white]Hellraiser Judgment[/COLOR]</title>
	<meta>
	<imdb>tt5476182</imdb>
	<content>movie</content>
	<title>Hellraiser Judgment</title>
	<year>2018</year>
	</meta>
	<link>
	<sublink>https://www.fembed.com/v/80lggi86ejqz070(720P)</sublink>
    <sublink>https://www.fembed.com/v/wgn44un8x66k687(1080P)</sublink>
	<sublink>https://uptobox.com/7xsc4der5hg0(DEBRID-720p)</sublink>
	<sublink>https://uptobox.com/61u5cv28bt66(DEBRID-1080p)</sublink>
	<sublink>magnet:?xt=urn:btih:e103e4870f351acbd8d1ef0cb60e422403b34fa1&dn=Avatar+%282009%29+UHD+4K+Upscaled+x264+DTS+Soup(DEBRID ONLY 1080P)</sublink>
	<sublink>search</sublink>
	<sublink>searchsd</sublink>
	</link>
	<thumbnail>https://image.tmdb.org/t/p/w1280/1ySBcIyFExwO2DpruTwcNTBc4Ul.jpg</thumbnail>
	<fanart>https://image.tmdb.org/t/p/w1280/zTxSCwlGgPcabtJ5KVoHUd1mTOV.jpg</fanart>
</item>
<item>
	<title>[COLOR=white]Alien Predator[/COLOR]</title>
	<meta>
	<imdb>tt8633296</imdb>
	<content>movie</content>
	<title>Alien Predator</title>
	<year>2018</year>
	</meta>
	<link>
	<sublink>https://uptobox.com/lwvniqvvtfsn(DEBRID-720P)</sublink>
	<sublink>https://uptobox.com/hmaqranxt4mg(DEBRID-1080P)</sublink>
	<sublink>magnet:?xt=urn:btih:569ebe0194c1d5a6dc42a0ebecc612746d0936b1&dn=Alien.Predator.2018.1080p.BluRay.x264-WiSDOM%5BTGx%5D(DEBRID ONLY 1080P)</sublink>
	<sublink>search</sublink>
	<sublink>searchsd</sublink>
	</link>
	<thumbnail>https://image.tmdb.org/t/p/w1280/jxHWPPNXhegzZHCUSgjlPwnuQ2C.jpg</thumbnail>
	<fanart>https://image.tmdb.org/t/p/w1280/kc20ajqICqsLjvgbfHNnWhDVc85.jpg</fanart>
</item>
<item>
	<title>[COLOR=white]The Possession of Hannah Grace[/COLOR]</title>
	<meta>
	<imdb>tt5734576</imdb>
	<content>movie</content>
	<title>The Possession of Hannah Grace</title>
	<year>2018</year>
	</meta>
	<link>
	<sublink>https://uptobox.com/m1u3wfekald9(DEBRID-720P)</sublink>
	<sublink>https://uptobox.com/fp0o4e12ihux(DEBRID-1080P)</sublink>
	<sublink>magnet:?xt=urn:btih:3ea95442e1435a857bd04efbed837e83ac5bbd58&dn=The.Possession.of.Hannah.Grace.2018.1080p.BluRay.x264-DRONES%5B.(DEBRID ONLY 1080P)</sublink>
	<sublink>search</sublink>
	<sublink>searchsd</sublink>
	</link>
	<thumbnail>https://image.tmdb.org/t/p/w1280/hDDb0H0uJp2wjoJBbBHbKlYRbug.jpg</thumbnail>
	<fanart>https://image.tmdb.org/t/p/w1280/h58gV6ywA5gTNRc4FGL9PJoi5Lr.jpg</fanart>
</item>
<item>
	<title>[COLOR=white]The Revenge of Robert the Doll[/COLOR]</title>
	<meta>
	<imdb>tt6450628</imdb>
	<content>movie</content>
	<title>The Revenge of Robert the Doll</title>
	<year>2018</year>
	</meta>
	<link>
	<sublink>https://uptobox.com/sgg3h4cvjvak(DEBRID-720P)</sublink>
	<sublink>https://uptobox.com/u71k84tj0nxa(DEBRID-1080P)</sublink>
	<sublink>search</sublink>
	<sublink>searchsd</sublink>
	</link>
	<thumbnail>https://image.tmdb.org/t/p/w1280/b4g7C4t1ByhZ8fqlbhUpmvCc7P4.jpg</thumbnail>
	<fanart>https://image.tmdb.org/t/p/w1280/p1BKwn4w8PUdbS0bdOF04L2eSG6.jpg</fanart>
</item>
<item>
	<title>[COLOR=white]Hell Fest[/COLOR]</title>
	<meta>
	<imdb>tt1999890</imdb>
	<content>movie</content>
	<title>Hell Fest</title>
	<year>2018</year>
	</meta>
	<link>
	<sublink>https://uptobox.com/kblbj8l59gz8(DEBRID-720P)</sublink>
	<sublink>https://uptobox.com/chc8jqf4d69o(DEBRID-1080p)</sublink>
	<sublink>magnet:?xt=urn:btih:c1dd580de920524bf7120403ad3a7fe926c09e52&dn=Hell.Fest.2018.1080p.BluRay.x264-Replica%5BTGx%5D(DEBRID ONLY 1080P)</sublink>
	<sublink>search</sublink>
	<sublink>searchsd</sublink>
	</link>
	<thumbnail>https://image.tmdb.org/t/p/w1280/qgLlnlrUtTKXkdrgMBwUfkyAkya.jpg</thumbnail>
	<fanart>https://image.tmdb.org/t/p/w1280/vIsKcpscdELfbBHHsfLvfTTMIc3.jpg</fanart>
</item>
<item>
	<title>[COLOR=white]Lifechanger[/COLOR]</title>
	<meta>
	<imdb>tt7188978</imdb>
	<content>movie</content>
	<title>Lifechanger</title>
	<year>2018</year>
	</meta>
	<link>
	<sublink>https://uptobox.com/65pvu3d8zfmv(DEBRID-720P)</sublink>
	<sublink>https://uptobox.com/wxbmqs4hru2b(DEBRID-1080P)</sublink>
	<sublink>search</sublink>
	<sublink>searchsd</sublink>
	</link>
	<thumbnail>https://image.tmdb.org/t/p/w1280/cvWtwkm6KqXLwWuAtcS6ub4pUFT.jpg</thumbnail>
	<fanart>https://image.tmdb.org/t/p/w1280/vnU60ruIOvTYRJ2WI9pWOrIwBFS.jpg</fanart>
</item>
<item>
	<title>[COLOR=white]El pacto[/COLOR]</title>
	<meta>
	<imdb>tt7690762</imdb>
	<content>movie</content>
	<title>El pacto</title>
	<year>2018</year>
	</meta>
	<link>
	<sublink>https://uptobox.com/ilodbeolx280(DEBRID-720P)</sublink>
	<sublink>https://uptobox.com/4zy5k65mqwpe(DEBRID-1080P)</sublink>
	<sublink>search</sublink>
	<sublink>searchsd</sublink>
	</link>
	<thumbnail>https://image.tmdb.org/t/p/w1280/gpcIEW8fcmuPzJQfFr4X3PtWVWs.jpg</thumbnail>
	<fanart>https://image.tmdb.org/t/p/w1280/zcTinIK3viPag7sn4XYjO4DzDaN.jpg</fanart>
</item>
<item>
	<title>[COLOR=white]May The Devil Take You[/COLOR]</title>
	<meta>
	<imdb>tt8765496</imdb>
	<content>movie</content>
	<title>May The Devil Take You</title>
	<year>2018</year>
	</meta>
	<link>
	<sublink>https://uptobox.com/7ijsr0cxb35o(DEBRID-720P)</sublink>
	<sublink>https://uptobox.com/kvlrqen4hwer(DEBRID-1080p)</sublink>
	<sublink>magnet:?xt=urn:btih:EF32F505D7A022172BD7AECF8374E599975374BD&dn=May+The+Devil+Take+You+%282018%29+%5BWEBRip%5D+%5B1080p%5D+%5BYTS+AM%5D(DEBRID ONLY 1080P)</sublink>
	<sublink>search</sublink>
	<sublink>searchsd</sublink>
	</link>
	<thumbnail>https://image.tmdb.org/t/p/w1280/ozGjFX91USmwJW0Dj6fsUvYmHSg.jpg</thumbnail>
	<fanart>https://image.tmdb.org/t/p/w1280/2DIiC1bgnJF9AaEPYSdk1iEdPlp.jpg</fanart>
</item>
<item>
	<title>[COLOR=white]Boar[/COLOR]</title>
	<meta>
	<imdb>tt4158594</imdb>
	<content>movie</content>
	<title>Boar</title>
	<year>2018</year>
	</meta>
	<link>
	<sublink>https://uptobox.com/upkmmtoqujok(DEBRID-720p)</sublink>
	<sublink>https://uptobox.com/po892syxixgw(DEBRID-1080p)</sublink>
	<sublink>search</sublink>
	<sublink>searchsd</sublink>
	</link>
	<thumbnail>https://image.tmdb.org/t/p/w1280/8wxEPJzfgO0jiaZVz2pFQvYoXqm.jpg</thumbnail>
	<fanart>https://image.tmdb.org/t/p/w1280/y6XY7t6ujijoA7xHpUGHxTsY5lS.jpg</fanart>
</item>
<item>
	<title>Gosnell: The Trial of America's Biggest Serial Killer</title>
<meta>
<content>movie</content>
<imdb>tt3722234</imdb>
<title>Gosnell: The Trial of America's Biggest Serial Killer</title>
<year>2018</year>
</meta>
<link>
<sublink>https://uptostream.com/cxu9wckjzwl1(DEBRID-720p)</sublink>
<sublink>magnet:?xt=urn:btih:24e97763746aee27bc30ee85e4a956f7031814d6&dn=Gosnell.The.Trial.of.Americas.Biggest.Serial.Killer.2018.1080p.W(DEBRID ONLY 1080P)</sublink>
<sublink>search</sublink>
<sublink>searchsd</sublink>
</link>
<thumbnail>https://image.tmdb.org/t/p/w1280/oqlqucQm9ycktct45zlkqPQmO1I.jpg</thumbnail>
<fanart>https://image.tmdb.org/t/p/w1000_and_h563_face/ytFNPjPNFJBaoJE3AEqieETPzRe.jpg</fanart>
</item>
<item>
	<title>Down a Dark Hall (2018)</title>
<meta>
<content></content>
<imdb>tt2372251</imdb>
<title>Down a Dark Hall</title>
<year>2018</year>
</meta>
<link>
<sublink>https://uptobox.com/1wgndrq5dlkr(DEBRID-720P)</sublink>
<sublink>magnet:?xt=urn:btih:d40f40b91ce6ce31f47a798c53751ffd0955efb6&dn=Down.a.Dark.Hall.2018.HDRip.AC3.X264-CMRG%5BEtMovies%5D(DEBRID ONLY 1080P)</sublink>
<sublink>search</sublink>
<sublink>searchsd</sublink>
</link>
<thumbnail>https://image.tmdb.org/t/p/w600_and_h900_bestv2/wErHaJrD1QZ2FEVneH6w0GZUz2L.jpg</thumbnail>
<fanart>https://image.tmdb.org/t/p/original/e6jCCeaaMXV6CUwB1GcdTjWoqID.jpg</fanart>
</item>
<item>
	<title>Killer Kate! (2018)</title>
<meta>
<content>movie</content>
<imdb>tt7319064</imdb>
<title>Killer Kate!</title>
<year>2018</year>
</meta>
<link>
<sublink>https://uptobox.com/midbyf4swvc2(DEBRID-720p)</sublink>
<sublink>magnet:?xt=urn:btih:442e7bb16fcc58a1076ce85202f213e648d4a8a0&dn=Killer+Kate%21+%282018%29+%5BBluRay%5D+%5B1080p%5D(DEBRID ONLY 1080P)</sublink>
<sublink>search</sublink>
<sublink>searchsd</sublink>
</link>
<thumbnail>https://image.tmdb.org/t/p/w600_and_h900_bestv2/xEtY9NtzImWHZavWTQMWub6RYgj.jpg</thumbnail>
<fanart>https://image.tmdb.org/t/p/original/6ARg5a9A9NMg5VxPhzSyVB6aBjf.jpg</fanart>
</item>
<item>
	<title>Searching (2018)</title>
<meta>
<content>movie</content>
<imdb>tt7668870</imdb>
<title>Searching</title>
<year>2018</year>
</meta>
<link>
<sublink>https://uptostream.com/ps9plgpiy3gg(DEBRID-720p)</sublink>
<sublink>https://uptostream.com/602ao5ri6u9q(DEBRID-1080p)</sublink>
<sublink>magnet:?xt=urn:btih:4069961eb911034f35ae1853818fb45653f50aa0&dn=Searching.2018.1080p.BluRay.H264.AAC(DEBRID ONLY 1080P)</sublink>
<sublink>search</sublink>
<sublink>searchsd</sublink>
</link>
<thumbnail>https://image.tmdb.org/t/p/w1280/9N0T3BaHZNdUCcMZQIM3yMUFwEh.jpg</thumbnail>
<fanart>https://image.tmdb.org/t/p/w700_and_h392_bestv2/gPReikm36WQ4W3x30kc7UCpxuIh.jpg</fanart>
</item>
<item>
	<title>[COLOR=white]Body of Sin[/COLOR]</title>
	<meta>
	<imdb>tt5056842</imdb>
	<content>movie</content>
	<title>Body of Sin</title>
	<year>2018</year>
	</meta>
	<link>
	<sublink>https://uptobox.com/kot9vp66po8y(DEBRID-720P)</sublink>
	<sublink>magnet:?xt=urn:btih:c21c6c710a0d3ec5425c2fc192afa30bbf987e78&dn=Body.of.Sin.2018.WEBRip.x264-ASSOCiATE%5BTGx%5D(DEBRID ONLY 1080P)</sublink>
	</link>
	<thumbnail>https://image.tmdb.org/t/p/w1280/76q04dprELlgNo4dQ6N0PTdwkBK.jpg</thumbnail>
	<fanart>https://image.tmdb.org/t/p/w1280/jlpLnLPpQFwshmsOQpwbvk8wTvm.jpg</fanart>
</item>
<item>
	<title>A Simple Favor (2018)</title>
<meta>
<content>movie</content>
<imdb>tt7040874</imdb>
<title>A Simple Favor</title>
<year>2018</year>
</meta>
<link>
<sublink>https://uptostream.com/7wnahtkepebi(DEBRID-720p)</sublink>
<sublink>https://uptostream.com/o02alx3q5jsp(DEBRID-1080p)</sublink>
<sublink>search</sublink>
<sublink>searchsd</sublink>
</link>
<thumbnail>https://image.tmdb.org/t/p/w1280/mbUCU4m8PDZT4AsWYtXdGrtsJx0.jpg</thumbnail>
<fanart>https://image.tmdb.org/t/p/w700_and_h392_bestv2/xXGNyEG2v48q0bVR4AH4Vca2yvy.jpg</fanart>
</item>
<item>
	<title>[COLOR=white]If Beale Street Could Talk[/COLOR]</title>
	<meta>
	<imdb>tt7125860</imdb>
	<content>movie</content>
	<title>If Beale Street Could Talk</title>
	<year>2018</year>
	</meta>
	<link>
	<sublink>https://uptobox.com/tor9qkgcirzr(DEBRID-720p)</sublink>
	<sublink></sublink>
	</link>
	<thumbnail>https://image.tmdb.org/t/p/w1280/8tZx0OX7kxv6F2VNWZoPr2bWDgE.jpg</thumbnail>
	<fanart>https://image.tmdb.org/t/p/w1280/1BeMxME8SPuJgCTmyEBzGWSZrAR.jpg</fanart>
</item>
<item>
	<title>The Front Runner (2018)</title>
<meta>
<content>movie</content>
<imdb>tt7074886</imdb>
<title>The Front Runner</title>
<year>2018</year>
</meta>
<link>
<sublink>magnet:?xt=urn:btih:3486ae02ad795ff2e584e7e23ada0ae412e476d0&dn=The.Front.Runner.2018.1080p.BluRay.x264-DRONES%5BEtHD%5D(DEBRID ONLY 1080P)</sublink>
<sublink>search</sublink>
<sublink>searchsd</sublink>
</link>
<thumbnail>https://image.tmdb.org/t/p/w600_and_h900_bestv2/8sSv2fmkJKJziM7bf6R3jPTOAbr.jpg</thumbnail>
<fanart>https://image.tmdb.org/t/p/original/kQVo5ECXrTcoMtj8hWbdiqpfPms.jpg</fanart>
</item>
<item>
	<title>The Hate U Give</title>
<meta>
<content>movie</content>
<imdb>tt5580266</imdb>
<title>The Hate U Give</title>
<year>2018</year>
</meta>
<link>
<sublink>https://uptostream.com/dg4gdmlzep1g(DEBRID-720p)</sublink>
<sublink>https://uptostream.com/n76o9f5tlnj0(DEBRID-1080p)</sublink>
<sublink>search</sublink>
<sublink>searchsd</sublink>
</link>
<thumbnail>https://image.tmdb.org/t/p/w1280/4b8RWRy4igwS0bEi26qYNzruAQX.jpg</thumbnail>
<fanart>https://image.tmdb.org/t/p/w1000_and_h563_face/5AijK8OxcTzuT8z6aEcc3kO96eG.jpg</fanart>
</item>
<item>
	<title>The Mule (2018)</title>
<meta>
<content>movie</content>
<imdb>tt7959026</imdb>
<title>The Mule</title>
<year>2018</year>
</meta>
<link>
<sublink>https://uptobox.com/man8tfftdwn6(DEBRID-720p)</sublink>
<sublink>https://uptobox.com/m7lel5tidrj0(DEBRID-1080p)</sublink>
<sublink>search</sublink>
<sublink>searchsd</sublink>
</link>
<thumbnail>https://image.tmdb.org/t/p/w600_and_h900_bestv2/oeZh7yEz3PMnZLgBPhrafFHRbVz.jpg</thumbnail>
<fanart>https://image.tmdb.org/t/p/original/yuLfnOmCkez8pnyzoFebQSaGwel.jpg</fanart>
</item>
<item>
	<title>Beast of Burden (2018)</title>
<meta>
<content>movie</content>
<imdb>tt6170506</imdb>
<title>Beast of Burden</title>
<year>2018</year>
</meta>
<link>
<sublink>http://uptobox.com/mrxsuv28b1qm(DEBRID-720p)</sublink>
<sublink>http://uptobox.com/rjfquwfltisq(DEBRID-1080p)</sublink>
<sublink>search</sublink>
<sublink>searchsd</sublink>
</link>
<thumbnail>https://image.tmdb.org/t/p/w600_and_h900_bestv2/XOLPTXme5Y4ves4JSA7Tq7QF9V.jpg</thumbnail>
<fanart>https://image.tmdb.org/t/p/w700_and_h392_bestv2/bgh5OlSNhcYGCVMqV0xTwNgkbY4.jpg</fanart>
</item>
<item>
	<title>Hurricane</title>
<meta>
<content>movie</content>
<imdb></imdb>
<title>Hurricane</title>
<year>2018</year>
</meta>
<link>
<sublink>https://uptostream.com/m3rcv4j7gigx(DEBRID-720p)</sublink>
<sublink>search</sublink>
<sublink>searchsd</sublink>
</link>
<thumbnail>https://image.tmdb.org/t/p/w1280/mTpmZORhYswd9YinB23wV9QE2cx.jpg</thumbnail>
<fanart>https://image.tmdb.org/t/p/w1000_and_h563_face/jiLDlDgNMaUjyKcBQEOeFMPj3Z3.jpg</fanart>
</item>
<item>
	<title>After Darkness</title>
<meta>
<content>movie</content>
<imdb>tt2728784</imdb>
<title>After Darkness</title>
<year>2018</year>
</meta>
<link>
<sublink>https://uptostream.com/wwf3tzeo29yl(DEBRID-720p)</sublink>
<sublink>search</sublink>
<sublink>searchsd</sublink>
</link>
<thumbnail>https://image.tmdb.org/t/p/w1280/zrtZ3u1it0D2MsrNFLBxWXYuGic.jpg</thumbnail>
<fanart>https://image.tmdb.org/t/p/w1000_and_h563_face/AneA0sMIzPufIowXnmLTSkvxeJa.jpg</fanart>
</item>
<item>
	<title>Mission Impossible:Fallout (2018)</title>
<meta>
<content>movie</content>
<imdb>tt4912910</imdb>
<title>Mission IMpossible: Fallout</title>
<year>2018</year>
</meta>
<link>
<sublink>https://uptostream.com/rco27v363wx1(DEBRID-720p)</sublink>
<sublink>https://uptostream.com/bdyazodzm7al(DEBRID-1080p)</sublink>
<sublink>magnet:?xt=urn:btih:0db0658ce7882a236d650496c0bdc0d913fa6108&dn=Mission.Impossible.Fallout.2018.IMAX.1080p.Bluray.X264-EVO%5BEt..(DEBRID ONLY 1080P)</sublink>
<sublink>search</sublink>
<sublink>searchsd</sublink>
</link>
<thumbnail>https://image.tmdb.org/t/p/w1280/AkJQpZp9WoNdj7pLYSj1L0RcMMN.jpg</thumbnail>
<fanart>https://image.tmdb.org/t/p/w700_and_h392_bestv2/5iV0IUDod51YSEzOBnOoedm8uYg.jpg</fanart>
</item>
<item>
	<title>Hunter Killer</title>
<meta>
<content>movie</content>
<imdb>tt1846589</imdb>
<title>Hunter Killer</title>
<year>2018</year>
</meta>
<link>
<sublink>https://uptostream.com/czcilla5xe1r(DEBRID-720p)</sublink>
<sublink>https://uptostream.com/m7ltavfcfnan(DEBRID-1080p)</sublink>
<sublink>magnet:?xt=urn:btih:82fdbb0cf058e55cb8db247deca366211d2322c1&dn=Hunter.Killer.2018.1080p.BluRay.x264-DRONES%5BEtHD%5D(DEBRID ONLY 1080P)</sublink>
<sublink>search</sublink>
<sublink>searchsd</sublink>
</link>
<thumbnail>https://image.tmdb.org/t/p/w1280/a0j18XNVhP4RcW3wXwsqT0kVoQm.jpg</thumbnail>
<fanart>https://image.tmdb.org/t/p/w1000_and_h563_face/hE6Jh9FJiBrakHcT3vmWxM0GVpv.jpg</fanart>
</item>
<item>
	<title>Braven (2018)</title>
<meta>
<content></content>
<imdb>tt5001754</imdb>
<title>Braven (2018)</title>
<year>2018</year>
</meta>
<link>
<sublink>http://uptobox.com/tatw6vpi7qs9(DEBRID-720p)</sublink>
<sublink>http://uptobox.com/yfcgx06qgv1g(DEBRID-1080p)</sublink>
<sublink>magnet:?xt=urn:btih:56dd2438c488bf82cd74e74214152b7e88a8c5d5&dn=Braven.2018.1080p.BluRay.HEVC.AAC.5.1-DTOne(DEBRID ONLY 1080P)</sublink>
<sublink>search</sublink>
<sublink>searchsd</sublink>
</link>
<thumbnail>https://image.tmdb.org/t/p/w600_and_h900_bestv2/253Bw5I3Zj3e2thCThjO7byEUCL.jpg</thumbnail>
<fanart>https://image.tmdb.org/t/p/original/oTXIEUqVqGTtdpaNEaC8cJwDtfs.jpg</fanart>
</item>
<item>
	<title>Scorched Earth (2018)</title>
<meta>
<content></content>
<imdb>tt2392748</imdb>
<title>Scorched Earth</title>
<year>2018</year>
</meta>
<link>
<sublink>http://uptobox.com/x6dvpk7l62tg(DEBRID-1080p)</sublink>
<sublink>http://uptobox.com/a02qz2vdt5zx(DEBRID-720p)</sublink>
<sublink>magnet:?xt=urn:btih:86c98194243a114f33ea49096ff3a1bfa480e62b&dn=Scorched.Earth.2018.720p.10bit.BluRay.6CH.x265.HEVC-PSA(DEBRID ONLY 1080P)</sublink>
<sublink>search</sublink>
<sublink>searchsd</sublink>
</link>
<thumbnail>https://image.tmdb.org/t/p/w600_and_h900_bestv2/3EqgAHkESHZLK4MUHgK9s9882S2.jpg</thumbnail>
<fanart>https://image.tmdb.org/t/p/original/sO1rHbQgxHpwAznH00OxaHnqNUG.jpg</fanart>
</item>
<item>
	<title>[COLOR=white]Can You Ever Forgive Me?[/COLOR]</title>
	<meta>
	<imdb>tt4595882</imdb>
	<content>movie</content>
	<title>Can You Ever Forgive Me?</title>
	<year>2018</year>
	</meta>
	<link>
	<sublink>https://uptobox.com/wtmtz1fojw7z(DEBRID-1080p)</sublink>
	<sublink>search</sublink>
	<sublink>searchsd</sublink>
	</link>
	<thumbnail>https://image.tmdb.org/t/p/w1280/hPuZR2bFoV0kuBrA98exWyvTf40.jpg</thumbnail>
	<fanart>https://image.tmdb.org/t/p/w1280/dc0FxYIyKfP4drQ7MEl2sHsoD14.jpg</fanart>
</item>
<item>
	<title>[COLOR=white]Kursk[/COLOR]</title>
	<meta>
	<imdb>tt4951982</imdb>
	<content>movie</content>
	<title>Kursk</title>
	<year>2018</year>
	</meta>
	<link>
	<sublink>https://uptobox.com/jgmqniyi3bta(DEBRID-720P)</sublink>
	<sublink>https://uptobox.com/vnwinlfopkw4(DEBRID-1080P)</sublink>
	<sublink>magnet:?xt=urn:btih:6955e12742b3bacced629ecc4c948ecd37a80fe5&dn=Kursk.2018.1080p.Bluray.X264-EVO%5BTGx%5D(DEBRID ONLY 1080P)</sublink>
	<sublink>search</sublink>
	<sublink>searchsd</sublink>
	</link>
	<thumbnail>https://image.tmdb.org/t/p/w1280/1Y09MkMJ8CESSPW4fcbDm9s5cAS.jpg</thumbnail>
	<fanart>https://image.tmdb.org/t/p/w1280/tpn4FbxL6oeZh8YtanV1a0k7dLB.jpg</fanart>
</item>
<item>
	<title>[COLOR=white]Vice[/COLOR]</title>
	<meta>
	<imdb>tt6266538</imdb>
	<content>movie</content>
	<title>Vice</title>
	<year>2018</year>
	</meta>
	<link>
	<sublink>https://uptobox.com/7arz2qcsf3w1(DEBRID-720P)</sublink>
	<sublink>https://uptobox.com/mmgbiqlq9lnz(DEBRID-1080P)</sublink>
	<sublink>magnet:?xt=urn:btih:C5814108F8E759E2B581F9CCB365679C276D2CCB&dn=Vice+2018+1080p+BluRay+H264+AAC-RARBG(DEBRID ONLY 1080P)</sublink>
	<sublink>search</sublink>
	<sublink>searchsd</sublink>
	</link>
	<thumbnail>https://image.tmdb.org/t/p/w1280/e0NZxqQ4B8YZ6kRrZish2DPqtdi.jpg</thumbnail>
	<fanart>https://image.tmdb.org/t/p/w1280/uvy89JLcYEiUb0VOoSjkUrIW3nJ.jpg</fanart>
</item>
<item>
	<title>Den of Thieves (2018)</title>
<meta>
<content></content>
<imdb>tt1259528</imdb>
<title>Den of Thieves</title>
<year>2018</year>
</meta>
<link>
<sublink>https://uptobox.com/g6o7vx88c16n(DEBRID-720p)</sublink>
<sublink>https://uptobox.com/vhpj9ud8e4aw(DEBRID-1080p)</sublink>
<sublink>magnet:?xt=urn:btih:438755E1786D42160175FACDA7F12AA048B3AB8C&dn=Den+Of+Thieves+2018+UNRATED+1080p+BluRay+x264+DTS-HD+MA+5+1-FGT(DEBRID ONLY 1080P)</sublink>
<sublink>search</sublink>
<sublink>searchsd</sublink>
</link>
<thumbnail>https://image.tmdb.org/t/p/w600_and_h900_bestv2/AfybH6GbGFw1F9bcETe2yu25mIE.jpg</thumbnail>
<fanart>https://image.tmdb.org/t/p/original/zwJXsj1qWu4WUcBmnHC4eDcxW1x.jpg</fanart>
</item>
<item>
	<title>12 Strong (2018)</title>
<meta>
<content></content>
<imdb>tt1413492</imdb>
<title>12 Strong</title>
<year>2018</year>
</meta>
<link>
<sublink>magnet:?xt=urn:btih:93D7FC60C422DF10829799E1DE104A497BA5ACB9&dn=12+Strong+%282018%29+%5BBluRay%5D+%5B1080p%5D+%5BYTS.AM%5D(DEBRID ONLY 1080P)</sublink>
<sublink>search</sublink>
<sublink>searchsd</sublink>
</link>
<thumbnail>https://image.tmdb.org/t/p/w600_and_h900_bestv2/j18021qCeRi3yUBtqd2UFj1c0RQ.jpg</thumbnail>
<fanart>https://image.tmdb.org/t/p/original/pcOeMkwouwDuIIBvgFyKO4VhqK.jpg</fanart>
</item>
<item>
	<title>Maze Runner: The Death Cure (2018)</title>
<meta>
<content></content>
<imdb>tt4500922</imdb>
<title>Maze Runner: The Death Cure</title>
<year>2018</year>
</meta>
<link>
<sublink>https://uptobox.com/10ev1b8ctxqv(DEBRID-720p)</sublink>
<sublink>https://uptobox.com/xa2ccc6sttg2(DEBRID-1080p)</sublink>
<sublink>magnet:?xt=urn:btih:8C6870A32AD9C4A7F1F9DF309B53C98690F1189F&dn=Maze+Runner+The+Death+Cure+%282018%29+%5BBluRay%5D+%5B1080p%5D+%5BYTS.AM%5D(DEBRID ONLY 1080P)</sublink>
<sublink>search</sublink>
<sublink>searchsd</sublink>
</link>
<thumbnail>https://image.tmdb.org/t/p/w600_and_h900_bestv2/2zYfzA3TBwrMC8tfFbpiTLODde0.jpg</thumbnail>
<fanart>https://image.tmdb.org/t/p/original/zgcL0xaHxXVvrV1Fu1ZSKoTk0MH.jpg</fanart>
</item>
<item>
	<title>King of Thieves</title>
<meta>
<content>movie</content>
<imdb>tt5789976</imdb>
<title>King of Thieves</title>
<year>2018</year>
</meta>
<link>
<sublink>https://uptostream.com/xd5g77p5fejd(DEBRID-720p)</sublink>
<sublink>https://uptostream.com/bdf2psr6ntam(DEBRID-1080p)</sublink>
<sublink>magnet:?xt=urn:btih:C1871AE3C7A8AFB124B99E853BFE01C253D38B10&dn=King+of+Thieves+2018+Blu-ray+1080p+DTS-HDMA+5+1+HEVC-DDR%5BEtHD(DEBRID ONLY 1080P)</sublink>
<sublink>search</sublink>
<sublink>searchsd</sublink>
</link>
<thumbnail>https://image.tmdb.org/t/p/w1280/nNXe3HWf4BsSqmk7QA9YtGZHYR7.jpg</thumbnail>
<fanart>https://image.tmdb.org/t/p/w1000_and_h563_face/otk4yWrxuCgvDT7TLtDbkB1C407.jpg</fanart>
</item>
<item>
	<title>The Equalizer 2 (2018)</title>
<meta>
<content>movie</content>
<imdb>tt3766354</imdb>
<title>The Equalizer 2</title>
<year>2018</year>
</meta>
<link>
<sublink>https://uptostream.com/kdks9n6cvhmo(DEBRID-720p)</sublink>
<sublink>https://uptostream.com/ytb81u6u38n4(DEBRID-1080p)</sublink>
<sublink>magnet:?xt=urn:btih:DC71D2FAE62FC78662788211835AC315F21583A8&dn=The+Equalizer+2+2018+1080p+BluRay+x264+DTS+%5BMW%5D+mkv(DEBRID ONLY 1080P)</sublink>
<sublink>search</sublink>
<sublink>searchsd</sublink>
</link>
<thumbnail>https://image.tmdb.org/t/p/w1280/cQvc9N6JiMVKqol3wcYrGshsIdZ.jpg</thumbnail>
<fanart></fanart>
</item>
<item>
	<title>The 15:17 to Paris (2018)</title>
<meta>
<content></content>
<imdb>tt6802308</imdb>
<title>The 15:17 to Paris</title>
<year>2018</year>
</meta>
<link>
<sublink>https://uptobox.com/pp5k8oya625s(DEBRID-720p)</sublink>
<sublink>https://uptobox.com/rs3dr80dc523(DEBRID-1080p)</sublink>
<sublink>magnet:?xt=urn:btih:947BAA8978879FACD875C5C090246F7F3A7B1FCA&dn=The+15+17+To+Paris+%282018%29+%5BBluRay%5D+%5B1080p%5D+%5BYTS.AM%5D(DEBRID ONLY 1080P)</sublink>
<sublink>search</sublink>
<sublink>searchsd</sublink>
</link>
<thumbnail>https://image.tmdb.org/t/p/w600_and_h900_bestv2/qxJQ0VBCuJkJhJmuWzxI408ngwd.jpg</thumbnail>
<fanart>https://image.tmdb.org/t/p/original/gkkBhctHPGg8hrmtWbO3ySZoj4z.jpg</fanart>
</item>
<item>
	<title>Death Wish (2018)</title>
<meta>
<content>movie</content>
<imdb>tt1137450</imdb>
<title>Death Wish</title>
<year>2018</year>
</meta>
<link>
<sublink>https://uptostream.com/awyi40ujaexc(DEBRID-720p)</sublink>
<sublink>https://uptostream.com/z8o1nfnzhkb7(DEBRID-1080p)</sublink>
<sublink>magnet:?xt=urn:btih:1E75BAD9F06E66B52E539CC3DACE4A447F981991&dn=Death+Wish+%282018%29+%5BBluRay%5D+%5B1080p%5D+%5BYTS.AM%5D(DEBRID ONLY 1080P)</sublink>
<sublink>search</sublink>
<sublink>searchsd</sublink>
</link>
<thumbnail>https://image.tmdb.org/t/p/w600_and_h900_bestv2/7FG13lLQcV9DC2Bhn0hjxc6AFXV.jpg</thumbnail>
<fanart>https://image.tmdb.org/t/p/original/6McrjaqmwyVEIgGrtDemVKMd1LY.jpg</fanart>
</item>
<item>
	<title>[COLOR=white]Level 16[/COLOR]</title>
	<meta>
	<imdb>tt4006302</imdb>
	<content>movie</content>
	<title>Level 16</title>
	<year>2018</year>
	</meta>
	<link>
	<sublink>https://uptobox.com/u68k6tr0thuh(DEBRID-720p)</sublink>
	<sublink>magnet:?xt=urn:btih:DE5E1B4E1AB288F89EAF35D697F176FC89B48198&dn=Level+16+%282018%29+%5BBluRay%5D+%5B1080p%5D+%5BYTS+AM%5D(DEBRID ONLY 1080P)</sublink>
	<sublink>search</sublink>
	<sublink>searchsd</sublink>
	</link>
	<thumbnail>https://image.tmdb.org/t/p/w1280/ibw9NX3EO51SYkJ7NI9oH3rkdZ1.jpg</thumbnail>
	<fanart>https://image.tmdb.org/t/p/w1280/n6woQ3TpzAJk9TyxE7HdfBlQmbb.jpg</fanart>
</item>
<item>
	<title>Pacific Rim: Uprising (2018)</title>
<meta>
<content></content>
<imdb>tt2557478</imdb>
<title>Pacific Rim: Uprising</title>
<year>2018</year>
</meta>
<link>
<sublink>https://uptostream.com/c3fffigm8535(DEBRID-720p)</sublink>
<sublink>magnet:?xt=urn:btih:256410B929595AFD5C7FA611A359C52588573363&dn=Pacific+Rim+Uprising+%282018%29+%5BBluRay%5D+%5B1080p%5D+%5BYTS.AM%5D(DEBRID ONLY 1080P)</sublink>
<sublink>search</sublink>
<sublink>searchsd</sublink>
</link>
<thumbnail>https://image.tmdb.org/t/p/w1280/v5HlmJK9bdeHxN2QhaFP1ivjX3U.jpg</thumbnail>
<fanart>https://image.tmdb.org/t/p/original/6pT73ACl5N1VekdK3wQI8PLfz1E.jpg</fanart>
</item>
<item>
	<title>211 (2018)</title>
<meta>
<content></content>
<imdb>tt4976192</imdb>
<title>211</title>
<year>2018</year>
</meta>
<link>
<sublink>https://uptostream.com/f2xphb2po2xx(DEBRID-720p)</sublink>
<sublink>https://uptostream.com/p8p44nnoikmc(DEBRID-1080p)</sublink>
<sublink>search</sublink>
<sublink>searchsd</sublink>
</link>
<thumbnail>https://image.tmdb.org/t/p/w1280/81RColr4rau6DZ7z9eMsksokcfk.jpg</thumbnail>
<fanart>https://image.tmdb.org/t/p/original/7eTWQb475pM9H3NEOiUzGYASEx0.jpg</fanart>
</item>
<item>
	<title>[COLOR=white]Arctic[/COLOR]</title>
	<meta>
	<imdb>tt6820256</imdb>
	<content>movie</content>
	<title>Arctic</title>
	<year>2018</year>
	</meta>
	<link>
	<sublink>https://uptobox.com/cku0siyk0drf(DEBRID-720p)</sublink>
	<sublink>https://uptobox.com/pv223i842ctr(DEBRID-1080p)</sublink>
	<sublink>magnet:?xt=urn:btih:C6388397ADBA8B5940C75FDFED3DFDEB8B4D2957&dn=Arctic+%282018%29+%5BBluRay%5D+%281080p%29+%5BYTS+AM%5D(DEBRID ONLY 1080P)</sublink>
	<sublink>search</sublink>
	<sublink>searchsd</sublink>
	</link>
	<thumbnail>https://image.tmdb.org/t/p/w1280/w9GVlRteCgY103DN8CdFik3HUhO.jpg</thumbnail>
	<fanart>https://image.tmdb.org/t/p/w1280/adNNHvX31BATsQjSBurupj0gt30.jpg</fanart>
</item>
<item>
	<title>[COLOR=white]High Life[/COLOR]</title>
	<meta>
	<imdb>tt4827558</imdb>
	<content>movie</content>
	<title>High Life</title>
	<year>2018</year>
	</meta>
	<link>
	<sublink>https://uptobox.com/jle49eld83i7(DEBRID-720p)</sublink>
	<sublink>https://uptobox.com/nxr7wvdiid6q(DEBRID-1080p)</sublink>
	<sublink>magnet:?xt=urn:btih:AE9F7AE6BC0B2348F4A090B9B6BCE6B8E4AB24F6&dn=High+Life+%282018%29+%5BBluRay%5D+%281080p%29+%5BYTS+AM%5D(DEBRID ONLY 1080P)</sublink>
	<sublink>search</sublink>
	<sublink>searchsd</sublink>
	</link>
	<thumbnail>https://image.tmdb.org/t/p/w1280/wElOvH7H6sLElsTOLu1MY6oWRUx.jpg</thumbnail>
	<fanart>https://image.tmdb.org/t/p/w1280/6gHdAO1Lvk9bjzhY4hX3wVRkAhF.jpg</fanart>
</item>
<item>
	<title>Assassination Nation (2018)</title>
<meta>
<content>movie</content>
<imdb>tt6205872</imdb>
<title>Assassination Nation</title>
<year>2018</year>
</meta>
<link>
<sublink>https://uptostream.com/xtw3m7lyfn9z(DEBRID-720p)</sublink>
<sublink>https://uptostream.com/7v05kx4rdj39(DEBRID-1080p)</sublink>
<sublink>search</sublink>
<sublink>searchsd</sublink>
</link>
<thumbnail>https://image.tmdb.org/t/p/w1280/rcCpI5TJ7zMzLXS0cHWvPfhCG2c.jpg</thumbnail>
<fanart>https://image.tmdb.org/t/p/w700_and_h392_bestv2/ygcLmP4d7JpCfa2f6yxH2rHuIYv.jpg</fanart>
</item>
<item>
	<title>Peppermint (2018)</title>
<meta>
<content></content>
<imdb>tt6850820</imdb>
<title>Peppermint</title>
<year>2018</year>
</meta>
<link>
<sublink>https://uptostream.com/s8ho5nkrxn2k(DEBRID-720p)</sublink>
<sublink>https://uptostream.com/dujkmt3xr7si(DEBRID-1080p)</sublink>
<sublink>magnet:?xt=urn:btih:63C456FB17166376236E443D4AB48FCAD991A0BB&dn=Peppermint+%282018%29+%5BBluRay%5D+%281080p%29+%5BYTS+AM%5D(DEBRID ONLY 1080P)</sublink>
<sublink>search</sublink>
<sublink>searchsd</sublink>
</link>
<thumbnail>https://image.tmdb.org/t/p/w1280/jrzxS0vcbzIIay1sdYm0rgI2QfJ.jpg</thumbnail>
<fanart>https://image.tmdb.org/t/p/original/jbYb0hDmRf3GvujU1V6obhBHzbm.jpg</fanart>
</item>
<item>
	<title>Red Sparrow (2018)</title>
<meta>
<content>movie</content>
<imdb>tt2873282</imdb>
<title>Red Sparrow</title>
<year>2018</year>
</meta>
<link>
<sublink>https://uptostream.com/w2v1tenxseu5(DEBRID-720P)</sublink>
<sublink>magnet:?xt=urn:btih:BE4A79D8AEA954E3061E1A2D538F7CB7BD8BCBD1&dn=Red+Sparrow+%282018%29+%5BBluRay%5D+%5B1080p%5D+%5BYTS.AM%5D(DEBRID ONLY 1080P)</sublink>
<sublink>search</sublink>
<sublink>searchsd</sublink>
</link>
<thumbnail>https://image.tmdb.org/t/p/w600_and_h900_bestv2/vLCogyfQGxVLDC1gqUdNAIkc29L.jpg</thumbnail>
<fanart>https://image.tmdb.org/t/p/original/ndTWwr9yzNyXev6d3Ekh2sxRrqm.jpg</fanart>
</item>
<item>
	<title>Bad Samaritan</title>
<meta>
<content>movie</content>
<imdb>tt3203528</imdb>
<title>Bad Samaritan</title>
<year>2018</year>
</meta>
<link>
<sublink>https://uptostream.com/kb3uc5ef1ptm(DEBRID-720p)</sublink>
<sublink>https://uptostream.com/pwb1iztaervb(DEBRID-1080p)</sublink>
<sublink>magnet:?xt=urn:btih:487FA4097E207160F3B013AB95C2C9290B95A422&dn=%5B+www+Torrent9+PH+%5D+Bad+Samaritan+2018+MULTi+1080p+BluRay+x264+AC3-EXTREME(DEBRID ONLY 1080P)</sublink>
<sublink>search</sublink>
<sublink>searchsd</sublink>
</link>
<thumbnail>https://image.tmdb.org/t/p/w1280/qJxWHuYlmwgk965aJNl0M0xfZ2t.jpg</thumbnail>
<fanart>https://image.tmdb.org/t/p/w1000_and_h563_face/hFtgAVESS9EiIlvCmNCVs31SEYK.jpg</fanart>
</item>
<item>
	<title>The Predator (2018)</title>
<meta>
<content>movie</content>
<imdb>tt3829266</imdb>
<title>The Predator</title>
<year>2018</year>
</meta>
<link>
<sublink>https://uptostream.com/jkfzv7la8q38(DEBRID-720p)</sublink>
<sublink>https://uptostream.com/r4uasfe1l3dp(DEBRID-1080p)</sublink>
<sublink>magnet:?xt=urn:btih:CD06AA0C10331C3A0556C9DDC2AF7452CA0DA137&dn=The+Predator+2018+1080p+BluRay+x264-SPARKS%5BEtHD%5D(DEBRID ONLY 1080P)</sublink>
<sublink>search</sublink>
<sublink>searchsd</sublink>
</link>
<thumbnail>https://image.tmdb.org/t/p/w600_and_h900_bestv2/wMq9kQXTeQCHUZOG4fAe5cAxyUA.jpg</thumbnail>
<fanart>https://image.tmdb.org/t/p/original/x0VXCWSTny5JRvpgDnw5ptwQyhA.jpg</fanart>
</item>
<item>
	<title>Widows (2018)</title>
<meta>
<content>movie</content>
<imdb>tt4218572</imdb>
<title>Widows</title>
<year>2018</year>
</meta>
<link>
<sublink>https://www.fembed.com/f/xgxzpu5mn8ywy3d(720p)</sublink>
<sublink>https://uptostream.com/y7euepk6w64a(DEBRID-720p)</sublink>
<sublink>https://gounlimited.to/34ga88sr1hzm</sublink>
<sublink>https://gounlimited.to/8t070xd4u6uv</sublink>
<sublink>https://uptostream.com/5nbrbk6oolxw(DEBRID-1080p)</sublink>
<sublink>magnet:?xt=urn:btih:D4C495A4735B802255F04B67C01B7B62B1CDB48A&dn=Widows+%282018%29+%5BBluRay%5D+%281080p%29+%5BYTS+AM%5D(DEBRID ONLY 1080P)</sublink>
<sublink>search</sublink>
<sublink>searchsd</sublink>
</link>
<thumbnail>https://image.tmdb.org/t/p/w1280/u0JceW2Ic9oVDs4DPADwGxnF8T8.jpg</thumbnail>
<fanart>https://image.tmdb.org/t/p/w1000_and_h563_face/eebRnFCZX2Ax8DFYyanxvJSwqUY.jpg</fanart>
</item>
<item>
	<title>The Commuter (2018)</title>
<meta>
<content>movie</content>
<imdb>tt1590193</imdb>
<title>The Commuter</title>
<year>2018</year>
</meta>
<link>
<sublink>https://uptobox.com/7vbyr5drp8hy(DEBRID-720p)</sublink>
<sublink>https://uptobox.com/0jq2vzjivwss(DEBRID-1080p)</sublink>
<sublink>magnet:?xt=urn:btih:99CA78548596F5FD2D8EE685351109A0F09E8E3C&dn=The+Commuter+%282018%29+%5BBluRay%5D+%5B1080p%5D+%5BYTS.AM%5D(DEBRID ONLY 1080P)</sublink>
<sublink>search</sublink>
<sublink>searchsd</sublink>
</link>
<thumbnail>https://image.tmdb.org/t/p/w600_and_h900_bestv2/rDeGK6FIUfVcXmuBdEORPAGPMNg.jpg</thumbnail>
<fanart>https://image.tmdb.org/t/p/original/srnI5CdeydB9E8WNOqblj0jRfSn.jpg</fanart>
</item>
<item>
	<title>Gotti-2018</title>
<meta>
<content>movie</content>
<imdb>tt1801552</imdb>
<title>Gotti</title>
<year>2018</year>
</meta>
<link>
<sublink>https://uptostream.com/fgzri6sdchf8(DEBRID-720p)</sublink>
<sublink>https://uptostream.com/mje4akkelot9(DEBRID-1080p)</sublink>
<sublink>magnet:?xt=urn:btih:0D9EAD820E63ADD71E30318A45382C0CE2674294&dn=Gotti+%282018%29+%5BBluRay%5D+%5B1080p%5D(DEBRID ONLY 1080P)</sublink>
<sublink>search</sublink>
<sublink>searchsd</sublink>
</link>
<thumbnail>https://image.tmdb.org/t/p/w1280/6vdCoMp68u6JbnlqeXEvxrTNPSm.jpg</thumbnail>
<fanart>https://image.tmdb.org/t/p/w1000_and_h563_face/tWwqNG9KsYceF3SgbVPlOG09r6l.jpg</fanart>
</item>
<item>
	<title>The House with a Clock in Its Walls (2018)</title>
<meta>
<content></content>
<imdb>tt2119543</imdb>
<title>The House with a Clock in Its Walls</title>
<year>2018</year>
</meta>
<link>
<sublink>https://uptostream.com/mcc28fubsmms(DEBRID-720p)</sublink>
<sublink>https://uptostream.com/3sy2bglzot6d(DEBRID-1080p)</sublink>
<sublink>magnet:?xt=urn:btih:3f4108d5281fc3de8697b35a2835b8e10a556ec8&dn=The+House+with+a+Clock+in+Its+Walls+2018+1080p+BluRay+x264+%5BMW%5D(DEBRID ONLY 1080P)</sublink>
<sublink>search</sublink>
<sublink>searchsd</sublink>
</link>
<thumbnail>https://image.tmdb.org/t/p/w1280/qM66Hv4ByAxnilr0jaqCA9uOD4Y.jpg</thumbnail>
<fanart>https://image.tmdb.org/t/p/original/dIufisifucT5lodcV5wRiN92x09.jpg</fanart>
</item>
<item>
	<title>Breaking In(2018)</title>
<meta>
<content>movie</content>
<imdb>tt7137846</imdb>
<title>Breaking In</title>
<year>2018</year>
</meta>
<link>
<sublink>https://uptostream.com/5iv68yh2nzzk(DEBRID-720p)</sublink>
<sublink>https://uptostream.com/lxzw86uiun4d(DEBRID-1080p)</sublink>
<sublink>magnet:?xt=urn:btih:049339a6e2a919284896a460b328e54acb6529b4&dn=Breaking+In+2018+1080p+BluRay+x264+DTS+%5BMW%5D(DEBRID ONLY 1080P)</sublink>
<sublink>search</sublink>
<sublink>searchsd</sublink>
</link>
<thumbnail>https://image.tmdb.org/t/p/w600_and_h900_bestv2/60WQEFuSxb1K7q44ypDhknkscOm.jpg</thumbnail>
<fanart>https://image.tmdb.org/t/p/original/x55wp1XSMw6G37f54wknA9RH9Iw.jpg</fanart>
</item>
<item>
	<title>First Man</title>
<meta>
<content>movie</content>
<imdb>tt1213641</imdb>
<title>First Man</title>
<year>2018</year>
</meta>
<link>
<sublink>https://uptostream.com/sgtdeq7l6sf8(DEBRID-1080p)</sublink>
<sublink>magnet:?xt=urn:btih:15CB5ACEE2FF11AC0DC6D02BE0C1C36DFE5CA20A&dn=First+Man+2018+PROPER+1080p+BluRay+x264-DRONES(DEBRID ONLY 1080P)</sublink>
<sublink>search</sublink>
<sublink>searchsd</sublink>
</link>
<thumbnail>https://image.tmdb.org/t/p/w1280/i91mfvFcPPlaegcbOyjGgiWfZzh.jpg</thumbnail>
<fanart>https://image.tmdb.org/t/p/w1000_and_h563_face/z1FkoHO7bz40S4JiptWHSYoPpxq.jpg</fanart>
</item>
<item>
	<title>The Girl in the Spider's Web (2018)</title>
<meta>
<content>movie</content>
<imdb>tt5177088</imdb>
<title>The Girl in the Spider's Web</title>
<year>2018</year>
</meta>
<link>
<sublink>https://uptobox.com/mgavnwmgzec5(DEBRID-720P)</sublink>
<sublink>magnet:?xt=urn:btih:3689E3E7F8623C587F2654CD7494CF804B6720D9&dn=The+Girl+In+The+Spider%27s+Web+%282018%29+%5BBluRay%5D+%281080p%29+%5BYTS+AM%5D(DEBRID ONLY 1080P)</sublink>
<sublink>search</sublink>
<sublink>searchsd</sublink>
</link>
<thumbnail>https://image.tmdb.org/t/p/w600_and_h900_bestv2/w4ibr8R702DCjwYniry1D1XwQXj.jpg</thumbnail>
<fanart>https://image.tmdb.org/t/p/original/mwdMourUiJ5nrQP3Vnb8BmJKoAt.jpg</fanart>
</item>
<item>
	<title>Boy Erased (2018)</title>
<meta>
<content>movie</content>
<imdb>tt7008872</imdb>
<title>Boy Erased</title>
<year>2018</year>
</meta>
<link>
<sublink>magnet:?xt=urn:btih:A3F10A7BE80C5C2CC5253BB28C886C7290B8E93E&dn=Boy+Erased+%282018%29+%5BBluRay%5D+%281080p%29+%5BYTS+AM%5D(DEBRID ONLY 1080P)</sublink>
<sublink>search</sublink>
<sublink>searchsd</sublink>
</link>
<thumbnail>https://image.tmdb.org/t/p/w600_and_h900_bestv2/29nwMbH6wAjpFdQD3sxztOV5P5x.jpg</thumbnail>
<fanart>https://image.tmdb.org/t/p/original/3Z0GbJ3NKBEbotdHxsllRBKRMmj.jpg</fanart>
</item>
<item>
	<title>Alpha (2018)</title>
<meta>
<content></content>
<imdb>tt4244998</imdb>
<title>Alpha</title>
<year>2018</year>
</meta>
<link>
<sublink>https://uptostream.com/p6vzn3gjy7jz(DEBRID-1080p)</sublink>
<sublink>magnet:?xt=urn:btih:1AAFBAC04228B387AFA4F63B2B113B14531942A8&dn=Alpha+%282018%29+%5BBluRay%5D+%5B1080p%5D+%5BYTS+AM%5D(DEBRID ONLY 1080P)</sublink>
<sublink>search</sublink>
<sublink>searchsd</sublink>
</link>
<thumbnail>https://image.tmdb.org/t/p/w1280/afdZAIcAQscziqVtsEoh2PwsYTW.jpg</thumbnail>
<fanart>https://image.tmdb.org/t/p/original/jlGyMonUcxXoTxOOy9XkEQf9xJW.jpg</fanart>
</item>
<item>
	<title>A Star is Born</title>
<meta>
<content>movie</content>
<imdb>tt1517451</imdb>
<title>A Star is Born</title>
<year>2018</year>
</meta>
<link>
<sublink>https://uptostream.com/rdu4yrwoux7b(DEBRID-720p)</sublink>
<sublink>https://uptostream.com/rn3ka7x37dge(DEBRID-1080p)</sublink>
<sublink>magnet:?xt=urn:btih:5BA1FF99BF94E5A8E8ED8BDC899F05FEBE948EAA&dn=A+Star+Is+Born+2018+2160p+UHD+BluRay+X265-IAMABLE+DUAL-TATUGAMESCF(DEBRID ONLY 1080P)</sublink>
<sublink>search</sublink>
<sublink>searchsd</sublink>
</link>
<thumbnail>https://image.tmdb.org/t/p/w1280/3VGovIXwUeGt7Ti1j7OaOwdBaWG.jpg</thumbnail>
<fanart>https://image.tmdb.org/t/p/w1000_and_h563_face/840rbblaLc4SVxm8gF3DNdJ0YAE.jpg</fanart>
</item>
<item>
	<title>[COLOR=white]God Bless the Broken Road[/COLOR]</title>
	<meta>
	<imdb>tt5702446</imdb>
	<content>movie</content>
	<title>God Bless the Broken Road</title>
	<year>2018</year>
	</meta>
	<link>
	<sublink>https://uptobox.com/yjiepq2fjmsz(DEBRID-720p))</sublink>
	<sublink>https://uptobox.com/qzkx5yh7uv8p(DEBRID-1080p)</sublink>
	<sublink>magnet:?xt=urn:btih:C91E8D4CFB5184B58A1CB4DD1EC07D3053DFC848&dn=God+Bless+The+Broken+Road+%282018%29+%5BBluRay%5D+%281080p%29+%5BYTS+AM%5D(DEBRID ONLY 1080P)</sublink>
	<sublink>search</sublink>
	<sublink>searchsd</sublink>
	</link>
	<thumbnail>https://image.tmdb.org/t/p/w1280/39B20BSnUykv6KM6EZOZ52dmUcx.jpg</thumbnail>
	<fanart>https://image.tmdb.org/t/p/w1280/iInLawRWhnpRrhyCEtmJ7N69ygu.jpg</fanart>
</item>
<item>
	<title>Adrift (2018)</title>
<meta>
<content></content>
<imdb>tt6306064</imdb>
<title>Adrift</title>
<year>2018</year>
</meta>
<link>
<sublink>magnet:?xt=urn:btih:629A3F43DC2AD9366935A36DEA0EC31FBCBB3492&dn=Adrift+%282018%29+%5BBluRay%5D+%5B1080p%5D+%5BYTS.AM%5D(DEBRID ONLY 1080P)</sublink>
<sublink>search</sublink>
<sublink>searchsd</sublink>
</link>
<thumbnail>https://image.tmdb.org/t/p/w1280/inKQmh5hE4T8lQVShfz0DB41sL7.jpg</thumbnail>
<fanart>https://image.tmdb.org/t/p/original/jdXvIFwVT8dawctv9F0xcTKnTgt.jpg</fanart>
</item>
<item>
	<title>Ocean's Eight (2018)</title>
<meta>
<content>movie</content>
<imdb>tt5164214</imdb>
<title>Ocean's Eight</title>
<year>2018</year>
</meta>
<link>
<sublink>https://uptostream.com/a7egfekas7k7(DEBRID-720p)</sublink>
<sublink>https://uptostream.com/qfsrj1bai4vf(DEBRID-1080p)</sublink>
<sublink>magnet:?xt=urn:btih:CD6B83749DA1B293D18ECA36DA083386048A7784&dn=Ocean%27s+Eight+%282018%29+%5BBluRay%5D+%5B1080p%5D+%5BYTS.AM%5D(DEBRID ONLY 1080P)</sublink>
<sublink>search</sublink>
<sublink>searchsd</sublink>
</link>
<thumbnail>https://image.tmdb.org/t/p/w600_and_h900_bestv2/MvYpKlpFukTivnlBhizGbkAe3v.jpg</thumbnail>
<fanart>https://image.tmdb.org/t/p/original/ysM0PbmvxwojAUftlgdb8zjbK0l.jpg</fanart>
</item>
<item>
	<title>Tag (2018)</title>
<meta>
<content>movie</content>
<imdb>tt2854926</imdb>
<title>Tag</title>
<year>2018</year>
</meta>
<link>
<sublink>https://uptobox.com/yzcasx9mcvz1(DEBRID-720P)</sublink>
<sublink>magnet:?xt=urn:btih:36CA9CD3EDA54B8E427DC2D7C5C8B76001F436B8&dn=Tag+%282018%29+%5BBluRay%5D+%5B1080p%5D+%5BYTS.AM%5D(DEBRID ONLY 1080P)</sublink>
<sublink>search</sublink>
<sublink>searchsd</sublink>
</link>
<thumbnail>https://image.tmdb.org/t/p/w600_and_h900_bestv2/eXXpuW2xaq5Aen9N5prFlARVIvr.jpg</thumbnail>
<fanart>https://image.tmdb.org/t/p/original/iNseTgZ7Ypo6qDgFAtxHinNlgik.jpg</fanart>
</item>
<item>
	<title>Blockers (2018)</title>
<meta>
<content>movie</content>
<imdb>tt2531344</imdb>
<title>Blockers</title>
<year>2018</year>
</meta>
<link>
<sublink>https://streamango.com/f/erlrfordpllcsmff</sublink>
<sublink>https://gounlimited.to/77xpe3apctc8</sublink>
<sublink>https://uptostream.com/o8m3e3ndizdg(DEBRID-720)</sublink>
<subink>https://uptostream.com/zeqxjyl0ct6w(DEBRID-1080)</sublink>
<sublink>magnet:?xt=urn:btih:D20EFF14E37AE386D8BC53507D6940879C4448FC&dn=Blockers+2018+1080p+BluRay+x264+DTS-HDC(DEBRID ONLY 1080P)</sublink>
<sublink>search</sublink>
<sublink>searchsd</sublink>
</link>
<thumbnail>https://image.tmdb.org/t/p/w1280/uvlUQXg0AlpGzKukO11K7QtW3Yu.jpg</thumbnail>
<fanart>https://image.tmdb.org/t/p/original/fqPIDVSTl6f1l02fb2rRVYPl5JE.jpg</fanart>
</item>
<item>
	<title>BlacKkKlansman (2018)</title>
<meta>
<content>movie</content>
<imdb>tt7349662</imdb>
<title>BlacKkKlansman</title>
<year>2018</year>
</meta>
<link>
<sublink>https://uptostream.com/mvi9z8ckhby1(DEBRID-720P)</sublink>
<sublink>https://uptostream.com/aulpl0eqrw7j(DEBRID-1080P)</sublink>
<sublink>magnet:?xt=urn:btih:97C8235A8440C0F0D3A2EAF014102E6847F2A970&dn=BlacKkKlansman+%282018%29+%5BBluRay%5D+%281080p%29+%5BYTS+AM%5D(DEBRID ONLY 1080P)</sublink>
<sublink>search</sublink>
<sublink>searchsd</sublink>
</link>
<thumbnail>https://image.tmdb.org/t/p/w600_and_h900_bestv2/55W6mUVv4CXMMQHHhV2zXtLSpXQ.jpg</thumbnail>
<fanart>https://image.tmdb.org/t/p/original/u0m3feiPkNuh4UZOaCgDk5BOZ6R.jpg</fanart>
</item>
<item>
	<title>Night School (2018)</title>
<meta>
<content>movie</content>
<imdb>tt6781982</imdb>
<title>Night School</title>
<year>2018</year>
</meta>
<link>
<sublink>https://uptostream.com/6f4achv14uwj(DEBRID-720p)</sublink>
<sublink>https://uptostream.com/lwtaa1s2zcxa(DEBRID-1080p)</sublink>
<sublink>magnet:?xt=urn:btih:C7E9D83613F20A10304ECA611D520B3EF1991F2B&dn=Night+School+%282018%29+%2B+Extras+%281080p+BluRay+x265+HEVC+10bit+AC3+5+1+SAMPA%29(DEBRID ONLY 1080P)</sublink>
<sublink>search</sublink>
<sublink>searchsd</sublink>
</link>
<thumbnail>https://image.tmdb.org/t/p/w1280/xjsJTVWZYxeP89fwH17rsVvhPAe.jpg</thumbnail>
<fanart>https://image.tmdb.org/t/p/original/jJBimY3DXIaIaL4NeGHfR0U0rSh.jpg</fanart>
</item>
<item>
	<title>Game Night-2018</title>
<meta>
<content>movie</content>
<imdb>tt2704998</imdb>
<title>Game Night</title>
<year>2018</year>
</meta>
<link>
<sublink>https://uptostream.com/ye3q8cipqmzq(DEBRID-1080p)</sublink>
<sublink>https://uptostream.com/jzhhppx5ao4z(DEBRID-720p)</sublink>
<sublink>magnet:?xt=urn:btih:5EEFA919C820FD096A76C9B2D84047315726DF26&dn=Game+Night+2018+1080p+BrRip+6CH+x265+HEVC-PSA(DEBRID ONLY 1080P)</sublink>
<sublink>search</sublink>
<sublink>searchsd</sublink>
</link>
<thumbnail>https://image.tmdb.org/t/p/w600_and_h900_bestv2/85R8LMyn9f2Lev2YPBF8Nughrkv.jpg</thumbnail>
<fanart>https://image.tmdb.org/t/p/original/nFQYnpri9kqJ91sG1IfyhukhdrD.jpg</fanart>
</item>
<item>
	<title>Life of the Party (2018)</title>
<meta>
<content>movie</content>
<imdb>tt5619332</imdb>
<title>Life of the Party</title>
<year>2018</year>
</meta>
<link>
<sublink>https://uptostream.com/l3yl1z8aks1p</sublink>
<sublink>magnet:?xt=urn:btih:58003BCB6CDED80300DECB60B525472ADD0FE6C2&dn=Life+Of+The+Party+%282018%29+%5BBluRay%5D+%5B720p%5D(DEBRID ONLY 720P)</sublink>
<sublink>magnet:?xt=urn:btih:DEF53F29A72B8026B90113283B5A60919DF6F323&dn=Life+Of+The+Party+2018+1080p+BluRay+x264-GECKOS(DEBRID ONLY 1080P)</sublink>
<sublink>search</sublink>
<sublink>searchsd</sublink>
</link>
<thumbnail>https://image.tmdb.org/t/p/w600_and_h900_bestv2/749iUAWQWeutQuTd9excjmigecw.jpg</thumbnail>
<fanart>https://image.tmdb.org/t/p/original/5uayF96i4JWtdNH3uJy5IpImDBT.jpg</fanart>
</item>
<item>
	<title>[COLOR=white]Instant Family[/COLOR]</title>
  <meta>
  <imdb>tt7401588</imdb>
  <content>movie</content>
  <title>Instant Family</title>
  <year>2018</year>
  </meta>
  <link>
  <sublink>https://uptobox.com/04sv9djcw4u0(DEBRID-1080p)</sublink>
  <sublink>magnet:?xt=urn:btih:374A11732EE0311F8CBE60D3096DCCA04ED0E615&dn=Instant+Family+%282018%29+%5BBluRay%5D+%281080p%29+%5BYTS+AM%5D(DEBRID ONLY 1080P)</sublink>
  <sublink>search</sublink>
  <sublink>searchsd</sublink>
  </link>
  <thumbnail>https://image.tmdb.org/t/p/w1280/xYV1mODz99w7AjKDSQ7h2mzZhVe.jpg</thumbnail>
  <fanart>https://image.tmdb.org/t/p/w1280/hZDmBGKhRRIJplyWowfdHxrUOws.jpg</fanart>
</item>
<item>
	<title>[COLOR=white]Holmes & Watson[/COLOR]</title>
	<meta>
	<imdb>tt1255919</imdb>
	<content>movie</content>
	<title>Holmes & Watson</title>
	<year>2018</year>
	</meta>
	<link>
	<sublink>https://uptobox.com/xlj7ehhoi8ho(DEBRID-720p)</sublink>
	<sublink>https://uptobox.com/xlj7ehhoi8ho(DEBRID-1080p)</sublink>
	<sublink>magnet:?xt=urn:btih:FB8E68D011C7ECF9434F2B94C9723A9A844D53A2&dn=Holmes+%26+Watson+%282018%29+%5BBluRay%5D+%281080p%29+%5BYTS+AM%5D(DEBRID ONLY 1080P)</sublink>
	</link>
	<thumbnail>https://image.tmdb.org/t/p/w1280/orEUlKndjV1rEcWqXbbjegjfv97.jpg</thumbnail>
	<fanart>https://image.tmdb.org/t/p/w1280/pikYQjSIHP96Zidprp9ngG8YmYJ.jpg</fanart>
</item>
<item>
	<title>Stan & Ollie (2018)</title>
<meta>
<content>movie</content>
<imdb>tt3385524</imdb>
<title>Stan & Ollie</title>
<year>2018</year>
</meta>
<link>
<sublink>https://uptobox.com/4kz5tbwbnd9h(DEBRID-720p)</sublink>
<sublink>https://uptobox.com/t88irz39dhmy(DEBRID-1080p)</sublink>
<sublink>magnet:?xt=urn:btih:A8AAF2F55FD75F9A91B3986348831A4D5832CB01&dn=Stan+%26+Ollie+%282018%29+%5BBluRay%5D+%281080p%29+%5BYTS+AM%5D(DEBRID ONLY 1080P)</sublink>
<sublink>search</sublink>
<sublink>searchsd</sublink>
</link>
<thumbnail>https://image.tmdb.org/t/p/w600_and_h900_bestv2/7ypYkp97TQzXCdK19sNSxTfXFk3.jpg</thumbnail>
<fanart>https://image.tmdb.org/t/p/original/6oyC0KcZPx9aqA1WkXtkfA1txXU.jpg</fanart>
</item>
<item>
	<title>[COLOR=white]Destination Wedding[/COLOR]</title>
	<meta>
	<imdb>tt6987770</imdb>
	<content>movie</content>
	<title>Destination Wedding</title>
	<year>2018</year>
	</meta>
	<link>
	<sublink>https://uptobox.com/7tu4ufn5y42i(DEBRID-720p))</sublink>
	<sublink>magnet:?xt=urn:btih:D1D2BC98FBE8032DF0A627FF09E9787296EF385B&dn=Destination+Wedding+%282018%29+%5BWEBRip%5D+%5B1080p%5D+%5BYTS.AM%5D(DEBRID ONLY 1080P)</sublink>
	<sublink>search</sublink>
	<sublink>searchsd</sublink>
	</link>
	<thumbnail>https://image.tmdb.org/t/p/w1280/ioj2FMnMgD0eHgYfd31HtWOtBWU.jpg</thumbnail>
	<fanart>https://image.tmdb.org/t/p/w1280/kbg2QTNgW2SGXy8MLBK3PT7cOS6.jpg</fanart>
</item>
<item>
	<title>[COLOR=white]Second Act[/COLOR]</title>
	<meta>
	<imdb>tt2126357</imdb>
	<content>movie</content>
	<title>Second Act</title>
	<year>2018</year>
	</meta>
	<link>https://uptobox.com/w41k1ufd5gvh(DEBRID-1080p)</link>
	<sublink>magnet:?xt=urn:btih:17A2E2E971DF36F1D19256B396D37AEC6A5E62BC&dn=Second+Act+%282018%29+%5BBluRay%5D+%5B1080p%5D+%5BYTS+AM%5D(DEBRID ONLY 1080P)</sublink>
	<thumbnail>https://image.tmdb.org/t/p/w1280/maUMIZVGs8g1hYtq4dQ9Lg9FtVF.jpg</thumbnail>
	<fanart>https://image.tmdb.org/t/p/w1280/osmnZ2rYpBK0cOK9Vjdf4jyIZWK.jpg</fanart>
</item>
<item>
	<title>Overboard (2018)</title>
<meta>
<content>movie</content>
<imdb>tt1563742</imdb>
<title>Overboard</title>
<year>2018</year>
</meta>
<link>
<sublink>https://uptostream.com/d7upc4mhw7mf(DEBRID-720p)</sublink>
<sublink>https://uptostream.com/89xjmxdh0l1y(DEBRID-1080p)</sublink>
<sublink>magnet:?xt=urn:btih:3DA4601800602DFC9606F791AB38703A1B79B7EF&dn=Overboard+%282018%29+%5BBluRay%5D+%5B1080p%5D+%5BYTS.AM%5D(DEBRID ONLY 1080P)</sublink>
<sublink>search</sublink>
<sublink>searchsd</sublink>
</link>
<thumbnail>https://image.tmdb.org/t/p/w1280/qauHzSQJdo9VYX4NKn9PdWnvXOV.jpg</thumbnail>
<fanart>https://image.tmdb.org/t/p/w700_and_h392_bestv2/iqH19bc1fxXFoCEyxZJRy3WRoUb.jpg</fanart>
</item>
<item>
	<title>Blindspotting(2018)</title>
<meta>
<content>movie</content>
<imdb>tt7242142</imdb>
<title>Blindspotting</title>
<year>2018</year>
</meta>
<link>
<subink>https://uptostream.com/f7ep1743592t(DEBRID-720P)</sublink>
<sublink>https://uptostream.com/fdnmf1wqeykv(DEBRID-1080P)</sublink>
<sublink>magnet:?xt=urn:btih:83791272CF4BC20FE9B4082A7431FC51475DA7FD&dn=Blindspotting+%282018%29+%5BBluRay%5D+%5B1080p%5D+%5BYTS+AM%5D(DEBRID ONLY 1080P)</sublink>
<sublink>search</sublink>
<sublink>searchsd</sublink>
</link>
<thumbnail>https://image.tmdb.org/t/p/w1280/c4UvwoMmQiztTqeUnExDU5hoCdP.jpg</thumbnail>
<fanart>https://image.tmdb.org/t/p/original/d3m59GlnJQdb4taaHYTGVT7c3RJ.jpg</fanart>
</item>
<item>
	<title>[COLOR=white]Welcome to Marwen[/COLOR]</title>
	<meta>
	<imdb>tt3289724</imdb>
	<content>movie</content>
	<title>Welcome to Marwen</title>
	<year>2018</year>
	</meta>
	<link>
<sublink>magnet:?xt=urn:btih:B2286C5BB6D11964008DBD9B3EE22E90B43E7E93&dn=Welcome.to.Marwen.2018.MULTi.1080p.BluRay.x264.AC3-EXTREME(DEBRID ONLY 1080P)</sublink>
	<sublink>search</sublink>
	<sublink>searchsd</sublink>
	</link>
	<thumbnail>https://image.tmdb.org/t/p/w1280/o45VIAUYDcVCGuzd43l8Sr5Dfti.jpg</thumbnail>
	<fanart>https://image.tmdb.org/t/p/w1280/q9hnJ9SzwcF30seRtXEzLd5l1gw.jpg</fanart>
</item>
<item>
	<title>Black Mirror: Bandersnatch (2018)</title>
<meta>
<content></content>
<imdb></imdb>
<title>Black Mirror: Bandersnatch</title>
<year>2018</year>
</meta>
<link>
<sublink>magnet:?xt=urn:btih:27F58F967F7C44E12C625AA2BB18FB599B1D2A5C&dn=Black+Mirror+Bandersnatch+2018+WEB-1080p+X264+AAC+CHS+ENG-99Mp4(DEBRID ONLY 1080P)</sublink>
<sublink>search</sublink>
<sublink>searchsd</sublink>
</link>
<thumbnail>https://image.tmdb.org/t/p/w600_and_h900_bestv2/fR0VZ0VE598zl1lrYf7IfBqEwQ2.jpg</thumbnail>
<fanart>https://image.tmdb.org/t/p/original/ar2kmIjWZ0RdL76BlQR48R4H61e.jpg</fanart>
</item>
<item>
	<title>Upgrade (2018)</title>
<meta>
<content>movie</content>
<imdb>tt6499752</imdb>
<title>Upgrade</title>
<year>2018</year>
</meta>
<link>
<sublink>magnet:?xt=urn:btih:5331C7E22F95F25C9A2AF5BDEAF3A93EEFCF9145&dn=Upgrade+%282018%29+%5BBluRay%5D+%5B1080p%5D+%5BYTS.AM%5D(DEBRID ONLY 1080P)</sublink>
<sublink>search</sublink>
<sublink>searchsd</sublink>
</link>
<thumbnail>https://image.tmdb.org/t/p/w600_and_h900_bestv2/8fDtXi6gVw8WUMWGT9XFz7YwkuE.jpg</thumbnail>
<fanart>https://image.tmdb.org/t/p/original/22cUd4Yg5euCxIwWzXrL4m4otkU.jpg</fanart>
</item>
<item>
	<title>[COLOR=white]Death Race 4 Beyond Anarchy[/COLOR]</title>
	<meta>
	<imdb>tt3807900</imdb>
	<content>movie</content>
	<title>Death Race 4 Beyond Anarchy</title>
	<year>2018</year>
	</meta>
	<link>
	<sublink>https://uptobox.com/xfsfhdc4wfuz(DEBRID-720p)</sublink>
	<sublink>https://uptobox.com/ec0tw8ger560(DEBRID-1080p)</sublink>
	<sublink>magnet:?xt=urn:btih:F3CD947BBE915C9A8F89E5C4337A5976CC3CBF56&dn=Death+Race+4+Beyond+Anarchy+2018+1080p+HDRip+X264+AC3-EVO(DEBRID ONLY 1080P)</sublink>
	<sublink>search</sublink>
	<sublink>searchsd</sublink>
	</link>
	<thumbnail>https://image.tmdb.org/t/p/w1280/1PrlKvPUbDQAqFQBCyyt68hLLl.jpg</thumbnail>
	<fanart>https://image.tmdb.org/t/p/w1280/W8V8d9bjLZURgEGbIB5TC70yaj.jpg</fanart>
</item>
<item>
	<title>Uncle Drew (2018)</title>
<meta>
<content>movie</content>
<imdb>tt7334528</imdb>
<title>Uncle Drew</title>
<year>2018</year>
</meta>
<link>
<sublink>https://uptobox.com/rfhccchxr24m(DEBRID-720P)</sublink>
<sublink>https://uptobox.com/wce5fzlfrz07(DEBRID-1080P)</sublink>
<sublink>magnet:?xt=urn:btih:1026DB6E1BF1B32C207C5FF0880A2E2616B9B754&dn=Uncle.Drew.2018.MULTi.1080p.BluRay.x264.AC3-EXTREME(DEBRID ONLY 1080P)</sublink>
<sublink>search</sublink>
<sublink>searchsd</sublink>
</link>
<thumbnail>https://image.tmdb.org/t/p/w600_and_h900_bestv2/cDjAlFbpvjuxH4gFD02fqlyk6qL.jpg</thumbnail>
<fanart>https://image.tmdb.org/t/p/original/uMgVFYSpTuEpnDhjXOG4KgVa19e.jpg</fanart>
</item>
<item>
	<title>[COLOR=white]Creed II[/COLOR]</title>
  <meta>
  <imdb>tt6343314</imdb>
  <content>movie</content>
  <title>Creed II</title>
  <year>2018</year>
  </meta>
  <link>
  <sublink>https://uptostream.com/f9859m4r6b8k(DEBRID-1080p)</sublink>
  <sublink>magnet:?xt=urn:btih:6FEE0D4978D5B3A33C38EE5C8281A3D1FD438C96&dn=Creed+II+%282018%29+%5BBluRay%5D+%281080p%29+%5BYTS+AM%5D(DEBRID ONLY 1080P)</sublink>
  <sublink>search</sublink>
  <sublink>searchsd</sublink>
  </link>
  <thumbnail>https://image.tmdb.org/t/p/w1280/v3QyboWRoA4O9RbcsqH8tJMe8EB.jpg</thumbnail>
  <fanart>https://image.tmdb.org/t/p/w1280/8yqLPNwNCtpOPc3XkOlkSMnghzw.jpg</fanart>
</item>
