


<item>
<title>Avengers:Endgame (2019)</title>
<meta>
<content>movie</content>
<imdb>tt4154796</imdb>
<title>Avengers: Endgame</title>
<year>2019</year>
</meta>
<link>
<sublink>https://uptobox.com/zaxfkvddhow9(DEBRID-720p)</sublink>
<sublink>https://uptostream.com/1qnygonejamc(DEBRID-720p)</sublink>
<sublink>https://uptostream.com/4blxwvatjrys(DEBRID-720p)</sublink>
<sublink>https://uptobox.com/td1xb9wsq1ap(DEBRID-1080p)</sublink>
<sublink>https://uptostream.com/hijxiluks1fa(DEBRID-1080p)</sublink>
<sublink>https://uptostream.com/mhiq8qgljzaw(DEBRID-1080p)</sublink>
<sublink>magnet:?xt=urn:btih:aff2d6555e18745d65ee0e15c4b513f4b2a42e26&dn=Avengers+Endgame+2019+1080p+BluRay+x264+DTS+%5BMW%5D (DEBRID ONLY 1080P)</sublink>
<sublink>search</sublink>
<sublink>searchsd</sublink>
</link>
<thumbnail>https://image.tmdb.org/t/p/w600_and_h900_bestv2/ge8hewUzdoAnxRWNzHQ8naQiBcG.jpg</thumbnail>
<fanart>https://image.tmdb.org/t/p/original/eFzIlCERjyrp2z2YpZo8yaETGWx.jpg</fanart>
</item>

<item>
<title>The Lion King</title>
<meta>
<content>movie</content>
<imdb>tt6105098</imdb>
<title>The Lion King</title>
<year>2019</year>
</meta>
<link>
<sublink>magnet:?xt=urn:btih:7D3FF65F4B73325DCB6D8770A9EEB350E1A85112&dn=The+Lion+King+2019+RERiP+720p+BluRay+x264-SPARKS%5Brarbg%5D(DEBRID ONLY 720P)</sublink>
<sublink>magnet:?xt=urn:btih:163772873E4529EA403B83D53479DE0A4C743878&dn=The+Lion+King+%282019%29+%5B720p%5D+%5BYTS.LT%5D(DEBRID ONLY 720P)</sublink>
<sublink>magnet:?xt=urn:btih:F4C231734DF63E05D214B08308D2EF93210C1858&dn=The+Lion+King+%282019%29+%5B1080p%5D+%5BYTS.LT%5D(DEBRID ONLY 1080P)</sublink>
<sublink>magnet:?xt=urn:btih:E6A8421A36F2CBC3035D52216FB660B9903BD207&dn=The+Lion+King+2019+RERiP+1080p+BluRay+x264-SPARKS%5Brarbg%5D(DEBRID ONLY 1080P)</sublink>
<sublink>search</sublink>
<sublink>searchsd</sublink>
</link>
<thumbnail>https://image.tmdb.org/t/p/w600_and_h900_bestv2/no2HvBMyXp9hf1L3yNNKwnk0XFE.jpg</thumbnail>
<fanart>https://image.tmdb.org/t/p/original/fIr1oyASHCnYOZKUz9CWGEEg86k.jpg</fanart>
</item>

<item>
<title>Crawl</title>
<meta>
<content>movie</content>
<imdb>tt8364368</imdb>
<title>Crawl</title>
<year>2019</year>
</meta>
<link>
<sublink>magnet:?xt=urn:btih:7AF8A4FF263EDEC135E60D0C8531B1D564D5AFEF&dn=Crawl+%282019%29+%5BBluRay%5D+%5B720p%5D+%5BYTS+LT%5D(DEBRID ONLY 720P)</sublink>
<sublink>https://uptobox.com/rt0bt8mzoez5(DEBRID ONLY 720P)</sublink>
<sublink>magnet:?xt=urn:btih:28A29A9696A5FEE3734B231E7058E86E0F068B23&dn=Crawl+%282019%29+%5BBluRay%5D+%281080p%29+%5BYTS+LT%5D(DEBRID ONLY 1080P)</sublink>
<sublink>magnet:?xt=urn:btih:C1BA1706B2E87F5B3616B7D7E5988E751CC3777F&dn=Crawl+2019+1080p+BluRay+x264+DTS-CHD(DEBRID ONLY 1080P)</sublink>
<sublink>search</sublink>
<sublink>searchsd</sublink>
</link>
<thumbnail>https://image.tmdb.org/t/p/w600_and_h900_bestv2/9kOtMOUa5HrOiIG2Z9Anv7M8AbY.jpg</thumbnail>
<fanart>https://image.tmdb.org/t/p/original/lm4xH0YwFbVvTgdtau1thNK5S6J.jpg</fanart>
</item>

<item>
<title>Scary Stories to Tell in the Dark</title>
<meta>
<content>movie</content>
<imdb>tt3387520</imdb>
<title>Scary Stories to Tell in the Dark</title>
<year>2019</year>
</meta>
<link>
<sublink>magnet:?xt=urn:btih:E1B9ADCCD8AD8E35BB74284A5F391BBE7172FC98&dn=Scary+Stories+To+Tell+In+The+Dark+%282019%29+%5BWEBRip%5D+%5B720p%5D+%5BYTS+LT%5D(DEBRID ONLY 720P)</sublink>
<sublink>https://uptobox.com/x3m493z4wqs6(DEBRID ONLY 720P)</sublink>
<sublink>https://uptobox.com/or6l8ot76mgv(DEBRID ONLY 1080P)</sublink>
<sublink>magnet:?xt=urn:btih:07E62696BE7F79D86AD80C0EC46C83BEF6B06E1C&dn=Scary+Stories+To+Tell+In+The+Dark+%282019%29+%5BWEBRip%5D+%281080p%29+%5BYTS+LT%5D(DEBRID ONLY 1080P)</sublink>
<sublink>search</sublink>
<sublink>searchsd</sublink>
</link>
<thumbnail>https://image.tmdb.org/t/p/w600_and_h900_bestv2/d0FWbzrmm99BTfUqf1Lbjl2zu3S.jpg</thumbnail>
<fanart>https://image.tmdb.org/t/p/original/8m9JTau4ZBFQDVX7fyFaxp8yFow.jpg</fanart>
</item>



<item>
<title>Stuber</title>
<meta>
<content>movie</content>
<imdb>tt7734218</imdb>
<title>Stuber</title>
<year>2019</year>
</meta>
<link>
<sublink>https://uptobox.com/oi24u99uxs7u(DEBRID-720P)</sublink>
<sublink>magnet:?xt=urn:btih:f23c50146228d91264c89eb1e2a812693de82cb7&dn=Stuber+%282019%29+%5BBluRay%5D+%5B720p%5D(DEBRID ONLY 720P)</sublink>
<sublink>https://uptobox.com/crffw0yr366a(DEBRID-1080P)</sublink>
<sublink>magnet:?xt=urn:btih:566E6C870FFE1D81A79E6B465B506B57433B8BFD&dn=Stuber+%282019%29+%5B1080p%5D+%5BYTS.LT%5D(DEBRID ONLY 1080P)</sublink>
<sublink>search</sublink>
<sublink>searchsd</sublink>
</link>
<thumbnail>https://image.tmdb.org/t/p/w600_and_h900_bestv2/fDB2KOPyy7gMXRA8Jt2WHrjlnLj.jpg</thumbnail>
<fanart>https://image.tmdb.org/t/p/w500_and_h282_face/xgfn98c2UzvFWP6MXDzytearmQ3.jpg</fanart>
</item>


<item>
 <title>[COLOR=white]Toy Story 4[/COLOR]</title>
 <meta>
 <imdb>tt1979376</imdb>
 <content>movie</content>
 <title>Toy Story 4</title>
 <year>2019</year>
 </meta>
 <link>
 <sublink>magnet:?xt=urn:btih:F976B434321C0FBE9027BB7B40386E0E40C23853&dn=Toy+Story+4+%282019%29+%5BBluRay%5D+%5B720p%5D+%5BYTS+LT%5D(DEBRID ONLY 720P)</sublink>
<sublink>magnet:?xt=urn:btih:D6956763A7762E3626699A1BF289C25855969A4F&dn=Toy+Story+4+2019+1080p+BluRay+x264-SPARKS%5Brarbg%5D(DEBRID ONLY 1080P)</sublink>
<sublink>https://uptobox.com/a42g0nbuvxmi(DEBRID)</sublink>
<sublink>https://uptobox.com/0arn0uo0e4ls(DEBRID)</sublink>
<sublink>magnet:?xt=urn:btih:8db5e6d65bf65dcfd40e4bda24dfe951d3271fcc&dn=Toy.Story.4.2019.1080p.HDRip.X264.AC3-EVO%5BTGx%5D(DEBRID ONLY 1080P)</sublink>
<sublink>search</sublink>
</link>
<thumbnail>https://image.tmdb.org/t/p/original/mHBjXAi3p2lvDF3FYMI5vauaxwJ.jpg</thumbnail>
<fanart>https://image.tmdb.org/t/p/original/m67smI1IIMmYzCl9axvKNULVKLr.jpg</fanart>
</item>

<item>
<title>Spider-Man: Far from Home</title>
<meta>
<imdb>tt6320628</imdb>
<title>Spider-Man: Far from Home</title>
<content>movie</content>
<year>2019</year>
</meta>
<link>
<sublink>https://www.fembed.com/v/1yrrgfj6lk45j8m</sublink>
<sublink>https://www.fembed.com/v/ng22es2q8p6nzr5</sublink>
<sublink>magnet:?xt=urn:btih:9a5adf68ba5abecb534bd2dbcb53df9d13fdcda3&dn=Spider-Man.Far.from.Home.2019.720p.BluRay.x264-NeZu(DEBRID ONLY 720P)</sublink>
<sublink>magnet:?xt=urn:btih:21e442eb697995feaebbdb257c58eafe6cd6325d&dn=Spider-Man.Far.from.Home.2019.1080p.BluRay.1600MB.DD5.1.x264-Gal(DEBRID ONLY 1080P)</sublink>
<sublink>https://uptobox.com/ap38lqakkmrx([COLORred]Debrid[/COLOR])</sublink>
<sublink>https://uptobox.com/rxtb8azo504s([COLORred]Debrid[/COLOR])</sublink>
<sublink>magnet:?xt=urn:btih:a58f91d23a27da0f19a653dbe6132ade5cbf84e5&dn=Spider-Man+Far+from+Home.2019.1080p.HDRip.X264.AC3-EVO(DEBRID ONLY 1080P)</sublink>
<sublinksearch>search</sublink>
</link>
<thumbnail>https://m.media-amazon.com/images/M/MV5BMGZlNTY1ZWUtYTMzNC00ZjUyLWE0MjQtMTMxN2E3ODYxMWVmXkEyXkFqcGdeQXVyMDM2NDM2MQ@@._V1_SY1000_CR0,0,674,1000_AL_.jpg</thumbnail>
<fanart>https://m.media-amazon.com/images/M/MV5BMjBkZDRjOGMtZDA3Zi00NDEwLWI2ZjgtZTA5MDQxZmVlYWU5XkEyXkFqcGdeQXVyNjczOTE0MzM@._V1_SX1777_CR0,0,1777,731_AL_.jpg</fanart>
</item>

<item>
 <title>[COLOR=white]Fast & Furious Presents: Hobbs & Shaw[/COLOR]</title>
 <meta>
 <imdb>tt6806448</imdb>
 <content>movie</content>
 <title></title>
 <year>2019</year>
 </meta>
 <link>
 <sublink>https://real-debrid.com/d/KUFPFJHDY7J5K(DEBRID-1080P)</sublink>
 <sublink>magnet:?xt=urn:btih:04BC36BD271108A5923ED5F8E64F0A813AFFF81D&dn=Fast+%26+Furious+Presents+Hobbs+%26+Shaw+2019+720p+HC+HDRip+x264+1+1GB+-+MkvHub+Com(DEBRID ONLY 720P)</sublink>
  <sublink>https://1fichier.com/?iengdumnecj87rcnttrg(DEBRID-1080P)</sublink>
<sublink>search</sublink>
 </link>
 <thumbnail>https://image.tmdb.org/t/p/w188_and_h282_bestv2/ibWl0d856HPFoedh9bIwxwSAb3o.jpg</thumbnail>
 <fanart>https://image.tmdb.org/t/p/original/uHGt74EYnrIusdpyhaOgQNwlqcp.jpg</fanart>
</item>

<item>
<title>Pet Sematary</title>
<meta>
<imdb>tt0837563</imdb>
<title>Pet Sematary</title>
<content>movie</content>
<year>2019</year>
</meta>
<link>
<sublink>https://uptobox.com/xzzyzniouwtm(DEBRID-720p)</sublink>
<sublink>magnet:?xt=urn:btih:1a7e28d36756d469c6c2ac10fff1f5b3047ae4bc&dn=Pet.Sematary.2019.720p.BluRay.x264-GECKOS%5BTGx%5D(DEBRID ONLY 720P)</sublink>
<sublink>https://uptobox.com/2fdmcibww3cu(DEBRID-1080p)</sublink>
<sublink>magnet:?xt=urn:btih:2a3bd10631c1444ba5b6f9b1dd8e7e9efbe91d58&dn=Pet.Sematary.2019.1080p.BluRay.x264-GECKOS%5BEtHD%5D(DEBRID ONLY 1080P)</sublink>
</link>
<thumbnail>https://m.media-amazon.com/images/M/MV5BMjUyNjg1ODIwMl5BMl5BanBnXkFtZTgwNjMyOTYzNzM@._V1_SY1000_CR0,0,640,1000_AL_.jpg</thumbnail>
<fanart>https://m.media-amazon.com/images/M/MV5BMDRhNzQzODAtMmVhYS00NjBmLTkzZGItOGRlNjAwZjQzNWVmXkEyXkFqcGdeQXVyNjQ4ODE4MzQ@._V1_SX1777_CR0,0,1777,961_AL_.jpg</fanart>
</item>

<item>
<title>The Kitchen</title>
<meta>
<content>movie</content>
<imdb>tt5822564</imdb>
<title>The Kitchen</title>
<year>2019</year>
</meta>
<link>
<sublink>https://1fichier.com/?wr8s1r7htjxvl0iamg1o(DEBRID ONLY 720P)</sublink>
<sublink>magnet:?xt=urn:btih:BAF370436EB67E1A628C7828E18E4152D81FEE3F&dn=The+Kitchen+%282019%29+%5B720p%5D+%5BYTS.LT%5D(DEBRID ONLY 720P)</sublink>
<sublink>magnet:?xt=urn:btih:12CB14EBF415B7C7F1B8BBF281AC2DD1FD8D6331&dn=The+Kitchen+%282019%29+%5B1080p%5D+%5BYTS.LT%5D(DEBRID ONLY 1080P)</sublink>
<sublink>https://1fichier.com/?sl4r329j6sehob7i6smk(DEBRID ONLY 1080P)</sublink>
<sublink>search</sublink>
<sublink>searchsd</sublink>
</link>
<thumbnail>https://image.tmdb.org/t/p/w600_and_h900_bestv2/l3smhHvnczXg8E2WzysRVKIXSYJ.jpg</thumbnail>
<fanart>https://image.tmdb.org/t/p/original/14ph3F2zRw1Q3yF4RK5NwHuNuQP.jpg</fanart>
</item>

<item>
<title>Rattlesnake</title>
<meta>
<content>movie</content>
<imdb>tt9257484</imdb>
<title>Rattlesnake</title>
<year>2019</year>
</meta>
<link>
<sublink>https://1fichier.com/?kbanox3y8r4ir2nyuby4(DEBRID ONLY 720P)</sublink>
<sublink>magnet:?xt=urn:btih:D02DD4BB31A143A46A208E02A245EAD1B354EA8E&dn=Rattlesnake+%282019%29+%5B720p%5D+%5BYTS.LT%5D(DEBRID ONLY 720P)</sublink>
<sublink>https://1fichier.com/?hzfph9sbdoox9vpzf8n3(DEBRID ONLY 1080P)</sublink>
<sublink>magnet:?xt=urn:btih:1F96CAB99FB209831A4B3E8D2BFDCE9F33337A58&dn=Rattlesnake+%282019%29+%5B1080p%5D+%5BYTS.LT%5D(DEBRID ONLY 1080P)</sublink>
<sublink>search</sublink>
<sublink>searchsd</sublink>
</link>
<thumbnail>https://image.tmdb.org/t/p/w600_and_h900_bestv2/16VDPLzdszGhhjRSh4DA03mM372.jpg</thumbnail>
<fanart>https://image.tmdb.org/t/p/original/meEuc9El2efDGZMARPjd4u4qHhd.jpg</fanart>
</item>


<item>
<title>47 Meters Down: Uncaged</title>
<meta>
<content>movie</content>
<imdb>tt7329656</imdb>
<title>47 Meters Down: Uncaged</title>
<year>2019</year>
</meta>
<link>
<sublink>magnet:?xt=urn:btih:5C29296075FF34E008ABBF647B410179A8BB0AE1&dn=47+Meters+Down%3A+Uncaged+%282019%29+%5B720p%5D+%5BYTS.LT%5D(DEBRID ONLY 720P)</sublink>
<sublink>https://1fichier.com/?w4t1mwnbxub14or26ehd(DEBRID ONLY 720P)</sublink>
<sublink>https://1fichier.com/?pnrstrdcgvtrlc75rhgn(DEBRID ONLY 1080P)</sublink>
<sublink>magnet:?xt=urn:btih:AD968B09FD725A3E916B8D3A38ED63067D4EA1FA&dn=47+Meters+Down%3A+Uncaged+%282019%29+%5B1080p%5D+%5BYTS.LT%5D(DEBRID ONLY 1080P)</sublink>
<sublink>search</sublink>
<sublink>searchsd</sublink>
</link>
<thumbnail>https://www.themoviedb.org/movie/480105-47-meters-down-uncaged?language=en-US#</thumbnail>
<fanart>https://image.tmdb.org/t/p/original/3OylAISQ2bA16NsIuMo3rYp94Zd.jpg</fanart>
</item>




<item>
<title>Midsommar</title>
<meta>
<imdb>tt8772262</imdb>
<title>Midsommar </title>
<content>movie</content>
<year>2019</year>
</meta>
<link>
<sublink>https://www.fembed.com/v/pgnnqsm5dz8jrpk</sublink>
<sublink>https://uptobox.com/f9t7spowh7lb([COLORred]Debrid[/COLOR])</sublink>
<sublink>magnet:?xt=urn:btih:1053547f66e3f61e52ef6780323107f13e568da0&dn=Midsommar+%282019%29+%5BBluRay%5D+%5B720p%5D(DEBRID ONLY 720P)</sublink>
<sublink>magnet:?xt=urn:btih:29f9b9e466fa67ca0a6fe9449acdbfe37d84e95a&dn=Midsommar.2019.1080p.BluRay.1600MB.DD5.1.x264-GalaxyRG(DEBRID ONLY 1080P)</sublink>
<sublink>magnet:?xt=urn:btih:220F058E10550B10BFC339900619DA5A8CB784A0&dn=Midsommar+2019+1080p+BluRay+x264+DTS+%5BMW%5D(DEBRID ONLY 1080P)</sublink>
<sublinksearch>search</sublink>
</link>
<thumbnail>https://m.media-amazon.com/images/M/MV5BMzQxNzQzOTQwM15BMl5BanBnXkFtZTgwMDQ2NTcwODM@._V1_SY1000_CR0,0,674,1000_AL_.jpg</thumbnail>
<fanart>https://m.media-amazon.com/images/M/MV5BOWMwMDllMGItYjBlMS00ZjEwLWI5ZWUtODc2MjZiYThjYWY0XkEyXkFqcGdeQXVyODE2NzEwNzA@._V1_SX1777_CR0,0,1777,999_AL_.jpg</fanart>
</item>


<item>
 <title>Yesterday</title>
 <meta>
 <imdb>tt8079248</imdb>
 <content>movie</content>
 <title>Yesterday</title>
 <year>2019</year>
 </meta>
 <link>
<sublink>magnet:?xt=urn:btih:2c3320a3adc8c9046eb69d5e728fd3e3a9bd3adc&dn=Yesterday.2019.720p.BluRay.x264-DRONES%5BTGx%5D(DEBRID ONLY 720P)</sublink>
<sublink>magnet:?xt=urn:btih:2e49b7e93fa8bbc734ac3d024a16c574f71e6390&dn=Yesterday.2019.1080p.WEB-DL.H264.AC3-EVO%5BEtHD%5D(DEBRID ONLY 1080P)</sublink>
<sublink>search</sublink>
</link>
<thumbnail>https://image.tmdb.org/t/p/w116_and_h174_face/1rjaRIAqFPQNnMtqSMLtg0VEABi.jpg</thumbnail>
<fanart>https://image.tmdb.org/t/p/original/pWozCsrzMJzN8dbOm330sCKqdml.jpg</fanart>
</item>

<item>
 <title>Child's Play</title>
 <meta>
 <imdb>tt8663516</imdb>
 <content>movie</content>
 <title>Child's Play</title>
 <year>2019</year>
 </meta>
 <link>
 <sublink>magnet:?xt=urn:btih:1EBA4E95D943251418DF94ED4FEB03F215BB3B31&dn=Child%27s+Play+%282019%29+%5B720p%5D+%5BYTS.LT%5D(DEBRID ONLY 720P)</sublink>
<sublink>magnet:?xt=urn:btih:89e93b582b7111710c97bc52e7d697276f813055&dn=Childs.Play.2019.1080p.WEBRip.1400MB.DD5.1.x264-GalaxyRG(DEBRID ONLY 1080P)</sublink>
<sublink>magnet:?xt=urn:btih:66A58C2DB1D5715258715B42373E76BA22E9FBB1&dn=Child%27s+Play+%282019%29+%5B1080p%5D+%5BYTS.LT%5D(DEBRID ONLY 1080P)</sublink>
<sublink>search</sublink>
</link>
<thumbnail>https://image.tmdb.org/t/p/w116_and_h174_face/rpS7ROczWulqfaXG2klYapULXKm.jpg</thumbnail>
<fanart>https://image.tmdb.org/t/p/original/8Vjfen3Jit0nsMtu8huT09UqmsS.jpg</fanart>
</item>

<item>
<title>Aladdin</title>
<meta>
<content>movie</content>
<imdb>tt6139732</imdb>
<title>Aladdin</title>
<year>2019</year>
</meta>
<link>
<sublink>https://www.fembed.com/v/2x2ggb2k486wl8x(VIEW IN 720P)</sublink>
<sublink>magnet:?xt=urn:btih:38ED3388D3E1615480059AF37A5D229DB5641D7D&dn=Aladdin+%282019%29+%5B720p%5D+%5BYTS.LT%5D(DEBRID ONLY 720P)</sublink>
<sublink>magnet:?xt=urn:btih:E1AF5F59F021775254627EC1D9A861695DC20B0E&dn=Aladdin+%282019%29+%5B1080p%5D+%5BYTS.LT%5D(DEBRID ONLY 1080P)</sublink>
<sublink>magnet:?xt=urn:btih:e1af5f59f021775254627ec1d9a861695dc20b0e&dn=Aladdin+%282019%29+%5BBLURay%5D+%5B1080p%5D+English(DEBRID ONLY 1080P)</sublink>
<sublink>magnet:?xt=urn:btih:e1af5f59f021775254627ec1d9a861695dc20b0e&dn=Aladdin+%282019%29+%5BBLURay%5D+%5B1080p%5D+English(RD 1080P)</sublink>
<sublink>search</sublink>
<sublink>searchsd</sublink>
</link>
<thumbnail>https://image.tmdb.org/t/p/w600_and_h900_bestv2/yYWGCAerbVAHyfuGBCHKzWJdEtj.jpg</thumbnail>
<fanart>https://image.tmdb.org/t/p/original/vjHArnGFarPCfpMsLA1JEZsCd8O.jpg</fanart>
</item>



<item>
<title>X-Men Dark Phoenix</title>
<meta>
<content>movie</content>
<imdb>tt6565702</imdb>
<title>X-Men Dark Phoenix</title>
<year>2019</year>
</meta>
<link>
<sublink>https://mega.nz/#!ReIQASYJ!Ab7puSd7TN-xI0MHzQTjz-0EuGyu9sbK5IdS9wxFJ1s(view in 720p)</sublink>
<sublink>https://mega.nz/#!ReIQASYJ!Ab7puSd7TN-xI0MHzQTjz-0EuGyu9sbK5IdS9wxFJ1s</sublink>
<sublink>magnet:?xt=urn:btih:6e3cac7ae4b30505f97037c27ffba8c35675890b&dn=X+Men+Dark+Phoenix+2019+1080p+BluRay+x264+DTS+%5BMW%5D(DEBRID ONLY 1080P)</sublink>
<sublink>search</sublink>
<sublink>searchsd</sublink>
</link>
<thumbnail>https://image.tmdb.org/t/p/w600_and_h900_bestv2/kZv92eTc0Gg3mKxqjjDAM73z9cy.jpg</thumbnail>
<fanart>https://image.tmdb.org/t/p/original/phxiKFDvPeQj4AbkvJLmuZEieDU.jpg</fanart>
</item>


<item>
<title>John Wick: Chapter 3 - Parabellum</title>
<meta>
<content>movie</content>
<imdb>tt6146586</imdb>
<title>John Wick: Chapter 3 - Parabellum</title>
<year>2019</year>
</meta>
<link>
<sublink>https://uptobox.com/oc6p058p26nt(720p)</sublink>
<sublink>https://uptobox.com/p8gfu9b8scx7(1080p)</sublink>
<sublink>https://1fichier.com/?3a3di25i0xff14oinhis</sublink>
<sublink>https://rapidgator.net/file/da8f270d8c4db64e1ebc21a2acb8e305</sublink>
<sublink>https://we.tl/t-0PUgmSwKjm</sublink>
<sublink>magnet:?xt=urn:btih:560d3a9ab629c24f240f74119cb2d37ffa6f03bc&dn=John.Wick.Chapter.2.2017..Blu-Ray.1080p.HDR.HEVC.DD.5.1-DDR&tr=udp%3A%2F%2Ftracker.leechers-paradise.org%3A6969&tr=udp%3A%2F%2Ftracker.openbittorrent.com%3A80&tr=udp%3A%2F%2Fopen.demonii.com%3A1337&tr=udp%3A%2F%2Ftracker.coppersurfer.tk%3A6969&tr=udp%3A%2F%2Fexodus.desync.com%3A6969(DEBRID ONLY 1080P)</sublink>
<sublink>search</sublink>
<sublink>searchsd</sublink>
</link>
<thumbnail>https://image.tmdb.org/t/p/w600_and_h900_bestv2/ziEuG1essDuWuC5lpWUaw1uXY2O.jpg</thumbnail>
<fanart>https://image.tmdb.org/t/p/original/9gkG3bgwAguIjrUmjZxW5UaqKaC.jpg</fanart>
</item>




<item>
<title>The Secret Life of Pets 2</title>
<meta>
<content>movie</content>
<imdb>tt5113040</imdb>
<title>The Secret Life of Pets 2</title>
<year>2019</year>
</meta>
<link>
<sublink>https://uptobox.com/h1j7grxmnew8(720p)</sublink>
<sublink>https://uptobox.com/s3arcwnbol14(1080p)</sublink>
<sublink>magnet:?xt=urn:btih:806ae4fcc53433124a4b9e1a821d766fc35a2078&dn=The+Secret+Life+of+Pets+2+%282019%29+%5BBluRay%5D+%5B1080p%5D+English&tr=udp%3A%2F%2Ftracker.leechers-paradise.org%3A6969&tr=udp%3A%2F%2Ftracker.openbittorrent.com%3A80&tr=udp%3A%2F%2Fopen.demonii.com%3A1337&tr=udp%3A%2F%2Ftracker.coppersurfer.tk%3A6969&tr=udp%3A%2F%2Fexodus.desync.com%3A6969(DEBRID ONLY 1080P)</sublink>
<sublink>search</sublink>
<sublink>searchsd</sublink>
</link>
<thumbnail>https://image.tmdb.org/t/p/w600_and_h900_bestv2/nYcaCNkB4EgVyvrXxxbklefDrGL.jpg</thumbnail>
<fanart>https://image.tmdb.org/t/p/original/zk8b7CkGeh0PXprj3eoAmVbnEDL.jpg</fanart>
</item>

<item>
<title>Annabelle Comes Home</title>
<meta>
<content>movie</content>
<imdb>tt8350360</imdb>
<title>Annabelle Comes Home</title>
<year>2019</year>
</meta>
<link>
<sublink>https://uptobox.com/wkqo3smcm7t4(DEBRID-720p)</sublink>
<sublink>https://uptobox.com/z51aotkawciw(DEBRID-1080p)</sublink>
<sublink>magnet:?xt=urn:btih:814798465d02fa463438bf527fa8d1b81aedb32a&dn=Annabelle.Comes.Home.2019.1080p.KORSUB.HDRip.x264.AA(DEBRID ONLY 1080P)</sublink>
<sublink>search</sublink>
<sublink>searchsd</sublink>
</link>
<thumbnail>https://image.tmdb.org/t/p/w600_and_h900_bestv2/6NvcsKQmWvZz8fDvuboZkccowZA.jpg</thumbnail>
<fanart>https://image.tmdb.org/t/p/original/dBt0DoFfbhOI4ypUfRj1uTq623M.jpg</fanart>
</item>

<item>
<title>Ma</title>
<meta>
<content>movie</content>
<imdb>tt7958736</imdb>
<title>Ma</title>
<year>2019</year>
</meta>
<link>
<sublink>https://uptobox.com/pvz6x90ugjs8(DEBRID-720p)</sublink>
<sublink>https://uptobox.com/343pr21u1jtx(DEBRID-1080p)</sublink>
<sublink>magnet:?xt=urn:btih:96b17c7af417f7465fe83ae8ae4fcc0457661915&dn=Ma+%282019%29+%5BBluRay%5D+%5B1080p%5D+English(DEBRID ONLY 1080P)</sublink>
<sublink>search</sublink>
<sublink>searchsd</sublink>
</link>
<thumbnail>https://image.tmdb.org/t/p/w600_and_h900_bestv2/6uX6666R6xlps6Z5xt7VILqe5G2.jpg</thumbnail>
<fanart>https://image.tmdb.org/t/p/original/87YlnKr2lP9BOBzMulHKnjGHl3d.jpg</fanart>
</item>

<item>
<title>Men in Black: International</title>
<meta>
<content>movie</content>
<imdb>tt2283336</imdb>
<title>Men in Black: International</title>
<year>2019</year>
</meta>
<link>
<sublink>https://uptobox.com/97kheaulr2qe(Debrid-720p)</sublink>
<sublink>https://uptobox.com/39vfgkkbtxhh(Debrid-1080p)</sublink>
<sublink>magnet:?xt=urn:btih:9858be06b3db166ace914230c5b5dba23afe4414&dn=Men+in+Black%3A+International+%282019%29+%5BBLURay%5D+%5B1080p%5D+English(DEBRID ONLY 1080P)</sublink>
<sublink>search</sublink>
<sublink>searchsd</sublink>
</link>
<thumbnail>https://image.tmdb.org/t/p/w600_and_h900_bestv2/dPrUPFcgLfNbmDL8V69vcrTyEfb.jpg</thumbnail>
<fanart>https://image.tmdb.org/t/p/original/enNSnMYj78ihLmiWrB4K6ymv9ux.jpg</fanart>
</item>

<item>
  <title>Us</title>
  <meta>
  <imdb>tt6857112</imdb>
  <content>movie</content>
  <title>Us</title>
  <year>2019</year>
  </meta>
  <link>
  <sublink>https://uptobox.com/zbhuxq9d71me(DEBRID-720p)</sublink>
  <sublink>https://uptobox.com/r9avsmgvawc1(DEBRID-1080p)</sublink>
  <sublink>magnet:?xt=urn:btih:9f1bad7be934a423ea53832aa498903f0ad5ef20&dn=Us-%282019%29-%5BWEBRip%5D-%281080p%29(DEBRID ONLY 1080P)</sublink>
  <sublink>search</sublink>
  <sublink>searchsd</sublink>
  </link>
  <thumbnail>https://image.tmdb.org/t/p/w1280/ux2dU1jQ2ACIMShzB3yP93Udpzc.jpg</thumbnail>
  <fanart>https://image.tmdb.org/t/p/w1280/AiG8iWpFtFSXAdhStWu6qBaqmv9.jpg</fanart>
</item>


<item>
<title>Batman: Hush</title>
<meta>
<content>movie</content>
<imdb>tt8752440</imdb>
<title>Batman: Hush</title>
<year>2019</year>
</meta>
<link>
<sublink>https://uptobox.com/ty4ublwlbpc0(720p)</sublink>
<sublink>https://uptobox.com/zvlq0as6n949(1080p)</sublink>
<sublink>magnet:?xt=urn:btih:394baba428978b56b590fdaa59bf33d9e739f387&dn=Batman.Hush.2019.1080p.BluRay.1400MB.DD5.1.x264-GalaxyRG&tr=udp%3A%2F%2Ftracker.leechers-paradise.org%3A6969&tr=udp%3A%2F%2Ftracker.openbittorrent.com%3A80&tr=udp%3A%2F%2Fopen.demonii.com%3A1337&tr=udp%3A%2F%2Ftracker.coppersurfer.tk%3A6969&tr=udp%3A%2F%2Fexodus.desync.com%3A6969(DEBRID ONLY 1080P)</sublink>

<sublink>search</sublink>
<sublink>searchsd</sublink>
</link>
<thumbnail>https://image.tmdb.org/t/p/w600_and_h900_bestv2/eiVQORVyVuNNZHPAELuWtlXoQsD.jpg</thumbnail>
<fanart>https://image.tmdb.org/t/p/original/92fRB7kuOV8f91qac5N4LF7uJ6A.jpg</fanart>
</item>


<item>
<title>Long Shot</title>
<meta>
<content>movie</content>
<imdb>tt2139881</imdb>
<title>Long Shot</title>
<year>2019</year>
</meta>
<link>
<sublink>https://uptobox.com/8g8vc50av1vs(DEBRID-720p)</sublink>
<sublink>https://uptobox.com/2668y8v3qiez(DEBRID-1080p)</sublink>
<sublink>magnet:?xt=urn:btih:d30cf504bc4b289e1ff72cb089198e8e09d63124&dn=Long+Shot+2019+1080p+BluRay+x264+DTS+%5BMW%5D(DEBRID ONLY 1080P)</sublink>
<sublink>search</sublink>
<sublink>searchsd</sublink>
</link>
<thumbnail>https://image.tmdb.org/t/p/w600_and_h900_bestv2/aEQZUl9MAFvF8TCc7yaiYVTl9fX.jpg</thumbnail>
<fanart>https://image.tmdb.org/t/p/original/nfuv2v4F7Lg8Xh28KLnLGoo9Wcu.jpg</fanart>
</item>

<item>
<title>Rocketman</title>
<meta>
<content>movie</content>
<imdb>tt2066051</imdb>
<title>Rocketman</title>
<year>2019</year>
</meta>
<link>
<sublink>https://uptobox.com/6bcj3zlsqg4d(DEBRID-720p)</sublink>
<sublink>https://uptobox.com/1wyc8wqz1fda(DEBRID-1080p)</sublink>
<sublink>magnet:?xt=urn:btih:19f244e87da6e947b229237ea99910646f1595fa&dn=Rocketman+%282019%29+%5BBluRay%5D+%5B1080p%5D+English(DEBRID ONLY 1080P)</sublink>
<sublink>search</sublink>
<sublink>searchsd</sublink>
</link>
<thumbnail>https://image.tmdb.org/t/p/w600_and_h900_bestv2/f4FF18ia7yTvHf2izNrHqBmgH8U.jpg</thumbnail>
<fanart>https://image.tmdb.org/t/p/original/oAr5bgf49vxga9etWoQpAeRMvhp.jpg</fanart>
</item>


<item>
<title>The Red Sea Diving Resort</title>
<meta>
<content>movie</content>
<imdb>tt4995776</imdb>
<title>The Red Sea Diving Resort</title>
<year>2019</year>
</meta>
<link>
<sublink>https://uptobox.com/9th7xv97c07z(720p)</sublink>
<sublink>https://uptobox.com/l55l4g4q46et(1080p)</sublink>
<sublink>magnet:?xt=urn:btih:4710b63aa72d7928456c601d199e01d4d3ae1129&dn=The.Red.Sea.Diving.Resort.2019.1080p.WEBRip.1600MB.DD5.1.x264-Ga(DEBRID ONLY 1080P)</sublink>
<sublink>search</sublink>
<sublink>searchsd</sublink>
</link>
<thumbnail>https://image.tmdb.org/t/p/w600_and_h900_bestv2/bTgd1QQFTKdxESevtffAvIvCnz2.jpg</thumbnail>
<fanart>https://image.tmdb.org/t/p/original/j96B1BPQiRL1PZzmuC1fUOUSkcF.jpg</fanart>
</item>

<item>
	<title>[COLOR=white]Shazam![/COLOR]</title>
  <meta>
  <imdb>tt0448115</imdb>
  <content>movie</content>
  <title>Shazam!</title>
  <year>2019</year>
  </meta>
  <link>
  <sublink>https://uptobox.com/gaqud94tqsla(DEBRID-720P)</sublink>
  <sublink>magnet:?xt=urn:btih:77FC1E25B1B295D7827022712CB89C994A193427&dn=Shazam%21+%282019%29+%5B720p%5D+%5BYTS.LT%5D(DEBRID ONLY 720P)</sublink>
<sublink>magnet:?xt=urn:btih:97F58867E989E0DA30CFC56522B08A01646F27D1&dn=Shazam%21+%282019%29+%5B1080p%5D+%5BYTS.LT%5D(DEBRID ONLY 1080P)</sublink>
  <sublink>magnet:?xt=urn:btih:f7ee776f26a92253a93b63b73e9ffa3bdeb960ab&dn=Shazam.2019.1080p.Bluray.Atmos.TrueHD.7.1.x264-EVO%5BTGx%5D(DEBRID ONLY 1080P)</sublink>
<sublink>search</sublink>
  <sublink>searchsd</sublink>
  </link>
  <thumbnail>https://image.tmdb.org/t/p/w1280/xnopI5Xtky18MPhK40cZAGAOVeV.jpg</thumbnail>
  <fanart>https://image.tmdb.org/t/p/w1280/bi4jh0Kt0uuZGsGJoUUfqmbrjQg.jpg</fanart>
</item>

<item>
	<title>Captain Marvel</title>
<meta>
<content>movie</content>
<imdb>tt4154664</imdb>
<title>Captain Marvel</title>
<year>2019</year>
</meta>
<link>
<sublink>magnet:?xt=urn:btih:81ab0bbdbf74aa1d56b0925d61304ecbdc3ddbc3&dn=Captain.Marvel.2019.1080p.BluRay.x264-SPARKS%5BEtHD%5D(DEBRID ONLY 1080P)</sublink>
<sublink>https://uptobox.com/ti6qtoc8apqx(720p)</sublink>
<sublink>https://uptobox.com/uh3crj3tnfow(720p)</sublink>
<sublink>https://uptobox.com/j2rdnn6g8ewq(1080p)</sublink>
<sublink>https://uptobox.com/xhs3su3uigai(1080p)</sublink>
</link>
<thumbnail>https://image.tmdb.org/t/p/w600_and_h900_bestv2/AtsgWhDnHTq68L0lLsUrCnM7TjG.jpg</thumbnail>
<fanart>https://image.tmdb.org/t/p/w500_and_h282_face/c8RuOYaTC3tEG85GtQjEtoa7qkl.jpg</fanart>
</item>



<item>
  <title>The Best of Enemies</title>
  <meta>
  <imdb>tt4807408</imdb>
  <content>movie</content>
  <title>The Best of Enemies</title>
  <year>2019</year>
  </meta>
  <link>
  <sublink>https://uptobox.com/a506sg8i8lj8(720p)</sublink>
  <sublink>https://uptobox.com/pfco56p2m9p7(1080p)</sublink>
  <sublink>magnet:?xt=urn:btih:4660f861affeae4a00c7df300e596cc048a9ad97&dn=The.Best.of.Enemies.2019.1080p.BluRay.x264-DRONES%5BEtHD%5D(DEBRID ONLY 1080P)</sublink>
  <sublink>search</sublink>
  <sublink>searchsd</sublink>
  </link>
  <thumbnail>https://image.tmdb.org/t/p/w1280/4pA9318BY7CSnXVi3xKBtPYMe1T.jpg</thumbnail>
  <fanart>https://image.tmdb.org/t/p/w1280/vxclCIILRszctqVtba9AnXUxlqM.jpg</fanart>
</item>



<item>
<title>Godzilla: King of the Monsters</title>
<meta>
<content>movie</content>
<imdb>tt3741700</imdb>
<title>Godzilla: King of the Monsters</title>
<year>2019</year>
</meta>
<link>
<sublink>https://uptobox.com/4q8x4vtstpqp(720p)</sublink>
<sublink>https://uptobox.com/il4ltx9wbhu1(1080p)</sublink>
<sublink>https://uptobox.com/fnh7492pkqbe(720p)</sublink>
<sublink>https://uptobox.com/lkn1pocnww5x(1080p)</sublink>
<sublink>magnet:?xt=urn:btih:0ddbb442e9812a60fbee21b102bf4e669a05d667&dn=Godzilla+King+of+the+Monsters+%282019%29+%5BBluRay%5D+%5B1080p%5D+English(DEBRID ONLY 1080P)</sublink>
<sublink>search</sublink>
<sublink>searchsd</sublink>
</link>
<thumbnail>https://image.tmdb.org/t/p/w600_and_h900_bestv2/pU3bnutJU91u3b4IeRPQTOP8jhV.jpg</thumbnail>
<fanart>https://image.tmdb.org/t/p/original/uovH5k4BAEPqXqxgwVrTtqH169g.jpg</fanart>
</item>

<item>
  <title>Brightburn</title>
  <meta>
  <imdb>tt7752126</imdb>
  <content>movie</content>
  <title>Brightburn</title>
  <year>2019</year>
  </meta>
  <link>
  <sublink>https://uptobox.com/sn6eaun8xoy3(DEBRID-720p)</sublink>
  <sublink>https://uptobox.com/rm94cvmt4t5i(DEBRID-1080p)</sublink>
  <sublink>magnet:?xt=urn:btih:b1f892a6aa8efd629b886876f6028e073192c250&dn=Brightburn+%282019%29+%5BBluRay%5D+%5B1080p%5D(DEBRID ONLY 1080P)</sublink>
  <sublink>search</sublink>
  <sublink>searchsd</sublink>
  </link>
  <thumbnail>https://image.tmdb.org/t/p/w1280/v3PLKFKHrUYHhZXcSuW6Fl48laG.jpg</thumbnail>
  <fanart>https://image.tmdb.org/t/p/w1280/j3w3lT3ABvJsVE3byNOMCYmnGMB.jpg</fanart>
</item>


<item>
<title>UglyDolls</title>
<meta>
<content>movie</content>
<imdb>tt1946502</imdb>
<title>UglyDolls</title>
<year>2019</year>
</meta>
<link>
<sublink>magnet:?xt=urn:btih:359048d4826822bd69ef7a9b7a40da2fc7fad7d2&dn=UglyDolls.2019.BluRay.1080p.DTS-HDMA.7.1.HEVC-DDR%5BEtHD%5D(DEBRID ONLY 1080P)</sublink>
<sublink>https://uptobox.com/js03exxmebw1(720p)</sublink>
<sublink>https://uptobox.com/0xhwnwbuoutd(1080p)</sublink>
<sublink>search</sublink>
<sublink>searchsd</sublink>
</link>
<thumbnail>https://image.tmdb.org/t/p/w600_and_h900_bestv2/p97LQ1TL95mptVL2AS8Rz1cJCQg.jpg</thumbnail>
<fanart>https://image.tmdb.org/t/p/original/4v07pZGlIHveHCrU6rW236wnAyB.jpg</fanart>
</item>

<item>
<title>Wonder Park</title>
<meta>
<content>movie</content>
<imdb>tt6428676</imdb>
<title>Wonder Park</title>
<year>2019</year>
</meta>
<link>
<sublink>https://uptobox.com/3899qrlvod4x(720p)</sublink>
<sublink>https://uptobox.com/126fks326ylg(1080p)</sublink>
<sublink>magnet:?xt=urn:btih:5eb0b5f81f5503c8907a4487c5bc8f3e7b0a844e&dn=Wonder.Park.2019.1080p.Bluray.Atmos.TrueHD.7.1.x264-EVO%5BTGx%5D(DEBRID ONLY 1080P)</sublink>
<sublink>search</sublink>
<sublink>searchsd</sublink>
</link>
<thumbnail>https://image.tmdb.org/t/p/w600_and_h900_bestv2/elUcnFlkQnx8ucyCTCWIi6HRa3w.jpg</thumbnail>
<fanart>https://image.tmdb.org/t/p/original/nJyAdKPnW15IAvC6sLBTE0lp6Dv.jpg</fanart>
</item>



<item>
  <title>Dumbo</title>
  <meta>
  <imdb>tt3861390</imdb>
  <content>movie</content>
  <title>Dumbo</title>
  <year>2019</year>
  </meta>
  <sublink>https://uptobox.com/2f19j13jgxqy(720p)</sublink>
  <sublink>https://uptobox.com/yyzco9o0tld8(1080p)</sublink>
  <sublink>magnet:?xt=urn:btih:542aff6b01a9132d8ec7da14382a8f429e62f77f&dn=Dumbo+%282019%29+%5BBluRay%5D+%5B1080p%5D(DEBRID ONLY 1080P)</sublink>
  <sublink>searchsd</sublink>
  <thumbnail>https://image.tmdb.org/t/p/original/iOxQaGbn1C8ZeDdpvsPgLYrMJsr.jpg</thumbnail>
  <fanart>https://image.tmdb.org/t/p/original/iOxQaGbn1C8ZeDdpvsPgLYrMJsr.jpg</fanart>
</item>

<item>
<title>The Curse of La Llorona</title>
<meta>
<content>movie</content>
<imdb>tt4913966</imdb>
<title>The Curse of La Llorona</title>
<year>2019</year>
</meta>
<link>
<sublink>https://uptobox.com/zka75pd5wqdo(DEBRID-720p)</sublink>
<sublink>https://uptobox.com/1ee4zbjipm3c(DEBRID-1080p)</sublink>
<sublink>magnet:?xt=urn:btih:1d2d42fa1d95fd1fd24e6a1ed5dcab3ad4356c5f&dn=The+Curse+of+La+Llorona+%282019%29+%5B1080p%5D+%5BBluRay.x264-KLiO%5D+%5BEng%5D(DEBRID ONLY 1080P)</sublink>
<sublink>search</sublink>
<sublink>searchsd</sublink>
</link>
<thumbnail>https://image.tmdb.org/t/p/w600_and_h900_bestv2/cibqXd2u66YIQIHYHr4IW5tq1wx.jpg</thumbnail>
<fanart>https://image.tmdb.org/t/p/original/9p5BuzUNcvCltQAIiDLILEsH0dk.jpg</fanart>
</item>



<item>
  <title>Clinton Road</title>
  <meta>
  <imdb>tt1604560</imdb>
  <content>movie</content>
  <title>Clinton Road</title>
  <year>2019</year>
  </meta>
  <link>
  <sublink>https://uptobox.com/i1pk61lh0g4h(DEBRID-720p)</sublink>
  <sublink>https://uptobox.com/6yidfidl5eos(DEBRID-1080p)</sublink>
  <sublink>magnet:?xt=urn:btih:f3ef42569394350254119b3327abe2c391e7624d&dn=Clinton+Road+%282019%29+%5BWEBRip%5D+%5B1080p%5D(DEBRID ONLY 1080P)</sublink>
  <sublink>search</sublink>
  <sublink>searchsd</sublink>
  </link>
  <thumbnail>https://image.tmdb.org/t/p/w1280/q5xfQYYee0fqRkWGGIfTY1Xu1Xt.jpg</thumbnail>
  <fanart>https://image.tmdb.org/t/p/w1280/79MAFEOEZSACin2klF1D9o49Oxu.jpg</fanart>
</item>
<item>
  <title>American Exit</title>
  <meta>
  <imdb>tt6021482</imdb>
  <content>movie</content>
  <title>American Exit</title>
  <year>2019</year>
  </meta>
  <link>
  <sublink>https://uptobox.com/dyg4clqsiz6f(720p)</sublink>
  <sublink>https://uptobox.com/mcqh7wryuk0q(1080p)</sublink>\
  <sublink>magnet:?xt=urn:btih:8ff5dbc130a737858e26485ff3ee8b8e44a88f47&dn=American+Exit+%282019%29+%5BBluRay%5D+%5B1080p%5D(DEBRID ONLY 1080P)</sublink>
  <sublink>search</sublink>
  <sublink>searchsd</sublink>
  </link>
  <thumbnail>https://image.tmdb.org/t/p/w1280/sRqff9JyOG4q03IeNHP5JKNcfat.jpg</thumbnail>
  <fanart>https://image.tmdb.org/t/p/w1280/r7IMgW20peKG9eqTsyaTInwZ5lZ.jpg</fanart>
</item>





<item>
	<title>Reign of the Superman (2019)</title>
<meta>
<content>movie</content>
<imdb>tt7167686</imdb>
<title>Reign of the Supermen</title>
<year>2019</year>
</meta>
<link>
<sublink>magnet:?xt=urn:btih:819e6972eefdd1dbde11a7e132b480618d1ab84b&dn=Reign.of.the.Supermen.2019.1080p.BluRay.DTS.X264-CMRG%5BEtHD%5D(DEBRID ONLY 1080P)</sublink>
<sublink>search</sublink>
<sublink>searchsd</sublink>
</link>
<thumbnail>https://image.tmdb.org/t/p/w600_and_h900_bestv2/jKqe91SItNh7NWs52yiu8xNOFsj.jpg</thumbnail>
<fanart>https://image.tmdb.org/t/p/original/s5yumtBZjVvtIfNS92WlEYpQ9EO.jpg</fanart>
</item>

<item>
	<title>Pokemon Detective Pikachu</title>
	<meta>
	<imdb>tt5884052</imdb>
	<content>movie</content>
	<title>Pokemon Detective Pikachu</title>
	<year>2019</year>
	</meta>
	<link>
	<sublink>magnet:?xt=urn:btih:6e12f5b3f0f40cfcf83dcabf5ca1d8e6bf193b46&dn=Pokemon.Detective.Pikachu.2019.1080p.BluRay.1400MB.DD5.1.x264-Ga(DEBRID ONLY 1080P)</sublink>
	<sublink>search</sublink>
	<sublink>searchsd</sublink>
	</link>
	<thumbnail>https://image.tmdb.org/t/p/w1280/wgQ7APnFpf1TuviKHXeEe3KnsTV.jpg</thumbnail>
	<fanart>https://image.tmdb.org/t/p/w1280/nDP33LmQwNsnPv29GQazz59HjJI.jpg</fanart>
</item>
<item>
	<title>Glass</title>
	<meta>
	<imdb>tt6823368</imdb>
	<content>movie</content>
	<title>Glass</title>
	<year>2019</year>
	</meta>
	<link>
	<sublink>https://uptobox.com/5lcea6f180pp(720p)</sublink>
	<sublink>https://uptobox.com/6shfr0cekmfa(1080p)</sublink>
	<sublink>magnet:?xt=urn:btih:74a851b5b9ac4946b7b7669f317834bb2f2e543e&dn=Glass.2019.1080p.BluRay.x264-SPARKS%5BEtHD%5D(DEBRID ONLY 1080P)</sublink>
	<sublink>search</sublink>
	<sublink>searchsd</sublink>
	</link>
	<thumbnail>https://image.tmdb.org/t/p/w1280/svIDTNUoajS8dLEo7EosxvyAsgJ.jpg</thumbnail>
	<fanart>https://image.tmdb.org/t/p/w1280/lvjscO8wmpEbIfOEZi92Je8Ktlg.jpg</fanart>
</item>
<item>
	<title>The Lego Movie 2: The Second Part</title>
	<meta>
	<imdb>tt3513498</imdb>
	<content>movie</content>
	<title>The Lego Movie 2: The Second Part</title>
	<year>2019</year>
	</meta>
	<link>
	<sublink>https://uptobox.com/hpl3dfz9xqta(720p)</sublink>
	<sublink>https://uptobox.com/hpl3dfz9xqta(1080p)</sublink>
	<sublink>magnet:?xt=urn:btih:ad87e4bf242884b0705c8f99685643e4b8837992&dn=The.Lego.Movie.2.The.Second.Part.2019.1080p.BluRay.x264-GECKO...(DEBRID ONLY 1080P)</sublink>
	</link>
	<thumbnail>https://image.tmdb.org/t/p/w1280/QTESAsBVZwjtGJNDP7utiGV37z.jpg</thumbnail>
	<fanart>https://image.tmdb.org/t/p/w1280/8kPozGb4BDrcWBSsGPrkULG2tP9.jpg</fanart>
</item>
<item>
	<title>How to Train Your Dragon: The Hidden World</title>
	<meta>
	<imdb>tt2386490</imdb>
	<content>movie</content>
	<title>How to Train Your Dragon: The Hidden World</title>
	<year>2019</year>
	</meta>
	<link>
	<sublink>https://uptobox.com/2khmoxykdid9(720p)</sublink>
	<sublink>https://uptobox.com/noihm9hmlziy(1080p)</sublink>
	<sublink>magnet:?xt=urn:btih:0c22c4b345f28dd30d5410f75c7683dce64346f4&dn=How.to.Train.Your.Dragon.3.The.Hidden.World.2019.1080p.BluRay.x2(DEBRID ONLY 1080P)</sublink>
	<sublink>search</sublink>
	<sublink>searchsd</sublink>
	</link>
	<thumbnail>https://image.tmdb.org/t/p/w1280/xvx4Yhf0DVH8G4LzNISpMfFBDy2.jpg</thumbnail>
	<fanart>https://image.tmdb.org/t/p/w1280/h3KN24PrOheHVYs9ypuOIdFBEpX.jpg</fanart>
</item>
<item>
	<title>A Dog's Way Home</title>
	<meta>
	<imdb>tt7616798</imdb>
	<content>movie</content>
	<title>A Dog's Way Home</title>
	<year>2019</year>
	</meta>
	<link>
	<sublink>https://uptobox.com/a1r7rvjxwq0n(720p)</sublink>
	<sublink>https://uptobox.com/27v8963wgr0q(1080p)</sublink>
	<sublink>magnet:?xt=urn:btih:35b14b938ffee85552f725579e0f3ed48bc60813&dn=A+Dog%27s+Way+Home+%282019%29+%5BBluRay%5D+%5B720p%5D(DEBRID ONLY 1080P)</sublink>
	<sublink>search</sublink>
	<sublink>searchsd</sublink>
	</link>
	<thumbnail>https://image.tmdb.org/t/p/w1280/pZn87R7gtmMCGGO8KeaAfZDhXLg.jpg</thumbnail>
	<fanart>https://image.tmdb.org/t/p/w1280/w7MsyOpP003FYhsiTgVHa3rNsrz.jpg</fanart>
</item>
<item>
	<title>The Kid Who Would Be King</title>
	<meta>
	<imdb>tt6811018</imdb>
	<content>movie</content>
	<title>The Kid Who Would Be King</title>
	<year>2019</year>
	</meta>
	<link>
	<sublink>https://uptobox.com/lbqwocmqt6x2(720p)</sublink>
	<sublink>https://uptobox.com/3kfdt4xhqb3z(1080p)</sublink>
	<sublink>magnet:?xt=urn:btih:6b42b402d88ce1e0444b4677418f8b030c7ea83a&dn=The+Kid+Who+Would+Be+King+2019+1080p+BluRay+x264+DTS+%5BMW%5D(DEBRID ONLY 1080P)</sublink>
	<sublink>search</sublink>
	<sublink>searchsd</sublink>
	</link>
	<thumbnail>https://image.tmdb.org/t/p/w1280/kBuvLX6zynQP0sjyqbXV4jNaZ4E.jpg</thumbnail>
	<fanart>https://image.tmdb.org/t/p/w1280/jmbgxBd86MshzQQvv5laKvOKoMm.jpg</fanart>
</item>
<item>
	<title>The Queen's Corgi</title>
  <meta>
  <imdb>tt6563576</imdb>
  <content>movie</content>
  <title>The Queen's Corgi</title>
  <year>2019</year>
  </meta>
  <link>
  <sublink>magnet:?xt=urn:btih:9b7f22a46162b13e86ac49d9f88a5c296a8848ec&dn=The.Queen%27s.Corgi..2019..%5BBluRay%5D..1080p(DEBRID ONLY 1080P)</sublink>
  <sublink>search</sublink>
  <sublink>searchsd</sublink>
  </link>
  <thumbnail>https://image.tmdb.org/t/p/w1280/4EkSGoRB6pkKUcXGl0xEFRp01H8.jpg</thumbnail>
  <fanart>https://image.tmdb.org/t/p/w1280/yRZnwcuO4shtDTECGFxmPTmCDTJ.jpg</fanart>
</item>
<item>
	<title>Loophole</title>
<meta>
<content>movie</content>
<imdb>tt6034774</imdb>
<title>Loophole</title>
<year>2019</year>
</meta>
<link>
<sublink>https://uptostream.com/lno93zcrmovf(1080p)</sublink>
<sublink>search</sublink>
<sublink>searchsd</sublink>
</link>
<thumbnail>https://image.tmdb.org/t/p/w1280/jQ5woJUSmE31kbpmRgxo3JQulAH.jpg</thumbnail>
<fanart>https://image.tmdb.org/t/p/w1000_and_h563_face/kruuhGzynNlI3Hy3sEJedzPlmkv.jpg</fanart>
</item>
<item>
	<title>American Hangman</title>
<meta>
<content>movie</content>
<imdb>tt8975028</imdb>
<title>American Hangman</title>
<year>2019</year>
</meta>
<link>
<sublink>https://uptostream.com/qmokz4uw88eh(720p)</sublink>
<sublink>magnet:?xt=urn:btih:a1526018c90b46fa2c0af99a5eecd29fa52abc98&dn=American.Hangman.2018.1080p.WEB-DL.DD5.1.H264-FGT&tr=udp%3A%2F%2Ftracker.leechers-paradise.org%3A6969&tr=udp%3A%2F%2Ftracker.openbittorrent.com%3A80&tr=udp%3A%2F%2Fopen.demonii.com%3A1337&tr=udp%3A%2F%2Ftracker.coppersurfer.tk%3A6969&tr=udp%3A%2F%2Fexodus.desync.com%3A6969(DEBRID ONLY 1080P)</sublink>
<sublink>search</sublink>
<sublink>searchsd</sublink>
</link>
<thumbnail>https://image.tmdb.org/t/p/w1280/nWQTrJU71YpChiAZAmGH3RLtsfK.jpg</thumbnail>
<fanart>https://image.tmdb.org/t/p/w1000_and_h563_face/r2XjduXA3a6KRHC8gIhotFwbwrS.jpg</fanart>
</item>
<item>
	<title>Close (2019)</title>
<meta>
<content>movie</content>
<imdb>tt5316540</imdb>
<title>Close</title>
<year>2019</year>
</meta>
<link>
<sublink>magnet:?xt=urn:btih:c3c1997f6c59be146d49ac7946e0452feb153e5f&dn=Close.2019.1080p.BluRay.x264.AC3-RPG(DEBRID ONLY 1080P)</sublink>
<sublink>search</sublink>
<sublink>searchsd</sublink>
</link>
<thumbnail>https://image.tmdb.org/t/p/w600_and_h900_bestv2/4kjUGqPIv6kpxJUvjmeQX7nQpKd.jpg</thumbnail>
<fanart>https://image.tmdb.org/t/p/original/i1OmeN4o6ZnkclaDd9bXrmnlQJu.jpg</fanart>
</item>
<item>
	<title>Happy Death Day 2U</title>
  <meta>
  <imdb>tt8155288</imdb>
  <content>movie</content>
  <title>Happy Death Day 2U</title>
  <year>2019</year>
  </meta>
  <link>
  <sublink>https://uptobox.com/b1z1dy123ch8(DEBRID-720p)</sublink>
  <sublink>https://uptobox.com/978zhrk5skk0(DEBRID-1080p)</sublink>
  <sublink>magnet:?xt=urn:btih:abb9bd29e1d9d7c9a267d3de5fce5dbaaa014a4b&dn=Happy+Death+Day+2U+2019+1080p+BluRay+x264+DTS+%5BMW%5D(DEBRID ONLY 1080P)</sublink>
  <sublink>search</sublink>
  <sublink>searchsd</sublink>
  </link>
  <thumbnail>https://image.tmdb.org/t/p/w1280/4tdnePOkOOzwuGPEOAHp8UA4vqx.jpg</thumbnail>
  <fanart>https://image.tmdb.org/t/p/w1280/v99NrmuSYn4HGwwpHWEkMVSeAL3.jpg</fanart>
</item>
<item>
	<title>The Russian Bride</title>
	<meta>
	<imdb>tt6214468</imdb>
	<content>movie</content>
	<title>The Russian Bride</title>
	<year>2019</year>
	</meta>
	<link>
	<sublink>https://uptobox.com/gdyj4n7tu9je(720p)</sublink>
	<sublink>https://uptobox.com/ev8t8il8a9up(1080p)</sublink>
	<sublink>magnet:?xt=urn:btih:45bbb9638d8f64494e35ae043fafc065288c33b1&dn=The+Russian+Bride.2019.HDRip.XviD.AC3-EVO&tr=udp%3A%2F%2Ftracker.leechers-paradise.org%3A6969&tr=udp%3A%2F%2Ftracker.openbittorrent.com%3A80&tr=udp%3A%2F%2Fopen.demonii.com%3A1337&tr=udp%3A%2F%2Ftracker.coppersurfer.tk%3A6969&tr=udp%3A%2F%2Fexodus.desync.com%3A6969(DEBRID ONLY 1080P)</sublink>
	<sublink>search</sublink>
	<sublink>searchsd</sublink>
	</link>
	<thumbnail>https://image.tmdb.org/t/p/w1280/drtDtlS8RPvpddggrGKsBSGOsRM.jpg</thumbnail>
	<fanart>https://image.tmdb.org/t/p/w1280/ur724WwYuYvwtteqeQv4W1ayj5l.jpg</fanart>
</item>
<item>
	<title>St. Agatha</title>
	<meta>
	<imdb>tt6182078</imdb>
	<content>movie</content>
	<title>St. Agatha</title>
	<year>2019</year>
	</meta>
	<link>
	<sublink>https://uptobox.com/lijs585k7f0h(720p)</sublink>
	<sublink>https://uptobox.com/hey825clbal5(1080p)</sublink>
	<sublink>magnet:?xt=urn:btih:2aaefbc6ea4f43bbcc75e55ec20610fc47d79f9e&dn=St.Agatha.2018.1080p.BluRay.x264-JustWatch%5BEtHD%5D(DEBRID ONLY 1080P)</sublink>
	<sublink>search</sublink>
	<sublink>searchsd</sublink>
	</link>
	<thumbnail>https://image.tmdb.org/t/p/w1280/zpR3FzaagWTbwgFPn1P6sEZ4str.jpg</thumbnail>
	<fanart>https://image.tmdb.org/t/p/w1280/9nwXR3NV0TUPplyduBc0WAqOhwc.jpg</fanart>
</item>
<item>
	<title>The Prodigy</title>
	<meta>
	<imdb>tt4504044</imdb>
	<content>movie</content>
	<title>The Prodigy</title>
	<year>2019</year>
	</meta>
	<link>
	<sublink>https://uptobox.com/rnk35phqj95u(720p)</sublink>
	<sublink>https://uptobox.com/fb0kdn7mcynv(1080p)</sublink>
	<sublink>magnet:?xt=urn:btih:81ffec9c65e5a96395c7521253b1c73bc794da04&dn=The.Prodigy.2019.1080p.Bluray.X264-EVO%5BEtHD%5D(DEBRID ONLY 1080P)</sublink>
	<sublink>search</sublink>
	<sublink>searchsd</sublink>
	</link>
	<thumbnail>https://image.tmdb.org/t/p/w1280/yyejodyk3lWncVjVhhrEkPctY9o.jpg</thumbnail>
	<fanart>https://image.tmdb.org/t/p/w1280/oxTgovZ3TQ8LLxifUm16ROMULP5.jpg</fanart>
</item>
<item>
	<title>Escape Room</title>
	<meta>
	<imdb>tt5886046</imdb>
	<content>movie</content>
	<title>Escape Room</title>
	<year>2019</year>
	</meta>
	<link>
	<sublink>https://uptobox.com/8rfdbel12pp2(720p)</sublink>
	<sublink>https://uptobox.com/s8tm3fzojc05(1080p)</sublink>
	<sublink>magnet:?xt=urn:btih:04b1e1b256e57bbaa7f6c2edb2c3c853863b8c78&dn=Escape+Room+2019+1080p+BluRay+x264+DTS+%5BMW%5D(DEBRID ONLY 1080P)</sublink>
	<sublink>search</sublink>
	<sublink>searchsd</sublink>
	</link>
	<thumbnail>https://image.tmdb.org/t/p/w1280/8yZAx7tlKRZIg7pJfaPhl00yHIQ.jpg</thumbnail>
	<fanart>https://image.tmdb.org/t/p/w1280/mWLljCmpqlcYQh7uh51BBMwCZwN.jpg</fanart>
</item>
<item>
	<title>Room for Rent</title>
  <meta>
  <imdb>tt6747818</imdb>
  <content>movie</content>
  <title>Room for Rent</title>
  <year>2019</year>
  </meta>
  <link>
  <sublink>magnet:?xt=urn:btih:a133598f6967f167c3c86b2ce72f386c55ad326a&dn=Room.for.Rent.2019.SweSub.1080p.x264-Justiso(DEBRID ONLY 1080P)</sublink>
  <sublink>search</sublink>
  <sublink>searchsd</sublink>
  </link>
  <thumbnail>https://image.tmdb.org/t/p/w1280/eEy7C8k1f4sMulW1Ca9s8EtFAhb.jpg</thumbnail>
  <fanart>https://image.tmdb.org/t/p/w1280/5vk4Xe1L1YvRjF4uIgUB4QB7txz.jpg</fanart>
</item>
<item>
	<title>Polaroid</title>
  <meta>
  <imdb>tt5598292</imdb>
  <content>movie</content>
  <title>Polaroid</title>
  <year>2019</year>
  </meta>
  <link>
  <sublink>https://uptostream.com/iframe/m1k4nnb9zjr7(720p)</sublink>
  <sublink>https://uptobox.com/3blqivn1vjgi(1080p)</sublink>
  <sublink>magnet:?xt=urn:btih:e30393fea12c324b5f3603d4538b41e481d05910&dn=Polaroid.2019.1080p.BluRay.1400MB.DD5.1.x264-GalaxyRG(DEBRID ONLY 1080P)</sublink>
  <sublink>search</sublink>
  <sublink>searchsd</sublink>
  </link>
  <thumbnail>https://image.tmdb.org/t/p/w1280/3ExDhZAqaSQaUNka4CDkvEaI72L.jpg</thumbnail>
  <fanart>https://image.tmdb.org/t/p/w1280/nzMdjuUZ6LR3XheCG5VGwm5vYEY.jpg</fanart>
</item>
<item>
	<title>Assimilate</title>
  <meta>
  <imdb>tt5238904</imdb>
  <content>movie</content>
  <title>Assimilate</title>
  <year>2019</year>
  </meta>
  <link>
  <sublink>https://uptobox.com/sjxsqs7iozc2(DEBRID-720p)</sublink>
  <sublink>https://uptobox.com/ys7phetozx6p(DEBRID-1080p)</sublink>
  <sublink>magnet:?xt=urn:btih:b6b4b668ccfa48be449ec287d9c5b249a2640a6d&dn=Assimilate+2019.Blu-ray.1080p.DTS-HDMA.5.1.HEVC-DDR%5BEtHD%5D(DEBRID ONLY 1080P)</sublink>
  <sublink>search</sublink>
  <sublink>searchsd</sublink>
  </link>
  <thumbnail>https://image.tmdb.org/t/p/w1280/zRMMzuq6emwAJXcQ0uw3kkAycl9.jpg</thumbnail>
  <fanart>https://image.tmdb.org/t/p/w1280/gTIqblNH6gxyC8TErdS6Dr7GmsZ.jpg</fanart>
</item>

<item>
	<title>I Am Mother</title>
  <meta>
  <imdb>tt6292852</imdb>
  <content>movie</content>
  <title>I Am Mother</title>
  <year>2019</year>
  </meta>
  <link>
  <sublink>magnet:?xt=urn:btih:1e251eced539474b7f75c339ecbfb95dfdfb3afd&dn=I+Am+Mother+%282019%29+%5BWEBRip%5D+%5B1080p%5D&tr=udp%3A%2F%2Ftracker.leechers-paradise.org%3A6969&tr=udp%3A%2F%2Ftracker.openbittorrent.com%3A80&tr=udp%3A%2F%2Fopen.demonii.com%3A1337&tr=udp%3A%2F%2Ftracker.coppersurfer.tk%3A6969&tr=udp%3A%2F%2Fexodus.desync.com%3A6969(DEBRID ONLY 1080P)</sublink>
  <sublink>search</sublink>
  <sublink>searchsd</sublink>
  </link>
  <thumbnail>https://image.tmdb.org/t/p/w1280/eItrj5GcjvCI3oD3bIcz1A2IL9t.jpg</thumbnail>
  <fanart>https://image.tmdb.org/t/p/w1280/xmKUgQ7J2ri9kFGNvCPPWTCDj9Y.jpg</fanart>
</item>
<item>
	<title>The Hole in the Ground</title>
	<meta>
	<imdb>tt6198946</imdb>
	<content>movie</content>
	<title>The Hole in the Ground</title>
	<year>2019</year>
	</meta>
	<link>
	<sublink>magnet:?xt=urn:btih:23a0752206a7fe7b4ba9831a32737b866345a4f7&dn=The+Hole+in+the+Ground+%282019%29+%5BBluRay%5D+%5B1080p%5D(DEBRID ONLY 1080P)</sublink>
	<sublink>search</sublink>
	<sublink>searchsd</sublink>
	</link>
	<thumbnail>https://image.tmdb.org/t/p/w1280/4rEU3xFU9vj0qkk0oRAyHF9CzQO.jpg</thumbnail>
	<fanart>https://image.tmdb.org/t/p/w1280/6mwMpsP2lhFBhuULFNHBSCVC7w3.jpg</fanart>
</item>


<item>
<title>The Beach Bum</title>
<meta>
<content>movie</content>
<imdb>tt6511932</imdb>
<title>The Beach Bum</title>
<year>2019</year>
</meta>
<link>
<sublink>https://uptobox.com/ssn5dmh4xyv3(720p)</sublink>
<sublink>https://uptobox.com/1a8iekys5du9(1080p)</sublink>
<sublink>magnet:?xt=urn:btih:97bdafd27d8492aab58361967442b5ec4bccaf81&dn=The.Beach.Bum.2019.1080p.BluRay.x264-DRONES%5BEtHD%5D(DEBRID ONLY 1080P)</sublink>
<sublink>search</sublink>
<sublink>searchsd</sublink>
</link>
<thumbnail>https://image.tmdb.org/t/p/w600_and_h900_bestv2/iXMxdC7T0t3dxislnUNybcvJmAH.jpg</thumbnail>
<fanart>https://image.tmdb.org/t/p/original/sJspZTaLdaoiQcy5S5ZWcQkLLGM.jpg</fanart>
</item>



<item>
	<title>Iron Sky The Coming Race</title>
  <meta>
  <imdb>tt3038708</imdb>
  <content>movie</content>
  <title>Iron Sky The Coming Race</title>
  <year>2019</year>
  </meta>
  <link>
  <sublink>https://uptobox.com/ylovozk2gt9d(720p)</sublink>
  <sublink>https://uptostream.com/4g0urbdbgxy5(1080p)</sublink>
  <sublink>magnet:?xt=urn:btih:8b659bc30c6feee08123c29de635bff2a12d286c&dn=Iron.Sky.The.Coming.Race.2019.1080P.BluRay.MHD.X264.DD.5.1-DDR&tr=udp%3A%2F%2Ftracker.leechers-paradise.org%3A6969&tr=udp%3A%2F%2Ftracker.openbittorrent.com%3A80&tr=udp%3A%2F%2Fopen.demonii.com%3A1337&tr=udp%3A%2F%2Ftracker.coppersurfer.tk%3A6969&tr=udp%3A%2F%2Fexodus.desync.com%3A6969(DEBRID ONLY 1080P)</sublink>
  <sublink>search</sublink>
  <sublink>searchsd</sublink>
  </link>
  <thumbnail>https://image.tmdb.org/t/p/w1280/l5t2Nf1F7iQUKTrODg93xmQzZLj.jpg</thumbnail>
  <fanart>https://image.tmdb.org/t/p/w1280/lg97HvXE6XAk0Z0aCbuOlx2Ayiv.jpg</fanart>
</item>
<item>
	<title>The Last Boy (2019)</title>
<meta>
<content>movie</content>
<imdb>tt4157728</imdb>
<title>The Last Boy</title>
<year>2019</year>
</meta>
<link>
<sublink>magnet:?xt=urn:btih:7d53866733b2de520d22f89ef28620f0f6715584&dn=The.Last.Boy.2019.SweSub.1080p.x264-Justiso&tr=udp%3A%2F%2Ftracker.leechers-paradise.org%3A6969&tr=udp%3A%2F%2Ftracker.openbittorrent.com%3A80&tr=udp%3A%2F%2Fopen.demonii.com%3A1337&tr=udp%3A%2F%2Ftracker.coppersurfer.tk%3A6969&tr=udp%3A%2F%2Fexodus.desync.com%3A6969(DEBRID ONLY 1080P)</sublink>
<sublink>search</sublink>
<sublink>searchsd</sublink>
</link>
<thumbnail>https://image.tmdb.org/t/p/w600_and_h900_bestv2/ygUsgb6WSTZ4iyZJXpjswgngqBY.jpg</thumbnail>
<fanart>https://image.tmdb.org/t/p/original/bNTBWrSLZrOdB4NLCV2LmA3fuiK.jpg</fanart>
</item>
<item>
	<title>Hotel Mumbai</title>
  <meta>
  <imdb>tt5461944</imdb>
  <content>movie</content>
  <title>Hotel Mumbai</title>
  <year>2019</year>
  </meta>
  <link>
  <sublink>magnet:?xt=urn:btih:bdec3217897e5f7c436ca185779881bb15c3ea8a&dn=Hotel.Mumbai.2018.1080p.BluRay.X264-AMIABLE%5BEtHD%5D(DEBRID ONLY 1080P)</sublink>
  <sublink>search</sublink>
  <sublink>searchsd</sublink>
  </link>
  <thumbnail>https://image.tmdb.org/t/p/w1280/4UM3WBgWvAXi9CaBXJjwAMnEY05.jpg</thumbnail>
  <fanart>https://image.tmdb.org/t/p/w1280/2WgDlJnkc1klLr1WuCuUTzzmNne.jpg</fanart>
</item>
<item>
	<title>The Hummingbird Project</title>
  <meta>
  <imdb>tt6866224</imdb>
  <content>movie</content>
  <title>The Hummingbird Project</title>
  <year>2019</year>
  </meta>
  <link>
	<sublink>magnet:?xt=urn:btih:f474bd87d52a646f358c4d24c8a67e1a8b89d7a1&dn=The.Hummingbird.Project.2018.1080p.BluRay.1400MB.DD5.1.x264-Gala(DEBRID ONLY 1080P)</sublink>
  <sublink>search</sublink>
  <sublink>searchsd</sublink>
  </link>
  <thumbnail>https://image.tmdb.org/t/p/w1280/cx7CuTtcJvjZAP6ZFWoxylCXKFP.jpg</thumbnail>
  <fanart>https://image.tmdb.org/t/p/w1280/rSPI0vlgpy3XJfNqadgKi7UZrHY.jpg</fanart>
</item>
<item>
	<title>The Highwaymen</title>
	<meta>
	<imdb>tt1860242</imdb>
	<content>movie</content>
	<title>The Highwaymen</title>
	<year>2019</year>
	</meta>
	<link>
	<sublink>magnet:?xt=urn:btih:09ee9fa024a22821254b1e9863144b9439035cd0&dn=The.Highwaymen.2019.1080p.NF.WEB-DL.DDP5.1.HEVC.H265-CMRG(DEBRID ONLY 1080P)</sublink>
	<sublink>search</sublink>
	<sublink>searchsd</sublink>
	</link>
	<thumbnail>https://image.tmdb.org/t/p/w1280/4bRYg4l12yDuJvAfqvUOPnBrxno.jpg</thumbnail>
	<fanart>https://image.tmdb.org/t/p/w1280/pZ78ksjPlXf3q2EeONN8WdHE03Y.jpg</fanart>
</item>
<item>
	<title>Triple Frontier</title>
	<meta>
	<imdb>tt1488606</imdb>
	<content>movie</content>
	<title>Triple Frontier</title>
	<year>2019</year>
	</meta>
	<link>
	<sublink>magnet:?xt=urn:btih:3f1861a35a9702620f9c721f3522227889d3ffd6&dn=Triple.Frontier.2019.1080p.WEBRip.x264-MP4(DEBRID ONLY 1080P)</sublink>
	<sublink>search</sublink>
	<sublink>searchsd</sublink>
	</link>
	<thumbnail>https://image.tmdb.org/t/p/w1280/aBw8zYuAljVM1FeK5bZKITPH8ZD.jpg</thumbnail>
	<fanart>https://image.tmdb.org/t/p/w1280/oAHrzWUakQoukH4Gt2UKdYXMSPH.jpg</fanart>
</item>
<item>
	<title>Cold Pursuit</title>
  <meta>
  <imdb>tt5719748</imdb>
  <content>movie</content>
  <title>Cold Pursuit</title>
  <year>2019</year>
  </meta>
  <link>
  <sublink>magnet:?xt=urn:btih:8f633ade68281674ebf175a9fc100dca33ab827a&dn=Cold.Pursuit..2019..%5BBluRay%5D.%5B1080p%5D.(DEBRID ONLY 1080P)</sublink>
  <sublink>search</sublink>
  <sublink>searchsd</sublink>
  </link>
  <thumbnail>https://image.tmdb.org/t/p/w1280/otK0H9H1w3JVGJjad5Kzx3Z9kt2.jpg</thumbnail>
  <fanart>https://image.tmdb.org/t/p/w1280/aiM3XxYE2JvW1vJ4AC6cI1RjAoT.jpg</fanart>
</item>
<item>
	<title>Dragged Across Concrete</title>
  <meta>
  <imdb>tt6491178</imdb>
  <content>movie</content>
  <title>Dragged Across Concrete</title>
  <year>2019</year>
  </meta>
  <link>
  <sublink>magnet:?xt=urn:btih:8d5f3fd0b4416a30607a987b57a5108bac0693c3&dn=Dragged.Across.Concrete.2018.1080p.BluRay.x264-DRONES%5BEtHD%5D(DEBRID ONLY 1080P)</sublink>
  <sublink>search</sublink>
  <sublink>searchsd</sublink>
  </link>
  <thumbnail>https://image.tmdb.org/t/p/w1280/fVG4a27ImyPS4vvNMjCtan3QhDl.jpg</thumbnail>
  <fanart>https://image.tmdb.org/t/p/w1280/sZUbg9K8zGiUmeVYSlUNelVcuzM.jpg</fanart>
</item>
<item>
	<title>Apollo 11</title>
  <meta>
  <imdb>tt8760684</imdb>
  <content>movie</content>
  <title>Apollo 11</title>
  <year>2019</year>
  </meta>
  <link>
  <sublink>magnet:?xt=urn:btih:a9f319b22191475253adeab842744e2a14bb7822&dn=Apollo.11.2019.1080p.BluRay.x264-DRONES%5BEtHD%5D(DEBRID ONLY 1080P)</sublink>
  <sublink>search</sublink>
  <sublink>searchsd</sublink>
  </link>
  <thumbnail>https://image.tmdb.org/t/p/w1280/woLMRroHyoTGoXyxdEeBJEYBFtu.jpg</thumbnail>
  <fanart>https://image.tmdb.org/t/p/w1280/7KuGLqB3NcK0WPiDsfrUwrOqzDe.jpg</fanart>
</item>
<item>
	<title>Miss Bala</title>
	<meta>
	<imdb>tt5941692</imdb>
	<content>movie</content>
	<title>Miss Bala</title>
	<year>2019</year>
	</meta>
	<link>
	<sublink>magnet:?xt=urn:btih:7bf2c0185aac6cc3f8268015d28a38cb9ba7bc43&dn=Miss+Bala+2019+1080p+BluRay+x264+DTS+%5BMW%5D(DEBRID ONLY 1080P)</sublink>
	<sublink>search</sublink>
	<sublink>searchsd</sublink>
	</link>
	<thumbnail>https://image.tmdb.org/t/p/w1280/ae9yrSAS7nLZPbbkOm61pSuIqeo.jpg</thumbnail>
	<fanart>https://image.tmdb.org/t/p/w1280/5OoR3aVpxXluSCe9P5mhqOa36Gb.jpg</fanart>
</item>
<item>
	<title>Rim of the World</title>
  <meta>
  <imdb>tt8179388</imdb>
  <content>movie</content>
  <title>Rim of the World</title>
  <year>2019</year>
  </meta>
  <link>
	<sublink>magnet:?xt=urn:btih:5cae46f5358cb5077c67ff267c61317032c63a08&dn=Rim.of.the.World.2019.1080p.NF.WEB-DL.DD5.1.H264-CMRG%5BTGx%5D(DEBRID ONLY 1080P)</sublink>
  <sublink>search</sublink>
  <sublink>searchsd</sublink>
  </link>
  <thumbnail>https://image.tmdb.org/t/p/w1280/yhzTeZU5OULn3ePGF58Rc5oIocZ.jpg</thumbnail>
  <fanart>https://image.tmdb.org/t/p/w1280/wsjcWHezujlzhBpED3KXq3JkxmB.jpg</fanart>
</item>
<item>
	<title>The Poison Rose</title>
  <meta>
  <imdb>tt5862166</imdb>
  <content>movie</content>
  <title>The Poison Rose</title>
  <year>2019</year>
  </meta>
  <link>
  <sublink>magnet:?xt=urn:btih:01e8277b0ba928956a6d288df5fd2393fd9f3c6d&dn=The.Poison.Rose.2019.1080p.BluRay.x264-NODLABS%5BTGx%5D(DEBRID ONLY 1080P)</sublink>
  <sublink>search</sublink>
  <sublink>searchsd</sublink>
  </link>
  <thumbnail>https://image.tmdb.org/t/p/w1280/gSzyUmg719TgAxarFZYWjLLMqvS.jpg</thumbnail>
  <fanart>https://image.tmdb.org/t/p/w1280/3foyl4i78mZoeBb8EQ0RR5axu01.jpg</fanart>
</item>
<item>
	<title>Fighting with My Family</title>
  <meta>
  <imdb>tt6513120</imdb>
  <content>movie</content>
  <title>Fighting with My Family</title>
  <year>2019</year>
  </meta>
  <link>
  <sublink>magnet:?xt=urn:btih:5ececaf79fdcd52378571dca06c5e0b6aa2d2907&dn=Fighting+with+My+Family+%282019%29+%5BBluRay%5D+%5B1080p%5D(DEBRID ONLY 1080P)</sublink>
  <sublink>search</sublink>
  <sublink>searchsd</sublink>
  </link>
  <thumbnail>https://image.tmdb.org/t/p/w1280/3TZCBAdKQiz0cGKGEjZiyZUA01O.jpg</thumbnail>
  <fanart>https://image.tmdb.org/t/p/w1280/mYKP6qcDUimVMAHQWLOuDHjO19S.jpg</fanart>
</item>
<item>
	<title>The Upside</title>
	<meta>
	<imdb>tt1987680</imdb>
	<content>movie</content>
	<title>The Upside</title>
	<year>2019</year>
	</meta>
	<link>
	<sublink>magnet:?xt=urn:btih:1632f06e7a7241d069baf08fca01dfab51d2bf61&dn=The.Upside.2019.1080p.Bluray.X264-EVO%5BEtHD%5D(DEBRID ONLY 1080P)</sublink>
	<sublink>search</sublink>
	<sublink>searchsd</sublink>
	</link>
	<thumbnail>https://image.tmdb.org/t/p/w1280/hPZ2caow1PCND6qnerfgn6RTXdm.jpg</thumbnail>
	<fanart>https://image.tmdb.org/t/p/w1280/mzXGbLVZfdP2ouKH7dztjp9yK94.jpg</fanart>
</item>
<item>
	<title>The Perfect Date</title>
	<meta>
	<imdb>tt8201170</imdb>
	<content>movie</content>
	<title>The Perfect Date</title>
	<year>2019</year>
	</meta>
	<link>
	<sublink>(DEBRID ONLY 1080P)</sublink>
	<sublink>search</sublink>
	<sublink>searchsd</sublink>
	</link>
	<thumbnail>https://image.tmdb.org/t/p/w1280/rrAYdezO3h1mjdYTaQyTXoj8IZ4.jpg</thumbnail>
	<fanart>https://image.tmdb.org/t/p/w1280/a1FDYNvHj6dX3IFrxaOeJfCbqPs.jpg</fanart>
</item>
<item>
	<title>Booksmart</title>
  <meta>
  <imdb>tt1489887</imdb>
  <content>movie</content>
  <title>Booksmart</title>
  <year>2019</year>
  </meta>
  <link>
  <sublink>magnet:?xt=urn:btih:261ceda2a172dba2c68a1f502d5daab825142f5b&dn=Booksmart.2019.1080p.BluRay.x264-DRONES%5BEtHD%5D(DEBRID ONLY 1080P)</sublink>
  <sublink>search</sublink>
  <sublink>searchsd</sublink>
  </link>
  <thumbnail>https://image.tmdb.org/t/p/w1280/Awyg5IdELQV3sBoErhJ9QVcX8TA.jpg</thumbnail>
  <fanart>https://image.tmdb.org/t/p/w1280/4dUZKnC1QABSwFPjGZDU1UVEImz.jpg</fanart>
</item>
<item>
	<title>SGT. Will Gardner</title>
<meta>
<content>movie</content>
<imdb>tt1650060</imdb>
<title>SGT. Will Gardner</title>
<year>2019</year>
</meta>
<link>
<sublink>magnet:?xt=urn:btih:bb4f5e53834536d46b82292c241c3e4c4ad2c8a7&dn=SGT.Will.Gardner.2019.1080p.BluRay.1400MB.DD5.1.x264-GalaxyRG(DEBRID ONLY 1080P)</sublink>
<sublink>search</sublink>
<sublink>searchsd</sublink>
</link>
<thumbnail>https://image.tmdb.org/t/p/w1280/3OSAh3Tw1FHzK8Pc6DUAUqSOerC.jpg</thumbnail>
<fanart>https://image.tmdb.org/t/p/w1000_and_h563_face/yZaeHWFdQkSCjgytKyGrDqsrkPd.jpg</fanart>
</item>

<item>
<title>Feedback</title>
<meta>
<content>movie</content>
<imdb>tt7857374</imdb>
<title>Feedback</title>
<year>2019</year>
</meta>
<link>
<sublink>magnet:?xt=urn:btih:0a591ee67d222b3b825909862a623317e39a1ec2&dn=Feedback.2019.1080p.WEB-DL.H264.AC3-EVO%5BEtHD%5D(DEBRID ONLY 1080P)</sublink>
<sublink>search</sublink>
<sublink>searchsd</sublink>
</link>
<thumbnail>https://image.tmdb.org/t/p/w600_and_h900_bestv2/xfOVhNP93QSiHn9hEWemTMiBK19.jpg</thumbnail>
<fanart>https://image.tmdb.org/t/p/original/f1kb20sXU7YkuHUgdecGuRSjzT0.jpg</fanart>
</item>


<item>
	<title>Trading Paint (2019)</title>
<meta>
<imdb>tt7052494</imdb>
<content>movie</content>
<year>2019</year>
</meta>
<link>
<sublink>magnet:?xt=urn:btih:b5aebb82c2f7feb4f55f97356d86836312e36ea2&dn=Trading.Paint.2019.1080p.BluRay.MHD.X264.DD.5.1-DDR(DEBRID ONLY 1080P)</sublink>
</link>
<thumbnail>https://m.media-amazon.com/images/M/MV5BZWU0NDZmNmYtOTZkYy00YmE5LThmMGUtYjI2YWE0N2NkNDhkXkEyXkFqcGdeQXVyODQ2MDUzNDg@._V1_.jpg</thumbnail>
<fanart>https://m.media-amazon.com/images/M/MV5BMGY0YWY4ZmItODg1My00MDFiLWEzNTMtNWU5ZTdmOWZkNmI5XkEyXkFqcGdeQXVyODQ2MDUzNDg@._V1_.jpg</fanart>
</item>
