<item>
	<title>[COLOR=white]Honey, I Shrunk the Kids[/COLOR]</title>
	<meta>
	<imdb>tt0097523</imdb>
	<content>movie</content>
	<title>Honey, I Shrunk the Kids</title>
	<year>1989</year>
	</meta>
	<link>
	<sublink>https://uptobox.com/wfskoa9nh4le(1080p)</sublink>
	<sublink>search</sublink>
	<sublink>searchsd</sublink>
	</link>
	<thumbnail>https://image.tmdb.org/t/p/w1280/f5eFxKYAd7hN1BxYzBg9qL1SDRe.jpg</thumbnail>
	<fanart>https://image.tmdb.org/t/p/w1280/5AhzhhWMD7VxjXjvr1Cx3BmPxyj.jpg</fanart>
</item>

<item>
	<title>[COLOR=white]Major League[/COLOR]</title>
	<meta>
	<imdb>tt0097815</imdb>
	<content>movie</content>
	<title>Major League</title>
	<year>1989</year>
	</meta>
	<link>
	<sublink>https://uptobox.com/st1fvihwh3wl</sublink>
	<sublink>search</sublink>
	<sublink>searchsd</sublink>
	</link>
	<thumbnail>https://image.tmdb.org/t/p/w1280/nD8hYPxh4Ph12dAsWiH3nQbqYDW.jpg</thumbnail>
	<fanart>https://image.tmdb.org/t/p/w1280/xeccG7i111rvtY1n3VvQtBAVh7t.jpg</fanart>
</item>

<item>
	<title>Coming to America</title>
<meta>
<content>movie</content>
<imdb>tt0094898</imdb>
<title>Coming to Aamerica</title>
<year>1988</year>
</meta>
<link>
<sublink>https://uptostream.com/t4rzrciwj6km(720p)</sublink>
<sublink>search</sublink>
<sublink>searchsd</sublink>
</link>
<thumbnail>https://image.tmdb.org/t/p/w1280/7v1Sy0HC5KEM1DMM4Bpy5gVly1K.jpg</thumbnail>
<fanart>https://image.tmdb.org/t/p/w1000_and_h563_face/jBB1f9Rr5K43xUCn5cKYNmPAfui.jpg</fanart>
</item>

<item>
	<title>[COLOR=white]School Daze[/COLOR]</title>
	<meta>
	<imdb>tt0096054</imdb>
	<content>movie</content>
	<title>School Daze</title>
	<year>1988</year>
	</meta>
	<link>https://uptobox.com/kelaeljqxymh</link>
	<thumbnail>https://image.tmdb.org/t/p/w1280/iYjGBvqX8FDhuTsDoo2DfWn5RT.jpg</thumbnail>
	<fanart>https://image.tmdb.org/t/p/w1280/zpndSnsOCQBbDILeBpkBNVi8BTY.jpg</fanart>
</item>

<item>
<title>[COLOR=white]Beverly Hills Cop II[/COLOR]</title>
<meta>
<imdb>tt0092644</imdb>
<content>movie</content>
	<title>Beverly Hills Cop II</title>
	<year>1987</year>
	</meta>
	<link>
	<sublink>https://uptobox.com/hd1yy1r1mcai(720p)</sublink>
	<sublink>search</sublink>
	<sublink>searchsd</sublink>
	</link>
	<thumbnail>https://image.tmdb.org/t/p/w1280/2y1z1baxKT0coTTRlnkI6McnR9f.jpg</thumbnail>
	<fanart>https://image.tmdb.org/t/p/w1280/mXenFohxCO4jQ0e1bJf4e9gebxL.jpg</fanart>
</item>

<item>
<title>Legend (1985)</title>
<meta>
<content>movie</content>
<imdb>tt0089469</imdb>
<title>Legend</title>
<year>1985</year>
</meta>
<link>
<sublink>https://uptobox.com/7aioeut3jcr0(720p)</sublink>
<sublink>https://uptobox.com/dd2sooc83433(1080p)</sublink>
<sublink>search</sublink>
<sublink>searchsd</sublink>
</link>
<thumbnail>https://image.tmdb.org/t/p/w600_and_h900_bestv2/xNWs9LM46vJWwf1q0VGPOccTKg4.jpg</thumbnail>
<fanart>https://image.tmdb.org/t/p/original/kiTjtGWfQNuwz8YMyzicn4wDkET.jpg</fanart>
</item>

<item>
	<title>[COLOR=white]Beverly Hills Cop[/COLOR]</title>
	<meta>
	<imdb>tt0086960</imdb>
	<content>movie</content>
	<title>Beverly Hills Cop</title>
	<year>1984</year>
	</meta>
	<link>
	<sublink>https://uptobox.com/qdlk15i1n0vc(1080p)</sublink>
	<sublink>search</sublink>
	<sublink>searchsd</sublink>
	</link>
	<thumbnail>https://image.tmdb.org/t/p/w1280/eEm00B2qO4j4gGH9PDg8dHvyApD.jpg</thumbnail>
	<fanart>https://image.tmdb.org/t/p/w1280/gmV4lsRAAtgdTysO3FwTxN8wevb.jpg</fanart>
</item>

<item>
	<title>[COLOR=white]Scarface[/COLOR]</title>
	<meta>
	<imdb>tt0086250</imdb>
	<content>movie</content>
	<title>Scarface</title>
	<year>1983</year>
	</meta>
	<link>
	<sublink>https://uptobox.com/nq6b1b7uspw5(720p)</sublink>
	<sublink>https://uptobox.com/e2u6qj7aya64(1080p)</sublink>
	<sublink>search</sublink>
	<sublink>searchsd</sublink>
	</link>
	<thumbnail>https://image.tmdb.org/t/p/w1280/zr2p353wrd6j3wjLgDT4TcaestB.jpg</thumbnail>
	<fanart>https://image.tmdb.org/t/p/w1280/51fjuzYoJKvGW43j32nBpWW6Tm1.jpg</fanart>
</item>

<item>
<title>The Terminator</title>
<meta>
<content>movie</content>
<imdb>tt0088247</imdb>
<title>The Terminator</title>
<year>1984</year>
</meta>
<link>
<sublink>http://dl.f2m.co/film/The.Terminator.1984.720p.BluRay.Film2Movie_ORG.mp4</sublink>
<sublink></sublink>
<sublink>search</sublink>
<sublink>searchsd</sublink>
</link>
<thumbnail>https://image.tmdb.org/t/p/w600_and_h900_bestv2/q8ffBuxQlYOHrvPniLgCbmKK4Lv.jpg</thumbnail>
<fanart>https://image.tmdb.org/t/p/original/9ZERAfT7MfEFiqGwvregYR1I7T8.jpg</fanart>
</item>


<item>
<title>The Shining</title>
<meta>
<content>movie</content>
<imdb>tt0081505</imdb>
<title>The Shining</title>
<year>1980</year>
</meta>
<link>
<sublink>http://dl.f2m.co/film/The.Shining.1980.720p.BluRay.Farsi.Dubbed.Film2Movie_ORG.mkv</sublink>
<sublink></sublink>
<sublink>search</sublink>
<sublink>searchsd</sublink>
</link>
<thumbnail>https://image.tmdb.org/t/p/w600_and_h900_bestv2/9fgh3Ns1iRzlQNYuJyK0ARQZU7w.jpg</thumbnail>
<fanart>https://image.tmdb.org/t/p/original/h4DcDCOkQBENWBJZjNlPv3adQfM.jpg</fanart>
</item>

<item>
<title>The Young Master</title>
<meta>
<content>movie</content>
<imdb>tt0081499</imdb>
<title>The Young Master</title>
<year>1980</year>
</meta>
<link>
<sublink>http://dl.f2m.co/film/The.Young.Master.1980.720p.BluRay.Farsi.Dubbed.Film2Movie_ORG.mkv</sublink>
<sublink></sublink>
<sublink>search</sublink>
<sublink>searchsd</sublink>
</link>
<thumbnail>https://image.tmdb.org/t/p/w600_and_h900_bestv2/fE3qMzV5VJD47BjV3nFOKWYSiCc.jpg</thumbnail>
<fanart>https://image.tmdb.org/t/p/original/tGpeRxUm4yYdFnZhXWpJaFULGH.jpg</fanart>
</item>


