<item>
	<title>[COLOR=white]Stuart Little[/COLOR]</title>
	<meta>
	<imdb>tt0164912</imdb>
	<content>movie</content>
	<title>Stuart Little</title>
	<year>1999</year>
	</meta>
	<link>
	<sublink></sublink>
	<sublink>search</sublink>
	<sublink>searchsd</sublink>
	</link>
	<thumbnail>https://image.tmdb.org/t/p/w1280/539JU71suy9q4Wd5vvkKQLl5fTC.jpg</thumbnail>
	<fanart>https://image.tmdb.org/t/p/w1280/bfiybUiH5TEiuk1Znn2cYG4w0YD.jpg</fanart>
</item>
<item>
	<title>Stir of Echoes</title>
<meta>
<content>movie</content>
<imdb>tt0164181</imdb>
<title>Stir of Echoes</title>
<year>1999</year>
</meta>
<link>
<sublink>https://uptostream.com/7wspgs8c6qkn(720p)</sublink>
<sublink>(1080p)</sublink>
<sublink>search</sublink>
<sublink>searchsd</sublink>
</link>
<thumbnail>https://image.tmdb.org/t/p/w1280/tdsVfsvvkj9ygu0LIiFtpCgwg8h.jpg</thumbnail>
<fanart>https://image.tmdb.org/t/p/w1000_and_h563_face/kBb8zqJ07wSTc09JrUkfdNcZb29.jpg</fanart>
</item>
<item>
	<title>Stigmata (1999)</title>
<meta>
<content>movie</content>
<imdb>tt0145531</imdb>
<title>Stigmata</title>
<year>1999</year>
</meta>
<link>
<sublink>https://uptostream.com/bth92vmbp327</sublink>
<sublink>search</sublink>
<sublink>searchsd</sublink>
</link>
<thumbnail>https://image.tmdb.org/t/p/w1280/3ttGrpTuaEt7EWwu3REPS7FRCjX.jpg</thumbnail>
<fanart>https://image.tmdb.org/t/p/w700_and_h392_bestv2/t1wXPJuhUXCcv5X2Wl615nmIvtk.jpg</fanart>
</item>
<item>
	<title>In Too Deep (1999)</title>
<meta>
<content>movie</content>
<imdb>tt0160401</imdb>
<title>In Too Deep</title>
<year>1999</year>
</meta>
<link>
<sublink>https://uptostream.com/pk5tckvcp4l9</sublink>
<sublink>search</sublink>
<sublink>searchsd</sublink>
</link>
<thumbnail>https://image.tmdb.org/t/p/w1280/eBBA53Z7gh7MLwHyMHmcv1o5hnz.jpg</thumbnail>
<fanart>https://image.tmdb.org/t/p/w700_and_h392_bestv2/fbGl4ucQNpXXGC5YpVVSR4gndiP.jpg</fanart>
</item>
<item>
	<title>The Matrix- 1999</title>
<meta>
<content>movie</content>
<imdb>tt0133093</imdb>
<title>The Matrix</title>
<year>1999</year>
</meta>
<link>
<sublink>https://uptostream.com/t4j41vzerwwq(720p)</sublink>
<sublink>search</sublink>
<sublink>searchsd</sublink>
</link>
<thumbnail>https://image.tmdb.org/t/p/w1280/hEpWvX6Bp79eLxY1kX5ZZJcme5U.jpg</thumbnail>
<fanart>https://image.tmdb.org/t/p/w1000_and_h563_face/rOKU4MauSmcaZ3PPO8RVkpW3QhQ.jpg</fanart>
</item>
<item>
	<title>Fight Club</title>
<meta>
<content>movie</content>
<imdb>tt0137523</imdb>
<title>Fight Club</title>
<year>1999</year>
</meta>
<link>
<sublink>https://uptostream.com/nezvfr5pyw71(1080p)</sublink>
<sublink>search</sublink>
<sublink>searchsd</sublink>
</link>
<thumbnail>https://image.tmdb.org/t/p/w1280/adw6Lq9FiC9zjYEpOqfq03ituwp.jpg</thumbnail>
<fanart>https://image.tmdb.org/t/p/w1000_and_h563_face/87hTDiay2N2qWyX4Ds7ybXi9h8I.jpg</fanart>
</item>
<item>
	<title>[COLOR=white]The Sixth Sense[/COLOR]</title>
	<meta>
	<imdb>tt0167404</imdb>
	<content>movie</content>
	<title>The Sixth Sense</title>
	<year>1999</year>
	</meta>
	<link>
	<sublink>https://uptobox.com/9ozfr66kozrq(720p)</sublink>
	<sublink>search</sublink>
	<sublink>searchsd</sublink>
	</link>
	<thumbnail>https://image.tmdb.org/t/p/w1280/imps263dHNe3SuoaAJORZyNTdDT.jpg</thumbnail>
	<fanart>https://image.tmdb.org/t/p/w1280/1X6F9OvfaWl6AGcCdqYl8icxG9z.jpg</fanart>
</item>
<item>
	<title>[COLOR=white]Arlington Road[/COLOR]</title>
	<meta>
	<imdb>tt0137363</imdb>
	<content>movie</content>
	<title>Arlington Road</title>
	<year>1999</year>
	</meta>
	<link>
	<sublink>https://uptostream.com/lzugtpqodbtk(720p)</sublink>
	<sublink>search</sublink>
	<sublink>searchsd</sublink>
	</link>
	<thumbnail>https://image.tmdb.org/t/p/w1280/jMwDRI4qu5FrSAzf7BfNveuRVf9.jpg</thumbnail>
	<fanart>https://image.tmdb.org/t/p/w1280/cPr5sLYNT7w9jzHRGtUpsj5tiMj.jpg</fanart>
</item>
<item>
	<title>[COLOR=white]The Green Mile[/COLOR]</title>
	<meta>
	<imdb>tt0120689</imdb>
	<content>movie</content>
	<title>The Green Mile</title>
	<year>1999</year>
	</meta>
	<link>
	<sublink>https://uptobox.com/5uc0nhia32dz(720p)</sublink>
	<sublink> https://uptobox.com/0nolf3h557oq(1080p)</sublink>
	<sublink>search</sublink>
	<sublink>searchsd</sublink>
	</link>
	<thumbnail>https://image.tmdb.org/t/p/w1280/sOHqdY1RnSn6kcfAHKu28jvTebE.jpg</thumbnail>
	<fanart>https://image.tmdb.org/t/p/w1280/Rlt20sEbOQKPVjia7lUilFm49W.jpg</fanart>
</item>
<item>
	<title>She's All That-1999</title>
<meta>
<content>movie</content>
<imdb>tt0160862</imdb>
<title>She's All That</title>
<year>1999</year>
</meta>
<link>
<sublink>https://uptostream.com/uem2nv24h6d6(720p)</sublink>
<sublink>search</sublink>
<sublink>searchsd</sublink>
</link>
<thumbnail>https://image.tmdb.org/t/p/w1280/ojZkjCvIHnDLPvaa8GFSwuMPJxB.jpg</thumbnail>
<fanart>https://image.tmdb.org/t/p/w1000_and_h563_face/wsxv27gozw6in4QGukvMMcRuCQc.jpg</fanart>
</item>
<item>
	<title>[COLOR=white]Dogma[/COLOR]</title>
	<meta>
	<imdb>tt0120655</imdb>
	<content>movie</content>
	<title>Dogma</title>
	<year>1999</year>
	</meta>
	<link>
	<sublink>https://uptobox.com/ra11dkcysiul(720p)</sublink>
	<sublink>search</sublink>
	<sublink>searchsd</sublink>
	</link>
	<thumbnail>https://image.tmdb.org/t/p/w1280/zuJJAEvyiZiddzRx7JRGNDzjP07.jpg</thumbnail>
	<fanart>https://image.tmdb.org/t/p/w1280/hyVHeKqCDwZdvgeFvAFZD2pDcFy.jpg</fanart>
</item>
<item>
	<title>Blue Streak (1999)</title>
<meta>
<content>movie</content>
<imdb>tt0181316</imdb>
<title>Blue Streak</title>
<year>1999</year>
</meta>
<link>
<sublink>https://uptostream.com/weqhj8kv0vcg</sublink>
<sublink></sublink>
<sublink>search</sublink>
<sublink>searchsd</sublink>
</link>
<thumbnail>https://image.tmdb.org/t/p/w1280/jek2osBtFhzU6Hjj7yp1egOtbqO.jpg</thumbnail>
<fanart>https://image.tmdb.org/t/p/original/rv8NFwIKP4zm1ZSUmUZkEkuphqO.jpg</fanart>
</item>
<item>
	<title>Life (1999)</title>
<meta>
<content>movie</content>
<imdb>tt0123964</imdb>
<title>Life</title>
<year>1999</year>
</meta>
<link>
<sublink>https://uptostream.com/9qwblvwk4mic(720p)</sublink>
<sublink>https://uptostream.com/9qwblvwk4mic(1080p)</sublink>
<sublink>search</sublink>
<sublink>searchsd</sublink>
</link>
<thumbnail>https://image.tmdb.org/t/p/w1280/t3ijJkodD7fzgbnaEFLQ43ebDDT.jpg</thumbnail>
<fanart>https://image.tmdb.org/t/p/original/yCJPN5tZ9SvbS6W3CAtEoDPII8b.jpg</fanart>
</item>
<item>
	<title>The Best Man (1999)</title>
<meta>
<content>movie</content>
<imdb>tt0168501</imdb>
<title>The Best Man</title>
<year>1999</year>
</meta>
<link>
<sublink>https://uptostream.com/e1mnuvdrheln</sublink>
<sublink></sublink>
<sublink>search</sublink>
<sublink>searchsd</sublink>
</link>
<thumbnail>https://image.tmdb.org/t/p/w1280/aYjqXc6DohfynlfUNRHqiqWi4cL.jpg</thumbnail>
<fanart>https://image.tmdb.org/t/p/original/4x2Au3MrKsUh7aT3kAfU0aoBaoH.jpg</fanart>
</item>
<item>
	<title>The Wood (1999)</title>
<meta>
<content>movie</content>
<imdb>tt0161100</imdb>
<title>The Wood</title>
<year>1999</year>
</meta>
<link>
<sublink>https://uptostream.com/6sdax0i7krw9</sublink>
<sublink></sublink>
<sublink>search</sublink>
<sublink>searchsd</sublink>
</link>
<thumbnail>https://image.tmdb.org/t/p/w1280/ocT0wGqxODQY4ny49ECLv4DYKru.jpg</thumbnail>
<fanart>https://image.tmdb.org/t/p/original/iHfoyWAlpuXGQBUhIHSzIKtCRDF.jpg</fanart>
</item>
<item>
	<title>Any Given Sunday (1999)</title>
<meta>
<content>movie</content>
<imdb>tt0146838</imdb>
<title>Any Given Sunday</title>
<year>1999</year>
</meta>
<link>
<sublink>https://uptostream.com/hf823jrp3lqk</sublink>
<sublink></sublink>
<sublink>search</sublink>
<sublink>searchsd</sublink>
</link>
<thumbnail>https://image.tmdb.org/t/p/w1280/ofxxBtOoNRQD9yuiVIEo8sbsqkK.jpg</thumbnail>
<fanart>https://image.tmdb.org/t/p/original/2xQVXJrANGTaaoOn9g2IDQmBhJB.jpg</fanart>
</item>
<item>
	<title>[COLOR=white]Varsity Blues[/COLOR]</title>
	<meta>
	<imdb>tt0139699</imdb>
	<content>movie</content>
	<title>Varsity Blues</title>
	<year>1999</year>
	</meta>
	<link>
	<sublink>https://uptostream.com/imy33kg8qqgg(720p)</sublink>
	<sublink>search</sublink>
	<sublink>searchsd</sublink>
	</link>
	<thumbnail>https://image.tmdb.org/t/p/w1280/nnVA3Nmry9furen0NDmJa0QTn2F.jpg</thumbnail>
	<fanart>https://image.tmdb.org/t/p/w1280/vQ6m3a4rdZyKJ7To2oCV3WSyVPE.jpg</fanart>
</item>
<item>
	<title>The Hurricane (1999)</title>
<meta>
<imdb>tt0174856</imdb>
<content>movie</content>
<year>1999</year>
</meta>
<link>
<sublink>http://dl7.f2m.io/film/The.Hurricane.1999.1080p.BluRay.Film2Movie_US.mkv</sublink>
<sublink>http://dl7.f2m.io/film/The.Hurricane.1999.720p.BluRay.MkvCage.Film2Movie_US.mkv</sublink>
<sublink>http://dl7.f2m.io/film/The.Hurricane.1999.480p.BluRay.Film2Movie_US.mkv</sublink>
</link>
<thumbnail>https://m.media-amazon.com/images/M/MV5BMTA3OTYxMzg0MDFeQTJeQWpwZ15BbWU4MDY1MjY0MTEx._V1_.jpg</thumbnail>
<fanart>https://m.media-amazon.com/images/M/MV5BOWFiM2MwNDQtMjIwNS00ODZhLWFiN2EtNDRlMDQzNzVhMDlkXkEyXkFqcGdeQXVyMTI3MDk3MzQ@._V1_.jpg</fanart>
</item>
<item>
	<title>Blade</title>
<meta>
<content>movie</content>
<imdb>tt0120611</imdb>
<title>Blade</title>
<year>1998</year>
</meta>
<link>
<sublink>https://uptostream.com/yyqnkzp2k1r7(720p)</sublink>
<sublink>search</sublink>
<sublink>searchsd</sublink>
</link>
<thumbnail>https://image.tmdb.org/t/p/w1280/r0RQ9ZOEZglLOeYDNJTehVTRoR6.jpg</thumbnail>
<fanart>https://image.tmdb.org/t/p/w1000_and_h563_face/kTvGzXv4lIoQAOU8hAvdZtnEqy0.jpg</fanart>
</item>
<item>
	<title>Antz (1998)</title>
<meta>
<content>movie</content>
<imdb>tt0120587</imdb>
<title>Antz</title>
<year>1998</year>
</meta>
<link>
<sublink>https://uptobox.com/jgk79pva5fe1</sublink>
<sublink>search</sublink>
<sublink>searchsd</sublink>
</link>
<thumbnail>https://image.tmdb.org/t/p/w600_and_h900_bestv2/3biVcPu5hrfKUMC73sTFq17dmmS.jpg</thumbnail>
<fanart>https://image.tmdb.org/t/p/original/kMfLkbVTsALj5eIu72jtwzDhVsV.jpg</fanart>
</item>
<item>
	<title>A Bug's Life (1998)</title>
<meta>
<content>movie</content>
<imdb>tt0120623</imdb>
<title>A Bug's Life</title>
<year>1998</year>
</meta>
<link>
<sublink>https://uptobox.com/zemzksmnh1do</sublink>
<sublink>search</sublink>
<sublink>searchsd</sublink>
</link>
<thumbnail>https://image.tmdb.org/t/p/w600_and_h900_bestv2/u9qGMRwcPwP0WETxulS5hKUsEum.jpg</thumbnail>
<fanart>https://image.tmdb.org/t/p/original/rrAdTMAH41reM6HKJDdu3HpW2Lf.jpg</fanart>
</item>
<item>
	<title>Mulan (1998)</title>
<meta>
<content>movie</content>
<imdb>tt0120762</imdb>
<title>Mulan</title>
<year>1998</year>
</meta>
<link>
<sublink>https://uptostream.com/35qqcyift7gm</sublink>
<sublink>search</sublink>
<sublink>searchsd</sublink>
</link>
<thumbnail>https://image.tmdb.org/t/p/w1280/7orfSLncDBQrFQpUkoAfunWNySk.jpg</thumbnail>
<fanart>https://image.tmdb.org/t/p/original/fyjampvvKuci6fNHMsDm81hQRjH.jpg</fanart>
</item>
<item>
	<title>[COLOR=white]3 Ninjas High Noon at Mega Mountain[/COLOR]</title>
	<meta>
	<imdb>tt0118539</imdb>
	<content>movie</content>
	<title>3 Ninjas High Noon at Mega Mountain</title>
	<year>1998</year>
	</meta>
	<link>
	<sublink>https://uptobox.com/img87xo5xpf0</sublink>
	<sublink>search</sublink>
	<sublink>searchsd</sublink>
	</link>
	<thumbnail>https://image.tmdb.org/t/p/w1280/qTavfpV1XWblnrfkASOxBnrdO0M.jpg</thumbnail>
	<fanart>https://image.tmdb.org/t/p/w1280/yTdUl6LZiTjl2Ry95ocsppuZGJY.jpg</fanart>
</item>
<item>
	<title>Armageddon (1998)</title>
<meta>
<content>movie</content>
<imdb>tt0120591</imdb>
<title>Armageddon</title>
<year>1998</year>
</meta>
<link>
<sublink>https://uptostream.com/j0j2ubmbe92q(720p)</sublink>
<sublink>https://uptostream.com/lr6b2i96xgvh(1080p)</sublink>
<sublink>search</sublink>
<sublink>searchsd</sublink>
</link>
<thumbnail>https://image.tmdb.org/t/p/w1280/coINnuCzcw5FMHBty8hcudMOBnO.jpg</thumbnail>
<fanart>https://image.tmdb.org/t/p/w700_and_h392_bestv2/ouNshZ43nE4tWdZo3QAFH8525Ps.jpg</fanart>
</item>
<item>
	<title>Enemy of the State (1998)</title>
<meta>
<content>movie</content>
<imdb>tt0120660</imdb>
<title>Enemy of the State</title>
<year>1998</year>
</meta>
<link>
<sublink>https://uptostream.com/onliikrsjq7s(1080p)</sublink>
<sublink>https://uptostream.com/lf39v6cu44hz(720p)</sublink>
<sublink>search</sublink>
<sublink>searchsd</sublink>
</link>
<thumbnail>https://image.tmdb.org/t/p/w600_and_h900_bestv2/2B0vLBo6gJbnzke4Enc77GCxKrz.jpg</thumbnail>
<fanart>https://image.tmdb.org/t/p/original/5zIxXANoUCVMFu9YFhHejmnSmhY.jpg</fanart>
</item>
<item>
	<title>The Negotiator-1998</title>
<meta>
<content>movie</content>
<imdb>tt0120768</imdb>
<title>The Negotiator</title>
<year>1998</year>
</meta>
<link>
<sublink>https://uptostream.com/wmjbjzru5oig</sublink>
<sublink>search</sublink>
<sublink>searchsd</sublink>
</link>
<thumbnail>https://image.tmdb.org/t/p/w1280/uA1zKgJVoO0ljbSbKXyek5YbLwv.jpg</thumbnail>
<fanart>https://image.tmdb.org/t/p/w1000_and_h563_face/lx9eC0e98ZrdU0y55LrydS8CMMp.jpg</fanart>
</item>
<item>
	<title>[COLOR=white]Belly[/COLOR]</title>
	<meta>
	<imdb>tt0158493</imdb>
	<content>movie</content>
	<title>Belly</title>
	<year>1998</year>
	</meta>
	<link>
	<sublink>https://uptobox.com/vcoyhtsdzgzz</sublink>
	<sublink>search</sublink>
	<sublink>searchsd</sublink>
	</link>
	<thumbnail>https://image.tmdb.org/t/p/w1280/od6CFLhqaSmOMeFuqVPC6ZEU4Fi.jpg</thumbnail>
	<fanart>https://image.tmdb.org/t/p/w1280/gCUdoaqA2lOVq7hj0JZbIr5f3Em.jpg</fanart>
</item>
<item>
	<title>[COLOR=white]Senseless[/COLOR]</title>
	<meta>
	<imdb>tt0120820</imdb>
	<content>movie</content>
	<title>Senseless</title>
	<year>1998</year>
	</meta>
	<link>
	<sublink>https://uptobox.com/31klwlaw3833</sublink>
	<sublink>search</sublink>
	<sublink>searchsd</sublink>
	</link>
	<thumbnail>https://image.tmdb.org/t/p/w1280/b7UPxxPlvFBNBx9ebpJuuQ2WtbY.jpg</thumbnail>
	<fanart>https://image.tmdb.org/t/p/w1280/xrPA9smXA6dHSH3TH34qLSP4Qyr.jpg</fanart>
</item>
<item>
	<title>[COLOR=white]Rush Hour[/COLOR]</title>
	<meta>
	<imdb>tt0120812</imdb>
	<content>movie</content>
	<title>Rush Hour</title>
	<year>1998</year>
	</meta>
	<link>
	<sublink>https://uptostream.com/a96jnvy9isi9(720p)</sublink>
	<sublink>search</sublink>
	<sublink>searchsd</sublink>
	</link>
	<thumbnail>https://image.tmdb.org/t/p/w1280/jdfxpW5LF36sHsHjyH8CMBEG4TF.jpg</thumbnail>
	<fanart>https://image.tmdb.org/t/p/w1280/8GgXo5TQO3ccARNLn7rcWdbTTsx.jpg</fanart>
</item>
<item>
	<title>He Got Game (1998)</title>
<meta>
<content>movie</content>
<imdb>tt0124718</imdb>
<title>He Got Game</title>
<year>1998</year>
</meta>
<link>
<sublink>https://uptostream.com/ray4i9uec17x</sublink>
<sublink></sublink>
<sublink>search</sublink>
<sublink>searchsd</sublink>
</link>
<thumbnail>https://image.tmdb.org/t/p/w1280/63YZteyFAn0xVTPDTLtfs1mciHj.jpg</thumbnail>
<fanart>https://image.tmdb.org/t/p/original/2UgAfyH24XruAdph22vBnwuu595.jpg</fanart>
</item>
<item>
	<title>The Waterboy(1998)</title>
<meta>
<content>movie</content>
<imdb>tt0120484</imdb>
<title>The Waterboy</title>
<year>1998</year>
</meta>
<link>
<sublink>https://uptostream.com/23xws4cyhv40</sublink>
<sublink></sublink>
<sublink>search</sublink>
<sublink>searchsd</sublink>
</link>
<thumbnail>https://image.tmdb.org/t/p/w1280/wZKa2NZgEKJ85NoO2cQ7xzj8eBn.jpg</thumbnail>
<fanart>https://image.tmdb.org/t/p/original/4uMu6zO4CQICqyivJonApHaXZcH.jpg</fanart>
</item>
<item>
	<title>[COLOR=white]Batman & Robin[/COLOR]</title>
	<meta>
	<imdb>tt0118688</imdb>
	<content>movie</content>
	<title>Batman & Robin</title>
	<year>1997</year>
	</meta>
	<link>
	<sublink>https://uptobox.com/nfk0pey19571(720p)</sublink>
	<sublink>https://uptobox.com/9o58j4numt6n(1080p)</sublink>
	<sublink>search</sublink>
	<sublink>searchsd</sublink>
	</link>
	<thumbnail>https://image.tmdb.org/t/p/w1280/79AYCcxw3kSKbhGpx1LiqaCAbwo.jpg</thumbnail>
	<fanart>https://image.tmdb.org/t/p/w1280/39jbxGwfR4wHBV7apo3JiNdHDHq.jpg</fanart>
</item>
<item>
	<title>[COLOR=white]Flubber[/COLOR]</title>
	<meta>
	<imdb>tt0119137</imdb>
	<content>movie</content>
	<title>Flubber</title>
	<year>1997</year>
	</meta>
	<link>
	<sublink>https://uptobox.com/x1ubve1ot5il(720p)</sublink>
	<sublink>https://uptobox.com/i7tb2fpmdpcg(1080p)</sublink>
	<sublink>search</sublink>
	<sublink>searchsd</sublink>
	</link>
	<thumbnail>https://image.tmdb.org/t/p/w1280/xrbkE6g2myJPLWxNy52yL2MJJHX.jpg</thumbnail>
	<fanart>https://image.tmdb.org/t/p/w1280/nG7lVHS5N7DQkHnSyOLjadjvCi5.jpg</fanart>
</item>
<item>
	<title>[COLOR=white]Air Bud[/COLOR]</title>
	<meta>
	<imdb>tt0118570</imdb>
	<content>movie</content>
	<title>Air Bud</title>
	<year>1997</year>
	</meta>
	<link>
	<sublink>https://uptobox.com/buutlxm9jxhi</sublink>
	<sublink>search</sublink>
	<sublink>searchsd</sublink>
	</link>
	<thumbnail>https://image.tmdb.org/t/p/w1280/ny0lBB66RdnhIkfzsqpLl2suQaY.jpg</thumbnail>
	<fanart>https://image.tmdb.org/t/p/w1280/lBkZWcYhjFImLhLnaMd6RoO3jos.jpg</fanart>
</item>
<item>
	<title>Face/Off (1997)</title>
<meta>
<content>movie</content>
<imdb>tt0119094</imdb>
<title>Face/Off</title>
<year>1997</year>
</meta>
<link>
<sublink>https://uptobox.com/v5iqu14b0srj</sublink>
<sublink>https://uptostream.com/sb22jkbg0me9(720p)</sublink>
<sublink>search</sublink>
<sublink>searchsd</sublink>
</link>
<thumbnail>https://image.tmdb.org/t/p/w600_and_h900_bestv2/q1i8QHiHZ1cukG5iOxai8pydmoa.jpg</thumbnail>
<fanart>https://image.tmdb.org/t/p/original/8lbW7NzvLJsu6YDWMsoctqzeR5Y.jpg</fanart>
</item>
<item>
	<title>[COLOR=white]Hoodlum[/COLOR]</title>
	<meta>
	<imdb>tt0119311</imdb>
	<content>movie</content>
	<title>Hoodlum</title>
	<year>1997</year>
	</meta>
	<link>
	<sublink>https://uptobox.com/z0xphbza7k28(720p)</sublink>
	<sublink>https://uptobox.com/dm6yfa5746p1(1080p)</sublink>
	<sublink>search</sublink>
	<sublink>searchsd</sublink>
	</link>
	<thumbnail>https://image.tmdb.org/t/p/w1280/pl4S4tU4qcXp9wBHnJCso2xcq8P.jpg</thumbnail>
	<fanart>https://image.tmdb.org/t/p/w1280/8X2XRNOs3izinVwlPwd8ODWMZYe.jpg</fanart>
</item>
<item>
	<title>Con-Air (1997)</title>
<meta>
<content>movie</content>
<imdb>tt0118880</imdb>
<title>Con-Air</title>
<year>1997</year>
</meta>
<link>
<sublink>https://uptostream.com/7pvithdwhimn</sublink>
<sublink>search</sublink>
<sublink>searchsd</sublink>
</link>
<thumbnail>https://image.tmdb.org/t/p/w1280/5HOPdmDFMUd69saCfwIrpSITmdj.jpg</thumbnail>
<fanart>https://image.tmdb.org/t/p/w700_and_h392_bestv2/2vvj4qzaSh9LC0jmH8H2mv9aEqm.jpg</fanart>
</item>
<item>
	<title>[COLOR=white]Titanic[/COLOR]</title>
	<meta>
	<imdb>tt0120338</imdb>
	<content>movie</content>
	<title>Titanic</title>
	<year>1997</year>
	</meta>
	<link>
	<sublink>https://uptobox.com/o8szd95db3p1(720p)</sublink>
	<sublink>search</sublink>
	<sublink>searchsd</sublink>
	</link>
	<thumbnail>https://image.tmdb.org/t/p/w1280/kHXEpyfl6zqn8a6YuozZUujufXf.jpg</thumbnail>
	<fanart>https://image.tmdb.org/t/p/w1280/xqQztbT6KlPLQLlRtNHoXivEMZA.jpg</fanart>
</item>
<item>
	<title>[COLOR=white]Chasing Amy[/COLOR]</title>
	<meta>
	<imdb>tt0118842</imdb>
	<content>movie</content>
	<title>Chasing Amy</title>
	<year>1997</year>
	</meta>
	<link>
	<sublink>https://uptobox.com/1t8os2wz4av6(720p)</sublink>
	<sublink>https://uptobox.com/r0v1onbvnftj(1080p)</sublink>
	<sublink>search</sublink>
	<sublink>searchsd</sublink>
	</link>
	<thumbnail>https://image.tmdb.org/t/p/w1280/4vFJileWrCGaBeobCmF0tXpQCUb.jpg</thumbnail>
	<fanart>https://image.tmdb.org/t/p/w1280/doKYVK61Vb8J1KUjlb9dNWkQNp6.jpg</fanart>
</item>
<item>
	<title>[COLOR=white]Space Jam[/COLOR]</title>
	<meta>
	<imdb>tt0117705</imdb>
	<content>movie</content>
	<title>Space Jam</title>
	<year>1996</year>
	</meta>
	<link>
	<sublink>https://uptobox.com/56rgxk9ql0jk(720p)</sublink>
	<sublink>search</sublink>
	<sublink>searchsd</sublink>
	</link>
	<thumbnail>https://image.tmdb.org/t/p/w1280/xI9AwhOWtsbFlS8tYD2PXa80p7u.jpg</thumbnail>
	<fanart>https://image.tmdb.org/t/p/w1280/kBTdPNTAzagAY6UiwY957KCDGuu.jpg</fanart>
</item>
<item>
	<title>[COLOR=white]Jerry Maguire[/COLOR]</title>
	<meta>
	<imdb>tt0116695</imdb>
	<content>movie</content>
	<title>Jerry Maguire</title>
	<year>1996</year>
	</meta>
	<link>
	<sublink>https://uptobox.com/a4q99zzhs72r(720p)</sublink>
	<sublink>https://uptobox.com/i8n29jkfx5cl(1080p)</sublink>
	<sublink>search</sublink>
	<sublink>searchsd</sublink>
	</link>
	<thumbnail>https://image.tmdb.org/t/p/w1280/99YTEdKOKDRClsscOpJfdkbaTrQ.jpg</thumbnail>
	<fanart>https://image.tmdb.org/t/p/w1280/n1Gh3MJAVvXmkgSDf3SOLlPCjag.jpg</fanart>
</item>
<item>
	<title>Pocahontas (1995)</title>
<meta>
<content>movie</content>
<imdb>tt0114148</imdb>
<title>Pocahontas</title>
<year>1995</year>
</meta>
<link>
<sublink>https://uptobox.com/tn4ff47iw2xp</sublink>
<sublink>search</sublink>
<sublink>searchsd</sublink>
</link>
<thumbnail>https://image.tmdb.org/t/p/w600_and_h900_bestv2/qk95miOV8wDABbO5gyCpCrvbVFu.jpg</thumbnail>
<fanart>https://image.tmdb.org/t/p/original/mCtDNdEqDDRKuwFxCNDYrHUnc27.jpg</fanart>
</item>
<item>
	<title>[COLOR=white]3 Ninjas Knuckle Up[/COLOR]</title>
	<meta>
	<imdb>tt0112255</imdb>
	<content>movie</content>
	<title>3 Ninjas Knuckle Up</title>
	<year>1995</year>
	</meta>
	<link>
	<sublink>https://uptobox.com/lpc5wa2mnlt8</sublink>
	<sublink>search</sublink>
	<sublink>searchsd</sublink>
	</link>
	<thumbnail>https://image.tmdb.org/t/p/w1280/bd9if2VRAxBrXxkhT28hXMiusY1.jpg</thumbnail>
	<fanart>https://image.tmdb.org/t/p/w1280/elgoI9xk6gEyqLgT7iyTwmYgLUF.jpg</fanart>
</item>
<item>
	<title>[COLOR=white]Babe[/COLOR]</title>
	<meta>
	<imdb>tt0112431</imdb>
	<content>movie</content>
	<title>Babe</title>
	<year>1995</year>
	</meta>
	<link>
	<sublink>https://uptobox.com/bwcf8gq5z206(720p)</sublink>
	<sublink>search</sublink>
	<sublink>searchsd</sublink>
	</link>
	<thumbnail>https://image.tmdb.org/t/p/w1280/k42J5jYjvw1DEGBQP63VYYvteY7.jpg</thumbnail>
	<fanart>https://image.tmdb.org/t/p/w1280/67jzzA7YqDTR5qIUhAH32cvkf53.jpg</fanart>
</item>
<item>
	<title>[COLOR=white]Money Train[/COLOR]</title>
	<meta>
	<imdb>tt0113845</imdb>
	<content>movie</content>
	<title>Money Train</title>
	<year>1995</year>
	</meta>
	<link>https://uptostream.com/8x4auhhpnz96</link>
	<thumbnail>https://image.tmdb.org/t/p/w1280/jSozzzVOR2kfXgTUuGnbgG2yRFi.jpg</thumbnail>
	<fanart>https://image.tmdb.org/t/p/w1280/dBavxNhbNZ8uJU9avHrqCCEKuii.jpg</fanart>
</item>
<item>
	<title>[COLOR=white]Higher Learning[/COLOR]</title>
	<meta>
	<imdb>tt0113305</imdb>
	<content>movie</content>
	<title>Higher Learning</title>
	<year>1995</year>
	</meta>
	<link>
	<sublink>https://uptostream.com/ctpx1ui1afia</sublink>
	<sublink>search</sublink>
	<sublink>searchsd</sublink>
	</link>
	<thumbnail>https://image.tmdb.org/t/p/w1280/cLeOjovcDq9kULToHuoXa1xmvET.jpg</thumbnail>
	<fanart>https://image.tmdb.org/t/p/w1280/eaXHO4QsWYE9lzc0zJOAVF3C6wi.jpg</fanart>
</item>
<item>
	<title>[COLOR=white]Casino[/COLOR]</title>
	<meta>
	<imdb>tt0112641</imdb>
	<content>movie</content>
	<title>Casino</title>
	<year>1995</year>
	</meta>
	<link>
	<sublink>https://uptobox.com/jqpejehgw2ew(720p)</sublink>
	<sublink>search</sublink>
	<sublink>searchsd</sublink>
	</link>
	<thumbnail>https://image.tmdb.org/t/p/w1280/jC0dqpkRMwh3A1X2PHahTxOaLbp.jpg</thumbnail>
	<fanart>https://image.tmdb.org/t/p/w1280/eP41pD4YfyVOjdpEaTmoNrL9DGx.jpg</fanart>
</item>
<item>
	<title>[COLOR=white]Dead Presidents[/COLOR]</title>
	<meta>
	<imdb>tt0112819</imdb>
	<content>movie</content>
	<title>Dead Presidents</title>
	<year>1995</year>
	</meta>
	<link>
	<sublink>https://uptobox.com/h6t2s5r8p6hg</sublink>
	<sublink>search</sublink>
	<sublink>searchsd</sublink>
	</link>
	<thumbnail>https://image.tmdb.org/t/p/w1280/2dLyvXVvJXUR9otoqERkYpao1bB.jpg</thumbnail>
	<fanart>https://image.tmdb.org/t/p/w1280/9BKQyHkIHW4K7JvmtZB3Ty3aPv2.jpg</fanart>
</item>
<item>
	<title>Bad Boys (1995)</title>
<meta>
<content></content>
<imdb>tt0112442</imdb>
<title>Bad Boys</title>
<year>1995</year>
</meta>
<link>
<sublink>https://uptostream.com/rfh11eytsz0j</sublink>
<sublink>search</sublink>
<sublink>searchsd</sublink>
</link>
<thumbnail>https://image.tmdb.org/t/p/w1280/x1ygBecKHfXX4M2kRhmFKWfWbJc.jpg</thumbnail>
<fanart>https://image.tmdb.org/t/p/original/fgKEdhRw9IgI9KGjLe4w5ghIjA3.jpg</fanart>
</item>
<item>
	<title>[COLOR=white]Jumanji[/COLOR]</title>
	<meta>
	<imdb>tt0113497</imdb>
	<content>movie</content>
	<title>Jumanji</title>
	<year>1995</year>
	</meta>
	<link>
	<sublink>https://uptobox.com/nq6tfvkzs6w6(720P)</sublink>
	<sublink></sublink>
	<sublink>search</sublink>
	<sublink>searchsd</sublink>
	</link>
	<thumbnail>https://image.tmdb.org/t/p/w1280/vgpXmVaVyUL7GGiDeiK1mKEKzcX.jpg</thumbnail>
	<fanart>https://image.tmdb.org/t/p/w1280/7k4zEgUZbzMHawDaMc9yIkmY1qR.jpg</fanart>
</item>
<item>
	<title>Friday (1995)</title>
<meta>
<content>movie</content>
<imdb>tt0113118</imdb>
<title>Friday</title>
<year>1995</year>
</meta>
<link>
<sublink>https://uptostream.com/21d1xr2oorx7</sublink>
<sublink></sublink>
<sublink>search</sublink>
<sublink>searchsd</sublink>
</link>
<thumbnail>https://image.tmdb.org/t/p/w1280/z76scMklBnEC91CFqHcvqrS5coO.jpg</thumbnail>
<fanart>https://image.tmdb.org/t/p/original/isWyP4jWmcCHjUcanVwGBDwVSsA.jpg</fanart>
</item>
<item>
	<title>[COLOR=white]Vampire in Brooklyn[/COLOR]</title>
	<meta>
	<imdb>tt0114825</imdb>
	<content>movie</content>
	<title>Vampire in Brooklyn</title>
	<year>1995</year>
	</meta>
	<link>
	<sublink>https://uptobox.com/jvkyuc3l3xtt</sublink>
	<sublink>search</sublink>
	<sublink>searchsd</sublink>
	</link>
	<thumbnail>https://image.tmdb.org/t/p/w1280/bH1v8z12ZU7Y6zANgU1B00a86Co.jpg</thumbnail>
	<fanart>https://image.tmdb.org/t/p/w1280/iPjz3w5J8BY56aZSnAhUQ72BavC.jpg</fanart>
</item>
<item>
	<title>[COLOR=white]The Tuskegee Airmen[/COLOR]</title>
	<meta>
	<imdb>tt0114745</imdb>
	<content>movie</content>
	<title>The Tuskegee Airmen</title>
	<year>1995</year>
	</meta>
	<link>
	<sublink>https://uptobox.com/ocj9hb7l912z(720p)</sublink>
	<sublink>search</sublink>
	<sublink>searchsd</sublink>
	</link>
	<thumbnail>https://image.tmdb.org/t/p/w1280/r0WGtjLLrPPtyteWHFKKnjTM4id.jpg</thumbnail>
	<fanart>https://image.tmdb.org/t/p/w1280/5ELbliQwIoUxAeHtAXIrbXYhIiJ.jpg</fanart>
</item>
<item>
	<title>The Lion King (1994)</title>
<meta>
<content>movie</content>
<imdb>tt0110357</imdb>
<title>The Lion King</title>
<year>1994</year>
</meta>
<link>
<sublink>https://uptobox.com/f4v5fcg5yir3</sublink>
<sublink>search</sublink>
<sublink>searchsd</sublink>
</link>
<thumbnail>https://image.tmdb.org/t/p/w600_and_h900_bestv2/bKPtXn9n4M4s8vvZrbw40mYsefB.jpg</thumbnail>
<fanart>https://image.tmdb.org/t/p/original/6lL49SOgBtqiXMs7Y5HWBYH3X9Z.jpg</fanart>
</item>
<item>
	<title>[COLOR=white]3 Ninjas Kick Back[/COLOR]</title>
	<meta>
	<imdb>tt0109015</imdb>
	<content>movie</content>
	<title>3 Ninjas Kick Back</title>
	<year>1994</year>
	</meta>
	<link>
	<sublink>https://uptobox.com/sm3ykti3f5ev</sublink>
	<sublink>search</sublink>
	<sublink>searchsd</sublink>
	</link>
	<thumbnail>https://image.tmdb.org/t/p/w1280/paFMTv9IuZJaVkPZZvwtS5Ta5D9.jpg</thumbnail>
	<fanart>https://image.tmdb.org/t/p/w1280/pqXJs6YfUrRWbZegaHom4CZmKwz.jpg</fanart>
</item>
<item>
	<title>[COLOR=white]Little Giants[/COLOR]</title>
	<meta>
	<imdb>tt0110364</imdb>
	<content>movie</content>
	<title>Little Giants</title>
	<year>1994</year>
	</meta>
	<link>
	<sublink>https://uptobox.com/33kt3a13zorm</sublink>
	<sublink>search</sublink>
	<sublink>searchsd</sublink>
	</link>
	<thumbnail>https://image.tmdb.org/t/p/w1280/33ZN7j6pUhcjbwuQrWTtovrkelx.jpg</thumbnail>
	<fanart>https://image.tmdb.org/t/p/w1280/h5gb0GR2OeVhXcPOXLY5iaqgQ8m.jpg</fanart>
</item>
<item>
	<title>[COLOR=white]Angels in the Outfield[/COLOR]</title>
	<meta>
	<imdb>tt0109127</imdb>
	<content>movie</content>
	<title>Angels in the Outfield</title>
	<year>1994</year>
	</meta>
	<link>
	<sublink>https://uptobox.com/2uhd8r2sgjv6</sublink>
	<sublink>search</sublink>
	<sublink>searchsd</sublink>
	</link>
	<thumbnail>https://image.tmdb.org/t/p/w1280/zdbzzEoWMYztvfGjm4kyKntwhEq.jpg</thumbnail>
	<fanart>https://image.tmdb.org/t/p/w1280/8p7EMtGZStplGISGVFG5pU8Ftv.jpg</fanart>
</item>
<item>
	<title>[COLOR=white]Blank Check[/COLOR]</title>
	<meta>
	<imdb>tt0109287</imdb>
	<content>movie</content>
	<title>Blank Check</title>
	<year>1994</year>
	</meta>
	<link>
	<sublink>https://uptobox.com/u6rmo7rkpffa</sublink>
	<sublink>search</sublink>
	<sublink>searchsd</sublink>
	</link>
	<thumbnail>https://image.tmdb.org/t/p/w1280/y3SHngrd4vb909iwxgPm1ER4NJb.jpg</thumbnail>
	<fanart>https://image.tmdb.org/t/p/w1280/ucCLWpnmWm5VVkrx38Zo7JayijF.jpg</fanart>
</item>
<item>
	<title>[COLOR=white]Richie Rich[/COLOR]</title>
	<meta>
	<imdb>tt0110989</imdb>
	<content>movie</content>
	<title>Richie Rich</title>
	<year>1994</year>
	</meta>
	<link>
	<sublink>https://uptobox.com/iw73arbynsj7(720p)</sublink>
	<sublink>https://uptobox.com/or16sumaifd3(1080p)</sublink>
	<sublink>search</sublink>
	<sublink>searchsd</sublink>
	</link>
	<thumbnail>https://image.tmdb.org/t/p/w1280/hbNmaqJcjg4ChZ5vvfQpNzizoiR.jpg</thumbnail>
	<fanart>https://image.tmdb.org/t/p/w1280/3VK2JEWBN4ZJNKtIkr7QadI8pV4.jpg</fanart>
</item>
<item>
	<title>[COLOR=white]Pulp Fiction[/COLOR]</title>
	<meta>
	<imdb>tt0110912</imdb>
	<content>movie</content>
	<title>Pulp Fiction</title>
	<year>1994</year>
	</meta>
	<link>
	<sublink>https://uptobox.com/nl9jpqnnc6gi(720P)</sublink>
	<sublink>https://uptobox.com/wcrk4m58ylfh(1080P)</sublink>
	<sublink>search</sublink>
	<sublink>searchsd</sublink>
	</link>
	<thumbnail>https://image.tmdb.org/t/p/w1280/dM2w364MScsjFf8pfMbaWUcWrR.jpg</thumbnail>
	<fanart>https://image.tmdb.org/t/p/w1280/4cDFJr4HnXN5AdPw4AKrmLlMWdO.jpg</fanart>
</item>
<item>
	<title>Forrest Gump</title>
<meta>
<content>movie</content>
<imdb>tt0109830</imdb>
<title>Forrest Gump</title>
<year>1994</year>
</meta>
<link>
<sublink>https://uptostream.com/g9f6aeg6na93(1080p)</sublink>
<sublink>search</sublink>
<sublink>searchsd</sublink>
</link>
<thumbnail>https://image.tmdb.org/t/p/w1280/yE5d3BUhE8hCnkMUJOo1QDoOGNz.jpg</thumbnail>
<fanart>https://image.tmdb.org/t/p/w1000_and_h563_face/7c9UVPPiTPltouxRVY6N9uugaVA.jpg</fanart>
</item>
<item>
	<title>[COLOR=white]Beverly Hills Cop III[/COLOR]</title>
	<meta>
	<imdb>tt0109254</imdb>
	<content>movie</content>
	<title>Beverly Hills Cop III</title>
	<year>1994</year>
	</meta>
	<link>
	<sublink>https://uptobox.com/ab6qod840k80(720p)</sublink>
	<sublink>search</sublink>
	<sublink>searchsd</sublink>
	</link>
	<thumbnail>https://image.tmdb.org/t/p/w1280/tw9gAhqQcBFX0X0XfVbWqUsmzoU.jpg</thumbnail>
	<fanart>https://image.tmdb.org/t/p/w1280/9En9020IPIGzVW4cgaqmSMCNNiw.jpg</fanart>
</item>
<item>
	<title>Above the Rim (1994)</title>
<meta>
<content>movie</content>
<imdb></imdb>
<title>Above the Rim</title>
<year>1994</year>
</meta>
<link>
<sublink>https://uptostream.com/66k83ngkcxcs</sublink>
<sublink></sublink>
<sublink>search</sublink>
<sublink>searchsd</sublink>
</link>
<thumbnail>https://image.tmdb.org/t/p/w1280/1ng4sowDKOPMJk9xO2G1g1c2DRs.jpg</thumbnail>
<fanart>https://image.tmdb.org/t/p/original/n9Z0tkNxEGOa9J76P96e8drUyq2.jpg</fanart>
</item>
<item>
	<title>The Nightmare Before Christmas (1993)</title>
<meta>
<content>movie</content>
<imdb>tt0107688</imdb>
<title>The Nightmare Before Christmas</title>
<year>1993</year>
</meta>
<link>
<sublink>https://uptobox.com/qauxynx8pg5x</sublink>
<sublink>search</sublink>
<sublink>searchsd</sublink>
</link>
<thumbnail>https://image.tmdb.org/t/p/w600_and_h900_bestv2/6oxkO1VgKCq74fNILKAg6t2dVEt.jpg</thumbnail>
<fanart>https://image.tmdb.org/t/p/original/mARBTSIfj6AfTPlZVqRONh9KfYz.jpg</fanart>
</item>
<item>
	<title>[COLOR=white]Dennis the Menace[/COLOR]</title>
	<meta>
	<imdb>tt0106701</imdb>
	<content>movie</content>
	<title>Dennis the Menace</title>
	<year>1993</year>
	</meta>
	<link>
	<sublink>https://uptobox.com/s6c817lf894x(720p)</sublink>
	<sublink>search</sublink>
	<sublink>searchsd</sublink>
	</link>
	<thumbnail>https://image.tmdb.org/t/p/w1280/zLrKmaLnbgk257QmD0YPo0Uji9J.jpg</thumbnail>
	<fanart>https://image.tmdb.org/t/p/w1280/t9m1UxSHmHu9QIJWL1EDRBkJ9MF.jpg</fanart>
</item>
<item>
	<title>Demolition Man (1993)</title>
<meta>
<content>movie</content>
<imdb>tt0106697</imdb>
<title>Demolition Man</title>
<year>1993</year>
</meta>
<link>
<sublink>https://uptostream.com/tcgc252bc8b8</sublink>
<sublink>search</sublink>
<sublink>searchsd</sublink>
</link>
<thumbnail>https://image.tmdb.org/t/p/w1280/NtajL1WkwhzWbyWHICv10pz2HA.jpg</thumbnail>
<fanart>https://image.tmdb.org/t/p/w700_and_h392_bestv2/2p5rA1NRoyyAFfzdHl1Ab1RN3qr.jpg</fanart>
</item>
<item>
	<title>[COLOR=white]The Good Son[/COLOR]</title>
	<meta>
	<imdb>tt0107034</imdb>
	<content>movie</content>
	<title>The Good Son</title>
	<year>1993</year>
	</meta>
	<link>
	<sublink>https://uptobox.com/f4zcfgzrxl8u(720P)</sublink>
	<sublink>https://uptobox.com/fxfsxyencr9z(1080P)</sublink>
	<sublink>search</sublink>
	<sublink>searchsd</sublink>
	</link>
	<thumbnail>https://image.tmdb.org/t/p/w1280/813ZVK1ox32vr3FexdTlv9PHFD6.jpg</thumbnail>
	<fanart>https://image.tmdb.org/t/p/w1280/kwd056hcmMluIPaQ427Rp4qlxbI.jpg</fanart>
</item>
<item>
	<title>[COLOR=white]RoboCop 3[/COLOR]</title>
	<meta>
	<imdb>tt0107978</imdb>
	<content>movie</content>
	<title>RoboCop 3</title>
	<year>1993</year>
	</meta>
	<link>
	<sublink>https://uptostream.com/cel1woj2wjq4(720p)</sublink>
	<sublink>search</sublink>
	<sublink>searchsd</sublink>
	</link>
	<thumbnail>https://image.tmdb.org/t/p/w1280/iXmx1JOrkBUYqvm2vTNPOiill7b.jpg</thumbnail>
	<fanart>https://image.tmdb.org/t/p/w1280/3xRpLfsfexxTbZ22fVdhRsF6Frr.jpg</fanart>
</item>
<item>
	<title>Home Alone 2: Lost in New York (1992)</title>
<meta>
<content></content>
<imdb>tt0104431</imdb>
<title>Home Alone 2: Lost in New York</title>
<year>1992</year>
</meta>
<link>
<sublink>https://uptostream.com/jbadcm8500s7</sublink>
<sublink>search</sublink>
<sublink>searchsd</sublink>
</link>
<thumbnail>https://image.tmdb.org/t/p/w1280/ezGcLFTvwR64I3Z7RqHnXRFet4r.jpg</thumbnail>
<fanart>https://image.tmdb.org/t/p/original/u6jYMp0DxcHYa820wZ0EtcQPVFA.jpg</fanart>
</item>
<item>
	<title>Aladdin (1992)</title>
<meta>
<content>movie</content>
<imdb>tt0103639</imdb>
<title>Aladdin</title>
<year>1992</year>
</meta>
<link>
<sublink>https://uptostream.com/yhpp0d26y2sa</sublink>
<sublink>search</sublink>
<sublink>searchsd</sublink>
</link>
<thumbnail>https://image.tmdb.org/t/p/w1280/7f53XAE4nPiGe9XprpGAeWHuKPw.jpg</thumbnail>
<fanart>https://image.tmdb.org/t/p/original/kQFC7dD9bKUffp9RH0X1UAmMbGo.jpg</fanart>
</item>
<item>
	<title>Juice (1992)</title>
<meta>
<content>movie</content>
<imdb>tt0104573</imdb>
<title>Juice</title>
<year>1992</year>
</meta>
<link>
<sublink>https://uptostream.com/dujbm5a6v9cx</sublink>
<sublink>search</sublink>
<sublink>searchsd</sublink>
</link>
<thumbnail>https://image.tmdb.org/t/p/w1280/qBPi6CwrdVwdhYFURRkEmAcsRtv.jpg</thumbnail>
<fanart>https://image.tmdb.org/t/p/w700_and_h392_bestv2/pcmAhslen0lWhBAn9vQ7Zpfjm2A.jpg</fanart>
</item>
<item>
	<title>[COLOR=white]Class Act[/COLOR]</title>
	<meta>
	<imdb>tt0103978</imdb>
	<content>movie</content>
	<title>Class Act</title>
	<year>1992</year>
	</meta>
	<link>
	<sublink>https://uptostream.com/wmu0o4ukyqzc</sublink>
	<sublink>search</sublink>
	<sublink>searchsd</sublink>
	</link>
	<thumbnail>https://image.tmdb.org/t/p/w1280/dpNMk28nbR0PU3vXRwEBv55yKoX.jpg</thumbnail>
	<fanart>https://image.tmdb.org/t/p/w1280/6aFXXPA7U3QCKxzNcbFrnJ0im7l.jpg</fanart>
</item>
<item>
	<title>[COLOR=white]Boomerang[/COLOR]</title>
	<meta>
	<imdb>tt0103859</imdb>
	<content>movie</content>
	<title>Boomerang</title>
	<year>1992</year>
	</meta>
	<link>
	<sublink>https://uptostream.com/xsfdn88tta45</sublink>
	<sublink>search</sublink>
	<sublink>searchsd</sublink>
	</link>
	<thumbnail>https://image.tmdb.org/t/p/w1280/cc9YAZq5NXiIEJsHjW7p2FaHQkp.jpg</thumbnail>
	<fanart>https://image.tmdb.org/t/p/w1280/jIh2qW2sz7ewmNgvMqUz6aHaa6Q.jpg</fanart>
</item>
<item>
	<title>[COLOR=white]Mo' Money[/COLOR]</title>
	<meta>
	<imdb>tt0104897</imdb>
	<content>movie</content>
	<title>Mo' Money</title>
	<year>1992</year>
	</meta>
	<link>
	<sublink>https://uptobox.com/egz85yacvuf9</sublink>
	<sublink>search</sublink>
	<sublink>searchsd</sublink>
	</link>
	<thumbnail>https://image.tmdb.org/t/p/w1280/g7jLNhHGMeXxleRpwVFJOgQNwB1.jpg</thumbnail>
	<fanart>https://image.tmdb.org/t/p/w1280/tfn05vergHtHYmHq508jJZ2LgaA.jpg</fanart>
</item>
<item>
	<title>[COLOR=white]White Men Can't Jump[/COLOR]</title>
	<meta>
	<imdb>tt0105812</imdb>
	<content>movie</content>
	<title>White Men Can't Jump</title>
	<year>1992</year>
	</meta>
	<link>https://uptobox.com/6gkq03da1iea</link>
	<thumbnail>https://image.tmdb.org/t/p/w1280/1wEHR5yxIya9HUCFHVcntTx6q91.jpg</thumbnail>
	<fanart>https://image.tmdb.org/t/p/w1280/qXeK9s0YvYdCUQsHPIUPDtJHXHR.jpg</fanart>
</item>
<item>
	<title>Beauty and the Beast (1991)</title>
<meta>
<content>movie</content>
<imdb>tt0101414</imdb>
<title>Beauty and the Beast</title>
<year>1991</year>
</meta>
<link>
<sublink>https://uptobox.com/jqh3sm2puu17</sublink>
<sublink>search</sublink>
<sublink>searchsd</sublink>
</link>
<thumbnail>https://image.tmdb.org/t/p/w600_and_h900_bestv2/b9QJr2oblOu1grgOMUZF1xkUJdh.jpg</thumbnail>
<fanart>https://image.tmdb.org/t/p/original/tPammIMserHjUXmyiK8m7q5x4P6.jpg</fanart>
</item>
<item>
	<title>[COLOR=white]Hook[/COLOR]</title>
	<meta>
	<imdb>tt0102057</imdb>
	<content>movie</content>
	<title>Hook</title>
	<year>1991</year>
	</meta>
	<link>
	<sublink>https://uptobox.com/xzleiespdj3a(1080p)</sublink>
	<sublink>search</sublink>
	<sublink>searchsd</sublink>
	</link>
	<thumbnail>https://image.tmdb.org/t/p/w1280/6plGuz8L3fvkuENB0G2ZpBz6kej.jpg</thumbnail>
	<fanart>https://image.tmdb.org/t/p/w1280/rAb7vx2UauhHUmrYhZVoQxXuz37.jpg</fanart>
</item>
<item>
	<title>New Jack City</title>
<meta>
<content>movie</content>
<imdb>tt0102526/</imdb>
<title>New Jack City</title>
<year>1991</year>
</meta>
<link>
<sublink>https://uptostream.com/hoyfh63c970r</sublink>
<sublink>search</sublink>
<sublink>searchsd</sublink>
</link>
<thumbnail>https://image.tmdb.org/t/p/w1280/txv0O2JFb2FimlR3Afhzc1z2Gas.jpg</thumbnail>
<fanart>https://image.tmdb.org/t/p/w1000_and_h563_face/3gfj59kMk1Oqj9b4Y5Bfkiks79j.jpg</fanart>
</item>
<item>
	<title>Boyz in the Hood (1991)</title>
<meta>
<content>movie</content>
<imdb>tt0101507</imdb>
<title>Boyz in the Hood</title>
<year>1991</year>
</meta>
<link>
<sublink>https://uptostream.com/1434yqltucmx</sublink>
<sublink>search</sublink>
<sublink>searchsd</sublink>
</link>
<thumbnail>https://image.tmdb.org/t/p/w1280/9qQdpidN33pTEaxAP5gaTmCPGFq.jpg</thumbnail>
<fanart>https://image.tmdb.org/t/p/w700_and_h392_bestv2/3Qo0DGQ2nojcAyMSqXPCMwQeRGQ.jpg</fanart>
</item>
<item>
	<title>[COLOR=white]House Party[/COLOR]</title>
	<meta>
	<imdb>tt0099800</imdb>
	<content>movie</content>
	<title>House Party</title>
	<year>1990</year>
	</meta>
	<link>
	<sublink>https://uptostream.com/k2bs0f29e6p0</sublink>
	<sublink>search</sublink>
	<sublink>searchsd</sublink>
	</link>
	<thumbnail>https://image.tmdb.org/t/p/w1280/qKQ32fCcM7g5tLKMsLR75ZOOPmv.jpg</thumbnail>
	<fanart>https://image.tmdb.org/t/p/w1280/sWt05gztuMjEYVDXqs4LdkAmvaY.jpg</fanart>
</item>
