
<item>
<title>S13E05 Flintoff, Redknapp, Ranganathan</title>
<link>https://www.youtube.com/watch?v=ByFoBFoYuK0</link>
<thumbnail></thumbnail>
</item>

<item>
<title> S13E06 Nicola Adams, Wladimir Klitschko, Tom Davis</title>
<link>https://www.youtube.com/watch?v=PN24e8_cy9g</link>
<thumbnail></thumbnail>
</item>

<item>
<title>S13E07</title>
<link>https://www.youtube.com/watch?v=i0i70UDy338&t=1s</link>
<thumbnail></thumbnail>
</item>

<item>
<title>S13E08 - Ashley Cole, Ellie Simmonds & Rob Beckett</title>
<link>https://www.youtube.com/watch?v=e03zPf1aAHs</link>
<thumbnail>https://image.tmdb.org/t/p/original/1P556CyPfc7BsSE9et0hpVqVfAH.jpg</thumbnail>
</item>

<item>
<title>S03E09  Claire and Jamie</title>
<link>https://www.youtube.com/watch?v=Z7qhvsi-MCs</link>
<thumbnail></thumbnail>
</item>

<item>
<title>S13E10 - Best of</title>
<link>https://www.youtube.com/watch?v=s69m2vVxnHc&t=6s</link>
<thumbnail></thumbnail>
</item>

