<dir>
<title>WWE/SMACKDOWN</title>
<link>https://pastebin.com/raw/03nt372p</link>
<thumbnail>https://wwfoldschool.com/wp-content/uploads/2017/03/RAW-SmackDown-SD-Logos.jpg</thumbnail>
<fanart></fanart>
</dir>

<dir>
<title>WWE PPV Replays</title>
<link>https://pastebin.com/raw/PR1FF2uD</link>
<thumbnail>https://pbs.twimg.com/profile_images/1138598344228560897/lDIKyGEu.png</thumbnail>
<fanart></fanart>
</dir>

<dir>
<title>AEW</title>
<link>https://pastebin.com/raw/i80uLDxR</link>
<thumbnail>https://yt3.ggpht.com/a/AGF-l790VW8YKapPaDRrbzqJ0LDWEMxHv81IqWFoOg=s288-c-k-c0xffffffff-no-rj-mo</thumbnail>
<fanart></fanart>
</dir>

<dir>
<title>iMPACT</title>
<link>https://pastebin.com/raw/JgjAxLHW</link>
<thumbnail>https://impactwrestling.com/wp-content/uploads/2018/01/ImpactWrestling_Color3.png</thumbnail>
<fanart></fanart>
</dir>

<plugin>
<title>MLW</title>
<link>plugin://plugin.video.youtube/playlist/PLz-1tQr6WGHUdH-CgtnDYPX08iCO0AkT4/</link>
<thumbnail>https://yt3.ggpht.com/a/AGF-l7-NI3tEJixpO9Fgi72F-ThvRlFDueM8vu8y6A=s288-c-k-c0xffffffff-no-rj-mo</thumbnail>
</plugin>