<plugin>
<title>Atypical Season 1</title>
<link>http://dl.updlf.com/files/Series/Atypical/S01/720p%20x265/</link>
<thumbnail>https://images-wixmp-ed30a86b8c4ca887773594c2.wixmp.com/intermediary/f/a36c2f94-9e2f-4d20-a10f-0e899e69494a/dbjokw0-955eeac1-61bf-4c23-845a-164c272d2bbd.png</thumbnail>
<fanart>https://image.tmdb.org/t/p/original/9OkuEgUebqBFJKyQu9cxUd4dd4B.jpg</fanart>
</plugin>

<plugin>
<title>Atypical Season 2</title>
<link>http://dl.updlf.com/files/Series/Atypical/S02/1080p%20FULL%20HD/</link>
<thumbnail>https://images-wixmp-ed30a86b8c4ca887773594c2.wixmp.com/intermediary/f/a36c2f94-9e2f-4d20-a10f-0e899e69494a/dcng5cr-1a645896-4c2c-4b7e-bcff-80b9edb9d000.png</thumbnail>
<fanart>https://image.tmdb.org/t/p/original/b8kQ9lVcYcyUoIVOeWfebFEadsi.jpg</fanart>
</plugin>
