<plugin>
<title>Bad Blood Season 1</title>
<link>http://dl8.heyserver.in/serial/Bad.Blood/S01/720p.x265/</link>
<thumbnail>https://images-wixmp-ed30a86b8c4ca887773594c2.wixmp.com/intermediary/f/59a63415-52bf-4178-8f1b-add89060d75e/dcrx9ia-75571037-e0d8-4dbf-85a7-6d3fe52e28c5.png</thumbnail>
<fanart></fanart>
</plugin>

<plugin>
<title>Bad Blood Season 2</title>
<link>http://dl8.heyserver.in/serial/Bad.Blood/S02/720p.x265/</link>
<thumbnail>https://t00.deviantart.net/cAqd_HsFOhE1aig-iUy_K1Ghg70=/300x200/filters:fixed_height(100,100):origin()/pre00/931b/th/pre/f/2017/295/2/3/bad_blood_v1_by_vamps1-dbrgdpz.png</thumbnail>
<fanart></fanart>
</plugin>
