<plugin>
<title>Ballers Season 1</title>
<link>http://dl8.heyserver.in/serial/Ballers/S01/720p/</link>
<thumbnail>https://orig00.deviantart.net/d7e3/f/2016/119/c/4/ballers_season1_folder_icon_by_nallan01-da0nlyg.png</thumbnail>
<fanart></fanart>
</plugin>

<plugin>
<title>Ballers Season 2</title>
<link>http://dl8.heyserver.in/serial/Ballers/S02/720p.x265/</link>
<thumbnail>https://orig00.deviantart.net/5d12/f/2016/165/c/a/ballers_folder_icon_by_viro9-da69epi.png</thumbnail>
<fanart></fanart>
</plugin>

<plugin>
<title>Ballers Season 3</title>
<link>http://dl8.heyserver.in/serial/Ballers/S03/720p.x265/</link>
<thumbnail>https://orig00.deviantart.net/2e81/f/2015/236/5/e/ballers_folder_icon_by_mustafa100-d96yult.png</thumbnail>
<fanart></fanart>
</plugin>

<plugin>
<title>Ballers Season 4</title>
<link>http://dl8.heyserver.in/serial/Ballers/S04/720p.x265/</link>
<thumbnail>https://images-wixmp-ed30a86b8c4ca887773594c2.wixmp.com/intermediary/f/3ecd771d-26ac-4a53-8245-b048efdf5ef3/dcj8r3x-4ea3b1bc-b0ba-48f3-a9aa-b683c986774f.png</thumbnail>
<fanart></fanart>
</plugin>

