<plugin>
<title>Bates Motel Season 1</title>
<link>http://dl.updlf.com/files/Series/Bates%20Motel/S01/480p/</link>
<thumbnail>https://orig00.deviantart.net/b2f2/f/2015/174/8/a/bates_motel_v3_by_caviya-d8yfump.png</thumbnail>
<fanart>https://image.tmdb.org/t/p/original/gIUJLWEr8sljLikMagTkURjBwRs.jpg</fanart>
</plugin>

<plugin>
<title>Bates Motel Season 2</title>
<link>http://dl.updlf.com/files/Series/Bates%20Motel/S02/480p/</link>
<thumbnail>https://orig00.deviantart.net/b046/f/2016/126/b/1/bates_motel_folder_icon_by_viro9-da1k5xp.png</thumbnail>
<fanart>https://image.tmdb.org/t/p/original/mfRq12AfcDTIywEXtr7UKQpN0sv.jpg</fanart>
</plugin>

<plugin>
<title>Bates Motel Season 3</title>
<link>http://dl.updlf.com/files/Series/Bates%20Motel/S03/480p/</link>
<thumbnail>https://orig00.deviantart.net/72ab/f/2016/086/3/0/bates_motel___tv_series_folder_icon_v5_by_dyiddo-d9wp7vj.png</thumbnail>
<fanart>https://image.tmdb.org/t/p/original/w5myrSRSrWuuckRUF2M8AojN94p.jpg</fanart>
</plugin>

<plugin>
<title>Bates Motel Season 4</title>
<link>http://dl.updlf.com/files/Series/Bates%20Motel/S04/720p%20x265/</link>
<thumbnail>https://orig00.deviantart.net/f5b7/f/2016/037/e/0/bates_motel___tv_series_folder_icon_v4_by_dyiddo-d9qrv33.png</thumbnail>
<fanart>https://image.tmdb.org/t/p/original/je8EV3igz90jr1hq5uhPjFSukjj.jpg</fanart>
</plugin>

<plugin>
<title>Bates Motel Season 5</title>
<link>http://dl.updlf.com/files/Series/Bates%20Motel/S05/720p%20x265/</link>
<thumbnail>https://orig00.deviantart.net/5e45/f/2017/196/8/1/bates_motel___tv_series_folder_icon_v7_by_dyiddo-dbggcuw.png</thumbnail>
<fanart>https://image.tmdb.org/t/p/original/s3pypVJf05ELPCUA6jSW381nLwm.jpg</fanart>
</plugin>
