<plugin>
<title>Black Lighting Season 1</title>
<link>http://dl8.heyserver.in/serial/Black.Lightning/S01/1080p.x265/</link>
<thumbnail>https://orig00.deviantart.net/58aa/f/2018/021/6/a/black_lightning_folder_icon_by_joetoronto55-dc0sqtf.png</thumbnail>
<fanart></fanart>
</plugin>

<plugin>
<title>Black Lighting Season 2</title>
<link>http://dl8.heyserver.in/serial/Black.Lightning/S02/1080p/</link>
<thumbnail>https://orig00.deviantart.net/3a3a/f/2018/017/0/a/black_lightning_series_folder_by_nallan01-dc0cbsp.png</thumbnail>
<fanart></fanart>
</plugin>

