<item>
  <title>Episode 1-Mercy Part II</title>
  <link>https://uptobox.com/tuu256g8oket</link>
  <thumbnail>https://image.tmdb.org/t/p/original/eTMMU2rKpZRbo9ERytyhwatwAjz.jpg</thumbnail>
  <fanart>https://image.tmdb.org/t/p/original/x7QOl4QEVMOp6V4wsp3Kte3NLDY.jpg</fanart>
</item>
<item>
  <title>Episode 2- Back in Black</title>
  <link>https://uptobox.com/ur3zf88sfhfx</link>
  <thumbnail>https://image.tmdb.org/t/p/original/eTMMU2rKpZRbo9ERytyhwatwAjz.jpg</thumbnail>
  <fanart>https://image.tmdb.org/t/p/original/x7QOl4QEVMOp6V4wsp3Kte3NLDY.jpg</fanart>
</item>
<item>
  <title>Episode 3-Fire and Ice</title>
  <link>https://uptobox.com/64bvhdbb8fxw</link>
  <thumbnail>https://image.tmdb.org/t/p/original/eTMMU2rKpZRbo9ERytyhwatwAjz.jpg</thumbnail>
  <fanart>https://image.tmdb.org/t/p/original/x7QOl4QEVMOp6V4wsp3Kte3NLDY.jpg</fanart>
</item>
<item>
  <title>Episode 4-The Moment of Truth</title>
  <link>https://uptobox.com/59sd2xfot1ej</link>
  <thumbnail>https://image.tmdb.org/t/p/original/eTMMU2rKpZRbo9ERytyhwatwAjz.jpg</thumbnail>
  <fanart>https://image.tmdb.org/t/p/original/x7QOl4QEVMOp6V4wsp3Kte3NLDY.jpg</fanart>
</item>
<item>
  <title>Episode 5-All In</title>
  <link>https://uptobox.com/x0d63mprks5s</link>
  <thumbnail>https://image.tmdb.org/t/p/original/eTMMU2rKpZRbo9ERytyhwatwAjz.jpg</thumbnail>
  <fanart>https://image.tmdb.org/t/p/original/x7QOl4QEVMOp6V4wsp3Kte3NLDY.jpg</fanart>
</item>
<item>
  <title>Episode 6-Take a Right</title>
  <link>https://uptobox.com/lgliemm457hn</link>
  <thumbnail>https://image.tmdb.org/t/p/original/eTMMU2rKpZRbo9ERytyhwatwAjz.jpg</thumbnail>
  <fanart>https://image.tmdb.org/t/p/original/x7QOl4QEVMOp6V4wsp3Kte3NLDY.jpg</fanart>
</item>
<item>
  <title>Episode 7-Lull</title>
  <link>https://uptobox.com/lv67wp70lltr</link>
  <thumbnail>https://image.tmdb.org/t/p/original/eTMMU2rKpZRbo9ERytyhwatwAjz.jpg</thumbnail>
  <fanart>https://image.tmdb.org/t/p/original/x7QOl4QEVMOp6V4wsp3Kte3NLDY.jpg</fanart>
</item>
<item>
  <title>Episode 8-Glory of Love</title>
  <link>https://uptobox.com/jy2mh190unh2</link>
  <thumbnail>https://image.tmdb.org/t/p/original/eTMMU2rKpZRbo9ERytyhwatwAjz.jpg</thumbnail>
  <fanart>https://image.tmdb.org/t/p/original/x7QOl4QEVMOp6V4wsp3Kte3NLDY.jpg</fanart>
</item>
<item>
  <title>Episode 9-Pulpo</title>
  <link>https://uptobox.com/lyd2l7dxqg35</link>
  <thumbnail>https://image.tmdb.org/t/p/original/eTMMU2rKpZRbo9ERytyhwatwAjz.jpg</thumbnail>
  <fanart>https://image.tmdb.org/t/p/original/x7QOl4QEVMOp6V4wsp3Kte3NLDY.jpg</fanart>
</item>
<item>
  <title>Episode 10-No Mercy</title>
  <link>https://uptobox.com/dhh1r4g94a3t</link>
  <thumbnail>https://image.tmdb.org/t/p/original/eTMMU2rKpZRbo9ERytyhwatwAjz.jpg</thumbnail>
  <fanart>https://image.tmdb.org/t/p/original/x7QOl4QEVMOp6V4wsp3Kte3NLDY.jpg</fanart>
</item>
