<plugin>
<title>CounterPart Season 1</title>
<link>http://dl.updlf.com/files/Series/Counterpart/S01/1080p/</link>
<thumbnail>https://image.tmdb.org/t/p/w600_and_h900_bestv2/fVTpkoTkl7LJSoVCnuoHRPJvS4o.jpg</thumbnail>
<fanart></fanart>
</plugin>

<plugin>
<title>CounterPart Season 2</title>
<link>http://dl2.funsaber.net/serial/Counterpart/season%202/720/</link>
<thumbnail>https://image.tmdb.org/t/p/w600_and_h900_bestv2/1z6YBaB2nsc35yEPbdPPz57Rbht.jpg</thumbnail>
<fanart></fanart>
</plugin>

