<item>
<title>EP.1-Resurrection</title>
<link>https://www.fembed.com/v/331nnim4q2l1ge5</link>
<thumbnail>https://image.tmdb.org/t/p/w227_and_h127_bestv2/l7RZFInQVmkpqyESagGSXPlSeyL.jpg</thumbnail>
</item>

<item>
<title>EP.2-Please</title>
<link>https://www.fembed.com/v/wgn44un8l1qyng5</link>
<thumbnail>https://image.tmdb.org/t/p/w227_and_h127_bestv2/hWaoa7t1Nlo5rNIy5Yq24tNDR3P.jpg</thumbnail>
</item>

<item>
<title>EP.3-No Good Deed</title>
<link>https://www.fembed.com/v/-q6llapwj4m85ed</link>
<thumbnail>https://image.tmdb.org/t/p/w227_and_h127_bestv2/2ZDMwWYx5qQd3s5ar0sq3drcmkh.jpg</thumbnail>
</item>

<item>
<title>EP.4-Blindsided</title>
<link>https://www.fembed.com/v/zgp22ujnx3-wl2l</link>
<thumbnail>https://image.tmdb.org/t/p/w227_and_h127_bestv2/qDJS9E8CJ0lq4JMKHZ4CqNidHzv.jpg</thumbnail>
</item>

<item>
<title>EP.5-The Perfect Game</title>
<link>https://www.fembed.com/v/kg4qqu3-6rz0jqm</link>
<thumbnail>https://image.tmdb.org/t/p/w227_and_h127_bestv2/ht16SuEkH2gntYWOqnJc9pvgb8y.jpg</thumbnail>
</item>

<item>
<title>EP.6-The Devil You Know</title>
<link>https://www.fembed.com/v/lg6qquny7x245e0</link>
<thumbnail>https://image.tmdb.org/t/p/w227_and_h127_bestv2/8QLFwUfzSJWEDnld4qWAIsu89xL.jpg</thumbnail>
</item>

<item>
<title>EP.7-Aftermath</title>
<link>https://www.fembed.com/v/ng2eeu2q0kre637</link>
<thumbnail>https://image.tmdb.org/t/p/w227_and_h127_bestv2/nXFabVitkBnhwCVBz6WsQ72G6ID.jpg</thumbnail>
</item>

<item>
<title>EP.8-Upstairs/Downstairs</title>
<link>https://www.fembed.com/v/pgnqqumxpw435pl</link>
<thumbnail>https://image.tmdb.org/t/p/w227_and_h127_bestv2/81XT2xiJcJPC0uxxNGzQVU1Tq1a.jpg</thumbnail>
</item>

<item>
<title>EP.9-Revelations</title>
<link>https://www.fembed.com/v/zgp22ujnx325--8</link>
<thumbnail>https://image.tmdb.org/t/p/w227_and_h127_bestv2/24rOzIkfvyUUkIXmo5L9rdnT3Gd.jpg</thumbnail>
</item>

<item>
<title>EP.10-Karen</title>
<link>https://www.fembed.com/v/d5377fxn-4wyml7</link>
<thumbnail>https://image.tmdb.org/t/p/w227_and_h127_bestv2/g33RJSvi2fG8FpAoH8cGABfVan9.jpg</thumbnail>
</item>

<item>
<title>EP.11-Reunion</title>
<link>https://www.fembed.com/v/jg3qqud14wqpj13</link>
<thumbnail>https://image.tmdb.org/t/p/w227_and_h127_bestv2/sNCbkPH2lJMrI0ipimLqPLO9YtY.jpg</thumbnail>
</item>

<item>
<title>EP.12-One Last Shot</title>
<link>https://www.fembed.com/v/1yrggtj61xndjgz</link>
<thumbnail>https://image.tmdb.org/t/p/w227_and_h127_bestv2/6uQuqRg0SST95sLcU3DiWwqd9vq.jpg</thumbnail>
</item>



<item>
<title>EP.13-A New Napkin</title>
<link>https://www.fembed.com/v/2x2ggb2kweqky07</link>
<thumbnail>https://image.tmdb.org/t/p/w227_and_h127_bestv2/yBYhIju2bUmH8dXEvt7eyoVgpRX.jpg</thumbnail>
</item>

