
<item>
<title>EP.1-Into the Ring</title>
<link>https://www.fembed.com/v/ng2eeu2q0km1dpy</link>
<thumbnail>https://image.tmdb.org/t/p/w227_and_h127_bestv2/8PRQB2C6qbnqySbMWC9C9QduVRk.jpg</thumbnail>
</item>


<item>
<title>EP.2-Cut Man</title>
<link>https://www.fembed.com/v/2x2ggb2kwelrkdp</link>
<thumbnail>https://image.tmdb.org/t/p/w227_and_h127_bestv2/u6qLlpPbeNnOwzS7xJhIEmIT7Fq.jpg</thumbnail>
</item>


<item>
<title>EP.3-Rabbit in a Snow Storm</title>
<link>https://www.fembed.com/v/kg4qqu3-6r4mkzd</link>
<thumbnail>https://image.tmdb.org/t/p/w227_and_h127_bestv2/rR7TblWNCynvfpnh5VhUWwRhkp.jpg</thumbnail>
</item>


<item>
<title>EP.4-In the Blood</title>
<link>https://www.fembed.com/v/67nggi0znp1r53d</link>
<thumbnail>https://image.tmdb.org/t/p/w227_and_h127_bestv2/dJSVmTKLesxL4kpD8uzbGqHSTQu.jpg</thumbnail>
</item>


<item>
<title>EP.5-World On Fire</title>
<link>https://www.fembed.com/v/lg6qquny7xw6emd</link>
<thumbnail>https://image.tmdb.org/t/p/w227_and_h127_bestv2/vif8R3u4lakvK5GAtXNzpZij9Jo.jpg</thumbnail>
</item>


<item>
<title>EP.6-Condemned</title>
<link>https://www.fembed.com/v/xgx66u54eywj4d3</link>
<thumbnail>https://image.tmdb.org/t/p/w227_and_h127_bestv2/dNYqdGWMz8IznCWDueRR3FIhif1.jpg</thumbnail>
</item>

<item>
<title>EP.7-Stick</title>
<link>https://www.fembed.com/v/lg6qquny7x7dx3j</link>
<thumbnail>https://image.tmdb.org/t/p/w227_and_h127_bestv2/mqdOJ2gmzZ2pzitw1YvU1pf8aFt.jpg</thumbnail>
</item>


<item>
<title>EP.8-Shadows in the Glass</title>
<link>https://www.fembed.com/v/d5377fxn-4-jwq4</link>
<thumbnail>https://image.tmdb.org/t/p/w227_and_h127_bestv2/y2ldwFJXg3IQDYebdZrOketnhBN.jpg</thumbnail>
</item>


<item>
<title>EP.9-Speak of the Devil</title>
<link>https://www.fembed.com/v/44nggizlxgxjq-4</link>
<thumbnail>https://image.tmdb.org/t/p/w227_and_h127_bestv2/o20FQresv5qUlOAiqRvIH07jZr2.jpg</thumbnail>
</item>



<item>
<title>EP.10-Nelson v. Murdock</title>
<link>https://www.fembed.com/v/0e6ggilwz5z0qq-</link>
<thumbnail>https://image.tmdb.org/t/p/w227_and_h127_bestv2/8uF3DKFmx0qrOmtYsRPgtmP6Pia.jpg</thumbnail>
</item>


<item>
<title>EP.11-The Path of the Righteous</title>
<link>https://www.fembed.com/v/56nggcdgm-mw3y8</link>
<thumbnail>https://image.tmdb.org/t/p/w227_and_h127_bestv2/bQVrn5Eq9vQAPDc7fh5aaqmWPBk.jpg</thumbnail>
</item>


<item>
<title>EP.12-The Ones We Leave Behind</title>
<link>https://www.fembed.com/v/-q6llapwj4j53kp</link>
<thumbnail>https://image.tmdb.org/t/p/w227_and_h127_bestv2/nwcmjyS5NPJ9viSqtrQhwoY7I7n.jpg</thumbnail>
</item>


<item>
<title>EP.13-Daredevil</title>
<link>https://www.fembed.com/v/ng2eeu2q0k0-0eq</link>
<thumbnail>https://image.tmdb.org/t/p/w227_and_h127_bestv2/nSCJMlJkGULVKHuisKeH9Crguy8.jpg</thumbnail>
</item>
