<item>
	<title>[COLOR=white]Death Race[/COLOR]</title>
	<meta>
	<imdb>tt0452608</imdb>
	<content>movie</content>
	<title>Death Race</title>
	<year>2008</year>
	</meta>
	<link>
	<sublink>https://uptobox.com/brvwyh2ienq6(720p)</sublink>
	<sublink>https://uptobox.com/4dzayvx482os(1080p)</sublink>
	<sublink>search</sublink>
	<sublink>searchsd</sublink>
	</link>
	<thumbnail>https://image.tmdb.org/t/p/w1280/3dIZ049AxmvrvNiXKPc36YNum7g.jpg</thumbnail>
	<fanart>https://image.tmdb.org/t/p/w1280/m0JIsX9SLfHLxU1q6ud3ifJjXmC.jpg</fanart>
</item>
<item>
	<title>[COLOR=white]Death Race 2[/COLOR]</title>
	<meta>
	<imdb>tt1500491</imdb>
	<content>movie</content>
	<title>Death Race 2</title>
	<year>2010</year>
	</meta>
	<link>
	<sublink>https://uptobox.com/fe4vyqkupei6(720p)</sublink>
	<sublink>https://uptobox.com/tjaxa8s5sbhm(1080p)</sublink>
	<sublink>search</sublink>
	<sublink>searchsd</sublink>
	</link>
	<thumbnail>https://image.tmdb.org/t/p/w1280/5ARRXaWPgtIT9qKl8Db3MNuGvo3.jpg</thumbnail>
	<fanart>https://image.tmdb.org/t/p/w1280/bseydp1fQprD46706fkYijd4Q3t.jpg</fanart>
</item>
<item>
	<title>[COLOR=white]Death Race Inferno[/COLOR]</title>
	<meta>
	<imdb>tt1988591</imdb>
	<content>movie</content>
	<title>Death Race Inferno</title>
	<year>2013</year>
	</meta>
	<link>
	<sublink>https://uptobox.com/x7gzp2q6x4bt(720p)</sublink>
	<sublink>https://uptobox.com/se8ips6e7tu8(1080p)</sublink>
	<sublink>search</sublink>
	<sublink>searchsd</sublink>
	</link>
	<thumbnail>https://image.tmdb.org/t/p/w1280/tFm4NeFMWRc6JocSUvVLCz1gkfb.jpg</thumbnail>
	<fanart>https://image.tmdb.org/t/p/w1280/ehSN5xLx268lTSZSXvzMnijyv0L.jpg</fanart>
</item>
<item>
	<title>[COLOR=white]Death Race 2050[/COLOR]</title>
	<meta>
	<imdb>tt5493706</imdb>
	<content>movie</content>
	<title>Death Race 2050</title>
	<year>2017</year>
	</meta>
	<link>
	<sublink>https://uptobox.com/zco6dzzxi80o</sublink>
	<sublink>search</sublink>
	<sublink>searchsd</sublink>
	</link>
	<thumbnail>https://image.tmdb.org/t/p/w1280/pxhGPlAUW6wQNgm7NllYQ02jXC2.jpg</thumbnail>
	<fanart>https://image.tmdb.org/t/p/w1280/KUxXJYeaeAUOoFS6VoNe9IYjSb.jpg</fanart>
</item>
<item>
	<title>[COLOR=white]Death Race 4 Beyond Anarchy[/COLOR]</title>
	<meta>
	<imdb>tt3807900</imdb>
	<content>movie</content>
	<title>Death Race 4 Beyond Anarchy</title>
	<year>2018</year>
	</meta>
	<link>
	<sublink>https://uptobox.com/xfsfhdc4wfuz(720p)</sublink>
	<sublink>https://uptobox.com/ec0tw8ger560(1080p)</sublink>
	<sublink>search</sublink>
	<sublink>searchsd</sublink>
	</link>
	<thumbnail>https://image.tmdb.org/t/p/w1280/1PrlKvPUbDQAqFQBCyyt68hLLl.jpg</thumbnail>
	<fanart>https://image.tmdb.org/t/p/w1280/W8V8d9bjLZURgEGbIB5TC70yaj.jpg</fanart>
</item>
