<item>
<title>EP.1-Pilot</title>
<link>https://uptobox.com/vbge3suagjy9</link>
<thumbnail>https://image.tmdb.org/t/p/w227_and_h127_bestv2/lIhWFXqNo5mp2JJLIk86KYm4NFB.jpg</thumbnail>
</item>

<item>
<title>EP.2-Donkey Patrol</title>
<link>https://uptobox.com/fwjzwywgoea2</link>
<thumbnail>https://image.tmdb.org/t/p/w227_and_h127_bestv2/nCra57ZkiUyfJhdsjyWcdbC3AWo.jpg</thumbnail>
</item>

<item>
<title>EP.3-Puppet Patrol</title>
<link>https://uptobox.com/7s9kchnkkkqj</link>
<thumbnail>https://image.tmdb.org/t/p/w227_and_h127_bestv2/rgHG9nUYUAZcGTVbKF06c2xq0CD.jpg</thumbnail>
</item>

<item>
<title>EP.4-Cult Patrol</title>
<link>https://uptobox.com/u64gkc31jybx</link>
<thumbnail>https://image.tmdb.org/t/p/w227_and_h127_bestv2/nIey5PPjyirEqP42PzF5gMHllx0.jpg</thumbnail>
</item>



<item>
<title>EP.5-Paw Patrol</title>
<link>https://uptobox.com/ubnz9ttfo0oh</link>
<thumbnail>https://image.tmdb.org/t/p/w227_and_h127_bestv2/cfe0LFyk2uh7YPNS9dF4rSfJIlE.jpg</thumbnail>
</item>


<item>
<title>EP.6-Doom Patrol Patrol</title>
<link>https://uptobox.com/kj7lml2guowc</link>
<thumbnail>https://image.tmdb.org/t/p/w227_and_h127_bestv2/cNqPf7z3KEpIgrCmaxKCIbX4mMQ.jpg</thumbnail>
</item>

<item>
<title>EP.7-Therapy Patrol</title>
<link>https://uptobox.com/ms6kmljp3nse</link>
<thumbnail>https://image.tmdb.org/t/p/w227_and_h127_bestv2/g5OkpCy3GE7ft0hQESYxvGLc1pw.jpg</thumbnail>
</item>

<item>
<title>EP.8-Danny Patrol</title>
<link>https://uptobox.com/x2dbdidg5ce7</link>
<thumbnail>https://image.tmdb.org/t/p/w227_and_h127_bestv2/nEFoWN0WySX56scsLy0Dly1Y8m0.jpg</thumbnail>
</item>

<item>
<title>EP.9-Jane Patrol</title>
<link>https://uptobox.com/b2uaveptbniw</link>
<thumbnail>https://image.tmdb.org/t/p/w227_and_h127_bestv2/hqJEcZ9xQXViOzmExHx7E4780pE.jpg</thumbnail>
</item>

<item>
<title>EP.10-Hair Patrol</title>
<link>https://uptobox.com/6uczbysfi1op</link>
<thumbnail>https://image.tmdb.org/t/p/w227_and_h127_bestv2/ygTalj2HRZ5qCs6llMi8SeMJqzc.jpg</thumbnail>
</item>

<item>
<title>EP.11-Frances Patrol</title>
<link>https://uptobox.com/yb0r65snzr5f</link>
<thumbnail>https://image.tmdb.org/t/p/w227_and_h127_bestv2/5J2JSSiMlc5kgAwOLQqUHkXEbLP.jpg</thumbnail>
</item>

<item>
<title>EP.12-Cyborg Patrol</title>
<link>https://uptobox.com/l18usmmalqak</link>
<thumbnail>https://image.tmdb.org/t/p/w227_and_h127_bestv2/90N1NKa8vxW4yzcRL1url74i0O.jpg</thumbnail>
</item>

<item>
<title>EP.13-Flex Patrol</title>
<link>https://uptobox.com/4gepj4h7d868</link>
<thumbnail>https://image.tmdb.org/t/p/w227_and_h127_bestv2/4U0yLXI4AQtBubpcoVnh9JQu5MM.jpg</thumbnail>
</item>

<item>
<title>EP.14-Penultimate Patrol</title>
<link>https://uptobox.com/96h9kzsvuooh</link>
<thumbnail>https://image.tmdb.org/t/p/w227_and_h127_bestv2/jEpaPirHqH7eDMjhk8vm9uDPRV1.jpg</thumbnail>
</item>

<item>
<title>EP.15-Ezekiel Patrol</title>
<link>https://uptobox.com/gevnngf44kfh</link>
<thumbnail>https://image.tmdb.org/t/p/w227_and_h127_bestv2/nzVyWQpNWym7wi5ILALCIWgobFA.jpg</thumbnail>
</item>

