<item>
  <title>EP.1-Pilot</title>
  <link>
  <link>https://uptobox.com/mjweoha3lpcs</link>
  </link>
  <thumbnail>https://image.tmdb.org/t/p/w227_and_h127_bestv2/u59av3aNA9zLXxBvy40hAQzJ2Hw.jpg</thumbnail>
</item> 

<item>
  <title>EP.2-Stuntin' Like My Daddy</title>
  <link>
  <link>https://uptobox.com/8ts92oshdy81</link>
  </link>
  <thumbnail>https://image.tmdb.org/t/p/w227_and_h127_bestv2/ddLvNMyADwUpiNOS42XXxdl4b6f.jpg</thumbnail>
</item> 

<item>
  <title>EP.3-Made You Look</title>
  <link>
  <link>https://uptobox.com/dd01hj1wkmvl</link>
  </link>
  <thumbnail>https://image.tmdb.org/t/p/w227_and_h127_bestv2/sgs0AMFBHPenfwIsxqLSGqbnOhw.jpg</thumbnail>
</item> 

<item>
  <title>EP.4-Shook One Pt. II</title>
  <link>
  <link>https://uptobox.com/1wfaafiqigz9</link>
  </link>
  <thumbnail>https://image.tmdb.org/t/p/w227_and_h127_bestv2/ntavqh2ruslPIOVeRRFMvdi5WzM.jpg</thumbnail>
</item> 

<item>
  <title>EP.5-'03 Bonnie and Clyde</title>
  <link>
  <link>https://uptobox.com/iuluc5btia8a</link>
  </link>
  <thumbnail>https://image.tmdb.org/t/p/w227_and_h127_bestv2/3ff187LdnqgrrOQWlzGShPR5sLS.jpg</thumbnail>
</item> 

<item>
  <title>EP.6-The Next Episode</title>
  <link>
  <link>https://uptobox.com/34b1m7wg95ud</link>
  </link>
  <thumbnail>https://image.tmdb.org/t/p/w227_and_h127_bestv2/r9IKlyZ788IOJKlpDXiiaq8lO2H.jpg</thumbnail>
</item> 

<item>
  <title>EP.7-The Trials and Tribulations of Trying to Pee While Depressed</title>
  <link>
  <link>https://uptobox.com/2ld7saslo45z</link>
  </link>
  <thumbnail>https://image.tmdb.org/t/p/w227_and_h127_bestv2/vMQsSORQsV2tfUw1ezyGiCbO6l8.jpg</thumbnail>
</item> 

<item>
  <title>EP.8-And Salt the Earth Behind You</title>
  <link>
  <link>https://uptobox.com/8m7lcnjiom6w</link>
  </link>
  <thumbnail>https://image.tmdb.org/t/p/w227_and_h127_bestv2/mJL0AGDU3oE06hERQfu4acGPm7d.jpg</thumbnail>
</item> 
