
<dir>
<title>Shaun T.Fitness</title>
<link>https://magnetic.website/Mad%20Titan/Shaun%20T%20WORKOUTS.xml</link>
<thumbnail>https://yt3.ggpht.com/a/AGF-l78lac-khRuhtc7DUEgvQohTbonvGPSDWy_wXQ=s288-c-k-c0xffffffff-no-rj-mo</thumbnail>
<fanart></fanart>
</dir>




<dir>
<title>POPSUGAR Fitness</title>
<link>https://magnetic.website/Mad%20Titan/POP%20SUGAR%20WORKOUT.xml</link>
<thumbnail>https://yt3.ggpht.com/a/AGF-l79yIGbH9hP_QsURNPs_stOYZCXAQYPrCWOnFQ=s288-c-k-c0xffffffff-no-rj-mo</thumbnail>
<fanart></fanart>
</dir>


<dir>
<title>Kettlebell Workouts</title>
<link>https://magnetic.website/Mad%20Titan/KETTLEBELL%20WORKOUTS.xml</link>
<thumbnail>https://cdn0.iconfinder.com/data/icons/essentials-volume-5/128/kettlebell-512.png</thumbnail>
<fanart></fanart>
</dir>



<dir>
<title>Men Workouts</title>
<link>https://magnetic.website/Mad%20Titan/MEN%20WORKOUTS.xml</link>
<thumbnail>https://images-na.ssl-images-amazon.com/images/I/51v-yzzdSRL.png</thumbnail>
<fanart></fanart>
</dir>

<dir>
<title>Home Workouts</title>
<link>https://magnetic.website/Mad%20Titan/HOME%20WORKOUTS.xml</link>
<thumbnail>https://is4-ssl.mzstatic.com/image/thumb/Purple113/v4/55/33/60/55336013-7836-1196-6d5b-94e45d696003/source/512x512bb.jpg</thumbnail>
<fanart></fanart>
</dir>

