<item>
<title>A Nightmare on Elm Street (1984)</title>
<meta>
<content>movie</content>
<imdb>tt0087800</imdb>
<title>A Nightmare on Elm Street</title>
<year>1984</year>
</meta>
<link>
<sublink>https://uptobox.com/6gaqqiu4hzbg(720p)</sublink>
<sublink>https://uptobox.com/k2zu7wedwdx5(1080p)</sublink>
<sublink>search</sublink>
<sublink>searchsd</sublink>
</link>
<thumbnail>https://image.tmdb.org/t/p/w600_and_h900_bestv2/sXFlyjfWv544uKOJmPd2vVsaFm9.jpg</thumbnail>
<fanart>https://image.tmdb.org/t/p/original/sm0yY77YkAt3nkfVboqm7bw9pjU.jpg</fanart>
</item>

<item>
<title>A Nightmare on Elm Street 2: Freddy's Revenge (1985)</title>
<meta>
<content>movie</content>
<imdb>tt0089686</imdb>
<title>A Nightmare on Elm Street 2: Freddy's Revenge</title>
<year></year>
</meta>
<link>
<sublink>https://uptobox.com/1t9jwypyl5jj</sublink>
<sublink></sublink>
<sublink>search</sublink>
<sublink>searchsd</sublink>
</link>
<thumbnail>https://image.tmdb.org/t/p/w600_and_h900_bestv2/seEMZxo6bhHWbWPNcBQfsMAk39F.jpg</thumbnail>
<fanart>https://image.tmdb.org/t/p/original/uYRpY8uPl8C5HwoQZXtpW03S3Sm.jpg</fanart>
</item>

<item>
<title>A Nightmare on Elm Street 3: Dream Warriors (1987)</title>
<meta>
<content>movie</content>
<imdb>tt0093629</imdb>
<title>A Nightmare on Elm Street 3: Dream Warriors</title>
<year>1987</year>
</meta>
<link>
<sublink>https://uptobox.com/8dwdb7fphzus</sublink>
<sublink></sublink>
<sublink>search</sublink>
<sublink>searchsd</sublink>
</link>
<thumbnail>https://image.tmdb.org/t/p/w600_and_h900_bestv2/4aMSIhvShIkDrhOsa0WL6KFwnpD.jpg</thumbnail>
<fanart>https://image.tmdb.org/t/p/original/lNrbMhjhAQK9Hf4Nww7GoBezCMA.jpg</fanart>
</item>

<item>
<title>A Nightmare on Elm Street 4: The Dream Master (1988)</title>
<meta>
<content>movie</content>
<imdb>tt0095742</imdb>
<title>A Nightmare on Elm Street 4: The Dream Master</title>
<year>1988</year>
</meta>
<link>
<sublink>https://uptobox.com/va4i5i29xpup</sublink>
<sublink></sublink>
<sublink>search</sublink>
<sublink>searchsd</sublink>
</link>
<thumbnail>https://image.tmdb.org/t/p/w600_and_h900_bestv2/gERdob60xVv0tJ1Kr3XEqqj0KFl.jpg</thumbnail>
<fanart>https://image.tmdb.org/t/p/original/dDn5n9JbGLEthBndWtkW343BhYE.jpg</fanart>
</item>

<item>
<title>A Nightmare on Elm Street 5: The Dream Child (1989)</title>
<meta>
<content>movie</content>
<imdb>tt0097981</imdb>
<title>A Nightmare on Elm Street: The Dream Child</title>
<year>1989</year>
</meta>
<link>
<sublink>https://uptobox.com/mmaab3x92sfl</sublink>
<sublink></sublink>
<sublink>search</sublink>
<sublink>searchsd</sublink>
</link>
<thumbnail>https://image.tmdb.org/t/p/w600_and_h900_bestv2/vnorsG2pKAVqIMYsDJbKoOr4CsX.jpg</thumbnail>
<fanart>https://image.tmdb.org/t/p/original/aNeC6VhT5AyKS2VZVNGZPDraCFA.jpg</fanart>
</item>

<item>
<title>Freddy's Dead: The Final Nightmare (1991)</title>
<meta>
<content>movie</content>
<imdb>tt0101917</imdb>
<title>Freddy's Dead: The Final Nightmare</title>
<year>1991</year>
</meta>
<link>
<sublink>https://uptobox.com/hx6qjq1is9uw</sublink>
<sublink></sublink>
<sublink>search</sublink>
<sublink>searchsd</sublink>
</link>
<thumbnail>https://image.tmdb.org/t/p/w600_and_h900_bestv2/m4IFNmheHcjbLsVWbUq9TIpWL5S.jpg</thumbnail>
<fanart>https://image.tmdb.org/t/p/original/lh9Gq4pb8ViSinsjreyEa5PClHE.jpg</fanart>
</item>

<item>
<title>New Nightmare (1994)</title>
<meta>
<content>movie</content>
<imdb>tt0111686</imdb>
<title>New Nightmare</title>
<year>1994</year>
</meta>
<link>
<sublink>https://uptobox.com/31vzdool9gq1</sublink>
<sublink></sublink>
<sublink>search</sublink>
<sublink>searchsd</sublink>
</link>
<thumbnail>https://image.tmdb.org/t/p/w600_and_h900_bestv2/oLEZibnraixTE68rTaYv4FEmvYd.jpg</thumbnail>
<fanart>https://image.tmdb.org/t/p/original/1k1jAIFmkRthv7uWoQTk0qBR7TW.jpg</fanart>
</item>



<item>
<title>Freddy vs. Jason (2003)</title>
<meta>
<content>movie</content>
<imdb>tt0329101</imdb>
<title>Freddy vs. Jason</title>
<year>2003</year>
</meta>
<link>
<sublink>https://uptobox.com/0e9unph9pxjd</sublink>
<sublink></sublink>
<sublink>search</sublink>
<sublink>searchsd</sublink>
</link>
<thumbnail>https://image.tmdb.org/t/p/w600_and_h900_bestv2/smD9JEIKuvsllgjgrGTOzzbATeN.jpg</thumbnail>
<fanart>https://image.tmdb.org/t/p/original/7rNX4dydL9ms1k2HBw5O7HRYqQH.jpg</fanart>
</item>

<item>
<title>A Nightmare on Elm Street (2010)</title>
<meta>
<content>movie</content>
<imdb>tt1179056</imdb>
<title>A Nightmare on Elm Street</title>
<year>2010</year>
</meta>
<link>
<sublink>https://uptobox.com/u2fqy4evpsda</sublink>
<sublink></sublink>
<sublink>search</sublink>
<sublink>searchsd</sublink>
</link>
<thumbnail>https://image.tmdb.org/t/p/w600_and_h900_bestv2/zPdMcikD993AQRd92iNv0Dxb67T.jpg</thumbnail>
<fanart>https://image.tmdb.org/t/p/original/tc80R3gB6CLSjJjM0g23ihvSWXJ.jpg</fanart>
</item>

