<item>
<title>EP.1-Mad City: Better to Reign in Hell...</title>
<link>https://uptobox.com/hocn0i66coza</link>
<thumbnail>https://image.tmdb.org/t/p/w227_and_h127_bestv2/pP362ZqYcVhRPruc8VHueT10wZq.jpg</thumbnail>
</item>

<item>
<title>EP.2-Mad City: Burn the Witch</title>
<link>https://uptobox.com/ejqk1ys8pegt</link>
<thumbnail>https://image.tmdb.org/t/p/w227_and_h127_bestv2/7tA7VkUUZPQanB4jUNTwoK1WfZq.jpg</thumbnail>
</item>

<item>
<title>EP.3-Mad City: Look Into My Eyes</title>
<link>https://uptobox.com/m0vgtfr2b2j9</link>
<thumbnail>https://image.tmdb.org/t/p/w227_and_h127_bestv2/q7xkzTfLrYNe71QixqJHakD1yD6.jpg</thumbnail>
</item>

<item>
<title>EP.4-Mad City: New Day Rising</title>
<link>https://uptobox.com/v57vzqwqu4ed</link>
<thumbnail>https://image.tmdb.org/t/p/w227_and_h127_bestv2/41fBXH7T5fAYuPdJUbFQ5YUItZS.jpg</thumbnail>
</item>

<item>
<title>EP.5-Mad City: Anything for You</title>
<link>https://uptobox.com/e3xw0ado3cwv</link>
<thumbnail>https://image.tmdb.org/t/p/w227_and_h127_bestv2/7EPwuY7hzQ7MQsIeg5WZVSZMyLD.jpg</thumbnail>
</item>

<item>
<title>EP.6-Mad City: Follow the White Rabbit</title>
<link>https://uptobox.com/3hdrcye2ykn7</link>
<thumbnail>https://image.tmdb.org/t/p/w227_and_h127_bestv2/zuGWwh4Sl8O8ZRmY5iYxRqasB1Q.jpg</thumbnail>
</item>

<item>
<title>EP.7-Mad City: Red Queen</title>
<link>https://uptobox.com/dmn8730z7v68</link>
<thumbnail>https://image.tmdb.org/t/p/w227_and_h127_bestv2/tonwxsgPuplqwYbJOvB6a3mqSLZ.jpg</thumbnail>
</item>

<item>
<title>EP.8-Mad City: Blood Rush</title>
<link>https://uptobox.com/wva41bbjcd7q</link>
<thumbnail>https://image.tmdb.org/t/p/w227_and_h127_bestv2/jC4pDSTR6ApVUKTFXqoa7GNuzd9.jpg</thumbnail>
</item>

<item>
<title>EP.9-Mad City: The Executioner</title>
<link>https://uptobox.com/u15bgchadvcn</link>
<thumbnail>https://image.tmdb.org/t/p/w227_and_h127_bestv2/yHH6gKly3lE5hx6WfQjZmY1GtSp.jpg</thumbnail>
</item>

<item>
<title>EP.10-Mad City: Time Bomb</title>
<link>https://uptobox.com/837v0qbu8ovt</link>
<thumbnail>https://image.tmdb.org/t/p/w227_and_h127_bestv2/7fGiqkf8xMVl1zSuibMbOFG2fWx.jpg</thumbnail>
</item>

<item>
<title>EP.11-Mad City: Beware the Green-Eyed Monster</title>
<link>https://uptobox.com/df8nrbi5ci4k</link>
<thumbnail>https://image.tmdb.org/t/p/w227_and_h127_bestv2/j5vZKIm6JMMPf0mKHHojLhObKJS.jpg</thumbnail>
</item>

<item>
<title>EP.12-Mad City: Ghosts</title>
<link>https://uptobox.com/z5bo3ekry62l</link>
<thumbnail>https://image.tmdb.org/t/p/w227_and_h127_bestv2/rTxX19eDXmTVmIn4A4hG62gj2Ju.jpg</thumbnail>
</item>

<item>
<title>EP.13-Mad City: Smile Like You Mean It</title>
<link>https://uptobox.com/7bsohukebcyl</link>
<thumbnail>https://image.tmdb.org/t/p/w227_and_h127_bestv2/5EiKUe6awheqjFnbhq1TUnJSeL6.jpg</thumbnail>
</item>

<item>
<title>EP.14-Mad City: The Gentle Art of Making Enemies</title>
<link>https://uptobox.com/uk6pkukwzw2e</link>
<thumbnail>https://image.tmdb.org/t/p/w227_and_h127_bestv2/nGLp9W3K56ITT1Ol97JwCrD16hP.jpg</thumbnail>
</item>

<item>
<title>EP.15-Heroes Rise: How the Riddler Got His Name</title>
<link>https://uptobox.com/okrl6d16ldh0</link>
<thumbnail>https://image.tmdb.org/t/p/w227_and_h127_bestv2/uqf2eDVzmTp9dI64VsJqnmxfUw.jpg</thumbnail>
</item>

<item>
<title>EP.16-Heroes Rise: These Delicate and Dark Obsessions</title>
<link>https://uptobox.com/gyefln46chd8</link>
<thumbnail>https://image.tmdb.org/t/p/w227_and_h127_bestv2/x4s6WbGN3WRso9OpC4qxbY5no3x.jpg</thumbnail>
</item>

<item>
<title>EP.17-Heroes Rise: The Primal Riddle</title>
<link>https://uptobox.com/3nz6l0s6qi4k</link>
<thumbnail>https://image.tmdb.org/t/p/w227_and_h127_bestv2/k8N7qfRsgJkrmqkmSTibg7tHD39.jpg</thumbnail>
</item>

<item>
<title>EP.18-Heroes Rise: Light the Wick</title>
<link>https://uptobox.com/9bl05hl2bbrq</link>
<thumbnail>https://image.tmdb.org/t/p/w227_and_h127_bestv2/AhPIT7CT0BC3leZ9XwoUgRt1Lup.jpg</thumbnail>
</item>

<item>
<title>EP.19-Heroes Rise: All Will Be Judged</title>
<link>https://uptobox.com/16oly0skeft3</link>
<thumbnail>https://image.tmdb.org/t/p/w227_and_h127_bestv2/lsS5QIF3YtpWq4cOIbpNvrwUpDR.jpg</thumbnail>
</item>

<item>
<title>EP.20-Heroes Rise: Pretty Hate Machine</title>
<link>https://uptobox.com/0cl1lefacgyy</link>
<thumbnail>https://image.tmdb.org/t/p/w227_and_h127_bestv2/1ltkEw42AlvWKYe94iUqQzAuDJL.jpg</thumbnail>
</item>

<item>
<title>EP.21-Heroes Rise: Destiny Calling</title>
<link></link>
<thumbnail>https://image.tmdb.org/t/p/w227_and_h127_bestv2/wEsCVvunknlYIRqG3Yu5ISMocrZ.jpg</thumbnail>
</item>

<item>
<title>EP.22-Heroes Rise: Heavydirtysoul</title>
<link>https://uptobox.com/70kgfp58a9p1</link>
<thumbnail>https://image.tmdb.org/t/p/w227_and_h127_bestv2/gQqWawhN8FzObmVFQk6v2VBxPdN.jpg</thumbnail>
</item>

