<item>
<title>EP.1-A Dark Knight: Pax Penguina</title>
<link>https://uptobox.com/hfhse71xbvsa</link>
<thumbnail>https://image.tmdb.org/t/p/w227_and_h127_bestv2/fyJY61UF81jfSC2xuldlVeTMZuI.jpg</thumbnail>
</item>

<item>
<title>EP.2-A Dark Knight: The Fear Reaper</title>
<link>https://uptobox.com/uegtm7o9kmwa</link>
<thumbnail>https://image.tmdb.org/t/p/w227_and_h127_bestv2/sAVSktxhn7NJyqOdYBmIIgMQEh5.jpg</thumbnail>
</item>

<item>
<title>EP.3-A Dark Knight: They Who Hide Behind Masks</title>
<link>https://uptobox.com/3518tlw796fe</link>
<thumbnail>https://image.tmdb.org/t/p/w227_and_h127_bestv2/4Le5zxLTyCY3BUrrRL1nIdKvNW3.jpg</thumbnail>
</item>

<item>
<title>EP.4-A Dark Knight: The Demon's Head</title>
<link>https://uptobox.com/k8x048h5apf6</link>
<thumbnail>https://image.tmdb.org/t/p/w227_and_h127_bestv2/bc0NNzAgMBMBfs2NEiiZlUR9fsI.jpg</thumbnail>
</item>

<item>
<title>EP.5-A Dark Knight: The Blade's Path</title>
<link>https://uptobox.com/y58zilzda96w</link>
<thumbnail>https://image.tmdb.org/t/p/w227_and_h127_bestv2/4vtAtDh7xYKQwBpLbcacTPgpi1X.jpg</thumbnail>
</item>

<item>
<title>EP.6-A Dark Knight: Hog Day Afternoon</title>
<link>https://uptobox.com/l72ujs9u8p44</link>
<thumbnail>https://image.tmdb.org/t/p/w227_and_h127_bestv2/anmwlkfiXMh5lNQTjIJW3Kx6nx0.jpg</thumbnail>
</item>

<item>
<title>EP.7-A Dark Knight: A Day in the Narrows</title>
<link>https://uptobox.com/zlczdb0mtxkc</link>
<thumbnail>https://image.tmdb.org/t/p/w227_and_h127_bestv2/mEuxHqJgkYT7VY6NxVgf8JHRrjL.jpg</thumbnail>
</item>

<item>
<title>EP.8-A Dark Knight: Stop Hitting Yourself</title>
<link>https://uptobox.com/cugwduo4fqae</link>
<thumbnail>https://image.tmdb.org/t/p/w227_and_h127_bestv2/aqRiu6oPueC97oSK6oDUtDHVau3.jpg</thumbnail>
</item>

<item>
<title>EP.9-A Dark Knight: Let Them Eat Pie</title>
<link>https://uptobox.com/g77ityzw4ujf</link>
<thumbnail>https://image.tmdb.org/t/p/w227_and_h127_bestv2/xQdbAZHw9of5Si869cjq50o3YQB.jpg</thumbnail>
</item>

<item>
<title>EP.10-A Dark Knight: Things That Go Boom</title>
<link>https://uptobox.com/aczlvpv2v3tr</link>
<thumbnail>https://image.tmdb.org/t/p/w227_and_h127_bestv2/yJID3OzM3c5j19lcIcawZ8CLuqj.jpg</thumbnail>
</item>

<item>
<title>EP.11-A Dark Knight: Queen Takes Knight</title>
<link>https://uptobox.com/h7k2x5bssajs</link>
<thumbnail>https://image.tmdb.org/t/p/w227_and_h127_bestv2/8Qw1baCE86fjRlJBG6R2GR4Aof8.jpg</thumbnail>
</item>

<item>
<title>EP.12-A Dark Knight: Pieces of a Broken Mirror</title>
<link>https://uptobox.com/peh41flsz6xy</link>
<thumbnail>https://image.tmdb.org/t/p/w227_and_h127_bestv2/k3CXDHmiqeUEz0QgDjSTcWNP5xN.jpg</thumbnail>
</item>

<item>
<title>EP.13-A Dark Knight: A Beautiful Darkness</title>
<link>https://uptobox.com/ez5vrvr7dsxr</link>
<thumbnail>https://image.tmdb.org/t/p/w227_and_h127_bestv2/wV4SB0yKSbt0SUrYHvvknUdxVCe.jpg</thumbnail>
</item>

<item>
<title>EP.14-A Dark Knight: Reunion</title>
<link>https://uptobox.com/m3yn34456uti</link>
<thumbnail>https://image.tmdb.org/t/p/w227_and_h127_bestv2/4NW8XAs7MTOKszocPZOku8CBRa6.jpg</thumbnail>
</item>


<item>
<title>EP.15-A Dark Knight: The Sinking Ship The Grand Applause</title>
<link>https://uptobox.com/rnc2jq6zhw1q</link>
<thumbnail>https://image.tmdb.org/t/p/w227_and_h127_bestv2/vgv9zpZ8vwj9Q99DfFyKkChc3yw.jpg</thumbnail>
</item>

<item>
<title>EP.16-A Dark Knight: One of My Three Soups</title>
<link>https://uptobox.com/xoqkn8whn6z1</link>
<thumbnail>https://image.tmdb.org/t/p/w227_and_h127_bestv2/jU0AClJUgYpGb45u4A2PMuWrppC.jpg</thumbnail>
</item>

<item>
<title>EP.17-A Dark Knight: Mandatory Brunch Meeting</title>
<link>https://uptobox.com/5n7qjnfguqca</link>
<thumbnail>https://image.tmdb.org/t/p/w227_and_h127_bestv2/7lydlWLsW18eNksObxMnKGT8bWz.jpg</thumbnail>
</item>

<item>
<title>EP.18-A Dark Knight: That's Entertainment</title>
<link>https://uptobox.com/7ohbx4b9e39v</link>
<thumbnail>https://image.tmdb.org/t/p/w227_and_h127_bestv2/xmKwmAF95tHXF04EtPIorTL64De.jpg</thumbnail>
</item>

<item>
<title>EP.19-A Dark Knight: To Our Deaths and Beyond</title>
<link>https://uptobox.com/mxl9okzzgwl4</link>
<thumbnail>https://image.tmdb.org/t/p/w227_and_h127_bestv2/5NnGqFcYqINdR6Pnho2Gc27aFM1.jpg</thumbnail>
</item>

<item>
<title>EP.20-A Dark Knight: That Old Corpse</title>
<link>https://uptobox.com/8rueuokppodh</link>
<thumbnail>https://image.tmdb.org/t/p/w227_and_h127_bestv2/vZHsiJxyMdDBRkGBms9bAHJCKW4.jpg</thumbnail>
</item>

<item>
<title>EP.21-A Dark Knight: One Bad Day</title>
<link>https://uptobox.com/cn00v99wmnui</link>
<thumbnail>https://image.tmdb.org/t/p/w227_and_h127_bestv2/3O8Jpw0jUHJ0DvUrWuKK9PF5rC9.jpg</thumbnail>
</item>



<item>
<title>EP.22-A Dark Knight: No Man's Land</title>
<link>https://uptobox.com/apc9oi9yg5h7</link>
<thumbnail>https://image.tmdb.org/t/p/w227_and_h127_bestv2/idYY16dztiene5nPLYoWsL9VLJF.jpg</thumbnail>
</item>
