<item>
<title>EP.1-Legend of Dark Knight: Year Zero</title>
<link>https://uptobox.com/zya2wktxfgg0</link>
<thumbnail>https://image.tmdb.org/t/p/w227_and_h127_bestv2/tFpHVJsBL45Q7zkLBeBC6XmirsD.jpg</thumbnail>
</item>

<item>
<title>EP.2-Legend of Dark Knight: Trespassers</title>
<link>https://uptobox.com/k4nxw7vjq4wb</link>
<thumbnail>https://image.tmdb.org/t/p/w227_and_h127_bestv2/saSI3HwEHENh8tIYsFNyJUAJQSm.jpg</thumbnail>
</item>

<item>
<title>EP.3-Legend of Dark Knight: Penguin, Our Hero</title>
<link>https://uptobox.com/pxwbjtwf33bp</link>
<thumbnail>https://image.tmdb.org/t/p/w227_and_h127_bestv2/utwernZ65YKtjGJ3IqFyX0g3jdx.jpg</thumbnail>
</item>

<item>
<title>EP.4-Legend of Dark Knight: Ruin</title>
<link>https://uptobox.com/a0ua73aibui3</link>
<thumbnail>https://image.tmdb.org/t/p/w227_and_h127_bestv2/CY0fHomfgJFq0tayLWWMtFxwRK.jpg</thumbnail>
</item>

<item>
<title>EP.5-Legend of Dark Knight: Pena Dura</title>
<link>https://uptobox.com/f2m14euxzvfe</link>
<thumbnail>https://image.tmdb.org/t/p/w227_and_h127_bestv2/ivIlW6MlG5sZdcQUiSs70nCahiz.jpg</thumbnail>
</item>

<item>
<title>EP.6-Legend of Dark Knight: 13 Stitches</title>
<link>https://uptobox.com/4277jq76gnpc</link>
<thumbnail>https://image.tmdb.org/t/p/w227_and_h127_bestv2/9JjkPSvBH63D8ktA8nDJn9arcEu.jpg</thumbnail>
</item>

<item>
<title>EP.7-Legend of Dark Knight: Ace Chemicals</title>
<link>https://uptobox.com/f86vgff3l8kd</link>
<thumbnail>https://image.tmdb.org/t/p/w227_and_h127_bestv2/otZMAK1Jhhx5xLtXDBd2amLwwb8.jpg</thumbnail>
</item>

<item>
<title>EP.8-Legend of Dark Knight: Nothing's Shocking</title>
<link>https://uptobox.com/dgrdmzr95ev9</link>
<thumbnail>https://image.tmdb.org/t/p/w227_and_h127_bestv2/6MJosMTGheJp723C3kfLqAok5sE.jpg</thumbnail>
</item>

<item>
<title>EP.9-Legend of Dark Knight: The Trial of James Gordon</title>
<link>https://uptobox.com/on11w1xk5kd8</link>
<thumbnail>https://image.tmdb.org/t/p/w227_and_h127_bestv2/eLIFYXYfgAfJEB2VQHCsugkEcB8.jpg</thumbnail>
</item>

<item>
<title>EP.10-Legend of Dark Knight: I Am Bane</title>
<link>https://uptobox.com/v8qlabf1y93o</link>
<thumbnail>https://image.tmdb.org/t/p/w227_and_h127_bestv2/jADaW6EVtZ8NWcCvf3B9rTaOAZ9.jpg</thumbnail>
</item>

<item>
<title>EP.11-Legend of Dark Knight: They Did What?</title>
<link>https://uptobox.com/58kmm62arpps</link>
<thumbnail>https://image.tmdb.org/t/p/w227_and_h127_bestv2/s3RAJzQmS0pyXAFNfZfKUMeDA49.jpg</thumbnail>
</item>



<item>
<title>EP.12-Legend of Dark Knight: The Beginning...</title>
<link>https://uptobox.com/yqah0s9ym5at</link>
<thumbnail>https://image.tmdb.org/t/p/w227_and_h127_bestv2/qo61Xpy4SpITKZt75lnRhsjjTt5.jpg</thumbnail>
</item>
