<plugin>
<title>Grimm Season 1</title>
<link>http://dl8.heyserver.in/serial/Grimm/S01/1080p.x265/</link>
<thumbnail>https://image.tmdb.org/t/p/w600_and_h900_bestv2/efrDcB26bugOroNshsPSrPEwJAI.jpg</thumbnail>
<fanart></fanart>
</plugin>

<plugin>
<title>Grimm Season 2</title>
<link>http://dl8.heyserver.in/serial/Grimm/S02/1080p.x265/</link>
<thumbnail>https://images-wixmp-ed30a86b8c4ca887773594c2.wixmp.com/intermediary/f/ba4951e4-2d68-4de9-8c17-72e0ada24fd5/d7axpbd-affd2927-ffed-420d-be96-373391285d00.png</thumbnail>
<fanart></fanart>
</plugin>

<plugin>
<title>Grimm Season 3</title>
<link>http://dl8.heyserver.in/serial/Grimm/S03/1080p.x265/</link>
<thumbnail>https://image.tmdb.org/t/p/w600_and_h900_bestv2/40Lrj8AKZhGrEmbYbgLbHkqPZvq.jpg</thumbnail>
<fanart></fanart>
</plugin>

<plugin>
<title>Grimm Season 4</title>
<link>http://dl8.heyserver.in/serial/Grimm/S04/1080p.x265/</link>
<thumbnail>https://image.tmdb.org/t/p/w600_and_h900_bestv2/iOptnt1QHi6bIHmOq6adnZTV0bU.jpg</thumbnail>
<fanart></fanart>
</plugin>

<plugin>
<title>Grimm Season 5</title>
<link>http://dl8.heyserver.in/serial/Grimm/S05/1080p.x265/</link>
<thumbnail>https://image.tmdb.org/t/p/w600_and_h900_bestv2/1iaQrCN4Iptc3rLJvM6O1o312yH.jpg</thumbnail>
<fanart></fanart>
</plugin>

<plugin>
<title>Grimm Season 6</title>
<link>http://dl8.heyserver.in/serial/Grimm/S06/1080p.x265/</link>
<thumbnail>https://image.tmdb.org/t/p/w600_and_h900_bestv2/mif5ezMPT89Be6T2kRb60SkQgQS.jpg</thumbnail>
<fanart></fanart>
</plugin>
