<item>
    <title>Harry Potter and The Sorcerer's Stone-2001</title>
    <meta>
        <content>movie</content>
        <imdb>tt0241527</imdb>
        <title>Harry Potter and the Sorcerer's Stone</title>
        <year>2001</year>
    </meta>
    <link>
        <sublink>https://uptostream.com/ie5kbcbrc9f2</sublink>
        <sublink>https://uptostream.com/tho0mohw463n</sublink>    
        <sublink>search</sublink>
        <sublink>searchsd</sublink>
    </link>
    <thumbnail>https://fanart.tv/fanart/movies/671/movieposter/harry-potter-and-the-sorcerers-stone-555e485ecfa1e.jpg</thumbnail>
    <fanart>https://fanart.tv/fanart/movies/671/moviebackground/harry-potter-and-the-sorcerers-stone-5224e3a5913ad.jpg</fanart>
</item>


<item>
    <title>Harry Potter and the Chamber of Secrets-2002</title>
    <meta>
        <content>movie</content>
        <imdb>tt0295297</imdb>
        <title>Harry Potter and the Chamber of Secrets</title>
        <year>2002</year>
    </meta>
    <link>
        <sublink>https://uptostream.com/81ppwt707l3d</sublink>
        <sublink>https://uptostream.com/7xypv1qda7ui</sublink>    
        <sublink>search</sublink>
        <sublink>searchsd</sublink>
    </link>
    <thumbnail>https://fanart.tv/fanart/movies/672/movieposter/harry-potter-and-the-chamber-of-secrets-53c2346e95cd3.jpg</thumbnail>
    <fanart>https://fanart.tv/fanart/movies/672/moviebackground/harry-potter-and-the-chamber-of-secrets-5224fd27f367a.jpg</fanart>
</item>




<item>
    <title>Harry Potter and the Prisoner of Azkaban-2004</title>
    <meta>
        <content>movie</content>
        <imdb>tt0304141</imdb>
        <title>Harry Potter and the Prisoner of Azkaban</title>
        <year>2004</year>
    </meta>
    <link>
        <sublink>https://uptostream.com/05utvpsorox3</sublink>
        <sublink>https://uptostream.com/93qz5qdbkxqd</sublink>    
        <sublink>search</sublink>
        <sublink>searchsd</sublink>
    </link>
    <thumbnail>https://fanart.tv/fanart/movies/673/movieposter/harry-potter-and-the-prisoner-of-azkaban-53dfba0881a7c.jpg</thumbnail>
    <fanart>https://fanart.tv/fanart/movies/673/moviebackground/harry-potter-and-the-prisoner-of-azkaban-5524ee56b9d3f.jpg</fanart>
</item>

<item>
    <title>Harry Potter and the Goblet of Fire-2005</title>
    <meta>
        <content>movie</content>
        <imdb>tt0330373</imdb>
        <title>Harry Potter and the Goblet of Fire</title>
        <year>2005</year>
    </meta>
    <link>
        <sublink>https://uptostream.com/f2q8ajicijxd</sublink>
        <sublink>https://uptostream.com/s2t13u5az1z8</sublink>    
        <sublink>search</sublink>
        <sublink>searchsd</sublink>
    </link>
    <thumbnail>https://fanart.tv/fanart/movies/674/movieposter/harry-potter-and-the-goblet-of-fire-54f6410bd3adb.jpg</thumbnail>
    <fanart>https://fanart.tv/fanart/movies/674/moviebanner/harry-potter-and-the-goblet-of-fire-53dfb66a115bc.jpg</fanart>
</item>


<item>
    <title>Harry Potter and the Order of the Phoenix-2007</title>
    <meta>
        <content>movie</content>
        <imdb>tt0373889</imdb>
        <title>Harry Potter and the Order of the Phoenix</title>
        <year>2007</year>
    </meta>
    <link>
        <sublink>https://uptostream.com/dd0r413cdwbw</sublink>
        <sublink>https://uptostream.com/051gaqma3353</sublink>    
        <sublink>search</sublink>
        <sublink>searchsd</sublink>
    </link>
    <thumbnail>https://fanart.tv/fanart/movies/675/movieposter/harry-potter-and-the-order-of-the-phoenix-56d76101ca568.jpg</thumbnail>
    <fanart>https://fanart.tv/fanart/movies/675/moviebackground/harry-potter-and-the-order-of-the-phoenix-5054afa767190.jpg</fanart>
</item>



<item>
    <title>Harry Potter and the Half-Blood Prince-2009</title>
    <meta>
        <content>movie</content>
        <imdb>Harry Potter and the Half-Blood Prince</imdb>
        <title>tt0417741</title>
        <year>2009</year>
    </meta>
    <link>
        <sublink>https://uptostream.com/plhqh6h8ylsl</sublink>
        <sublink>https://uptostream.com/ay6b7gwcy6ol</sublink>    
        <sublink>search</sublink>
        <sublink>searchsd</sublink>
    </link>
    <thumbnail>https://fanart.tv/fanart/movies/767/movieposter/harry-potter-and-the-half-blood-prince-555e48bd050ae.jpg</thumbnail>
    <fanart>https://fanart.tv/fanart/movies/767/moviebackground/harry-potter-and-the-half-blood-prince-5b3419dee0a7b.jpg</fanart>
</item>



<item>
<title>Harry Potter and the Deathly Hallows: Part 2-2011</title>
<meta>
<content>movie</content>
<imdb>tt1201607</imdb>
<title>Harry Potter and the Deathly Hallows: Part 2</title>
<year>2011</year>
</meta>
<link>
<sublink>https://uptostream.com/jhhkijxnjh1m</sublink>
<sublink></sublink>    
<sublink>search</sublink>
<sublink>searchsd</sublink>
</link>
<thumbnail>https://fanart.tv/fanart/movies/12445/movieposter/harry-potter-and-the-deathly-hallows-part-2-5557918991597.jpg</thumbnail>
<fanart>https://fanart.tv/fanart/movies/12445/moviebackground/harry-potter-and-the-deathly-hallows-part-2-50536c03dc902.jpg</fanart>
</item>