<plugin>
<title>Pamela Reif Home Workouts</title>
<link>plugin://plugin.video.youtube/playlist/PLEkRYDcpWohwYIslsKBpv9oqafNmhOed2/</link>
<thumbnail>https://yt3.ggpht.com/a/AGF-l7__hWqNnegvUciw7LCAvsNdFtw3wuVLC-HNvQ=s288-c-k-c0xffffffff-no-rj-mo</thumbnail>
</plugin>

<plugin>
<title>Self- Stronger Challenge</title>
<link>plugin://plugin.video.youtube/playlist/PL7Ax6CP9_hgN3KzDQN0K7NJIpR5E86ZNO/</link>
<thumbnail>https://yt3.ggpht.com/a/AGF-l7-9HyqBuHlZJ3yHFd5GaTXnXumt9_UQrFc2nw=s288-c-k-c0xffffffff-no-rj-mo</thumbnail>
</plugin>

<plugin>
<title>10 MIN HOME WORKOUTS (NO EQUIPMENT BODYWEIGHT WORKOUT!)</title>
<link>plugin://plugin.video.youtube/playlist/PLfNsMbADHaOnbqh2namxc5tsE8hks_oxq/</link>
<thumbnail>https://yt3.ggpht.com/a/AGF-l7_B4_E0U9TDJGSedGZs_MeH2DXMSUcCGsa90w=s288-c-k-c0xffffffff-no-rj-mo</thumbnail>
</plugin>

<item>
<title>OFFICIALTHENX- Chest workout At Home</title>
<link>https://www.youtube.com/watch?v=BkS1-El_WlE</link>
<thumbnail>https://yt3.ggpht.com/a/AGF-l7_B4_E0U9TDJGSedGZs_MeH2DXMSUcCGsa90w=s288-c-k-c0xffffffff-no-rj-mo</thumbnail>
</item>

