<item>
<title>Home Alone (1990)</title>
<meta>
<content></content>
<imdb>tt0099785</imdb>
<title>Home Alone</title>
<year>2010</year>
</meta>
<link>
<sublink>https://uptostream.com/8vfei7c20j6b</sublink>
<sublink>search</sublink>
<sublink>searchsd</sublink>
</link>
<thumbnail>https://image.tmdb.org/t/p/w1280/5Lo3sWuvbO4AnrAHYBgB5U1Opqd.jpg</thumbnail>
<fanart>https://image.tmdb.org/t/p/original/6VDJkwvJrYkDKHGwTgMRH5qgQr9.jpg</fanart>
</item>

<item>
<title>Home Alone 2: Lost in New York (1992)</title>
<meta>
<content></content>
<imdb>tt0104431</imdb>
<title>Home Alone 2: Lost in New York</title>
<year>1992</year>
</meta>
<link>
<sublink>https://uptostream.com/jbadcm8500s7</sublink>
<sublink>search</sublink>
<sublink>searchsd</sublink>
</link>
<thumbnail>https://image.tmdb.org/t/p/w1280/ezGcLFTvwR64I3Z7RqHnXRFet4r.jpg</thumbnail>
<fanart>https://image.tmdb.org/t/p/original/u6jYMp0DxcHYa820wZ0EtcQPVFA.jpg</fanart>
</item>
