

<item>
	<title>[COLOR=white]Ice Age[/COLOR]</title>
	<meta>
	<imdb>tt0268380</imdb>
	<content>movie</content>
	<title>Ice Age</title>
	<year>2002</year>
	</meta>
	<link>
	<sublink>https://uptobox.com/xfmrdm66byoy
	<sublink>https://uptobox.com/2bineezmxz3w
	<sublink>search</sublink>
	<sublink>searchsd</sublink>
	</link>
	<thumbnail>https://image.tmdb.org/t/p/w1280/zpaQwR0YViPd83bx1e559QyZ35i.jpg</thumbnail>
	<fanart>https://image.tmdb.org/t/p/w1280/oDqbewoFuIEWA7UWurole6MzDGn.jpg</fanart>
</item>

<item>
	<title>[COLOR=white]Ice Age: The Meltdown[/COLOR]</title>
	<meta>
	<imdb>tt0438097</imdb>
	<content>movie</content>
	<title>Ice Age: The Meltdown</title>
	<year>2006</year>
	</meta>
	<link>
	<sublink>https://uptobox.com/93fu3q31xkt9
	<sublink>search</sublink>
	<sublink>searchsd</sublink>
	</link>
	<thumbnail>https://image.tmdb.org/t/p/w1280/oQhkGeoVcHuRBsEvxnzd62tIeB6.jpg</thumbnail>
	<fanart>https://image.tmdb.org/t/p/w1280/lxNCa4FifUuLeUkWUQl2yuf9JnJ.jpg</fanart>
</item>
<item>
	<title>[COLOR=white]Ice Age: Dawn of the Dinosaurs[/COLOR]</title>
	<meta>
	<imdb>tt1080016</imdb>
	<content>movie</content>
	<title>Ice Age: Dawn of the Dinosaurs</title>
	<year>2009</year>
	</meta>
	<link>
	<sublink>https://uptobox.com/hi7tzcsrhyas
	<sublink>search</sublink>
	<sublink>searchsd</sublink>
	</link>
	<thumbnail>https://image.tmdb.org/t/p/w1280/crAf8b9gFpcdvY7majL8xWzTbem.jpg</thumbnail>
	<fanart>https://image.tmdb.org/t/p/w1280/2ZkYXWejAwpkFkNnOY6nQYcJSPn.jpg</fanart>
</item>

<item>
	<title>[COLOR=white]Ice Age: Continental Drift[/COLOR]</title>
	<meta>
	<imdb>tt1667889</imdb>
	<content>movie</content>
	<title>Ice Age: Continental Drift</title>
	<year>2012</year>
	</meta>
	<link>
	<sublink>https://uptobox.com/eitmfq2by4an
	<sublink>https://uptobox.com/4wt2khz3efua
	<sublink>search</sublink>
	<sublink>searchsd</sublink>
	</link>
	<thumbnail>https://image.tmdb.org/t/p/w1280/u30xsZd3mijrdBKA6CeDsozx48g.jpg</thumbnail>
	<fanart>https://image.tmdb.org/t/p/w1280/tZGKKeWGejt63jiSdi7MTAjCFE9.jpg</fanart>
</item>
<item>
	<title>[COLOR=white]Ice Age: Collision Course[/COLOR]</title>
	<meta>
	<imdb>tt3416828</imdb>
	<content>movie</content>
	<title>Ice Age: Collision Course</title>
	<year>2016</year>
	</meta>
	<link>
	<sublink>https://uptobox.com/65jvsdvikmvr(1080p)</sublink>
	<sublink>search</sublink>
	<sublink>searchsd</sublink>
	</link>
	<thumbnail>https://image.tmdb.org/t/p/w1280/gRi7lTBBiRBhn9aJID5MdldcJEJ.jpg</thumbnail>
	<fanart>https://image.tmdb.org/t/p/w1280/o29BFNqgXOUT1yHNYusnITsH7P9.jpg</fanart>
</item>
