<item>
<title>EP.1-Light-Years From Home</title>
<link>http://ldjosh.menoetius.bysh.me/data/Krypton.S02E01.1080p.AMZN.WEBRip.DDP5.1.x264-SiGMA%5brarbg%5d/Krypton.S02E01.Light.Years.From.Home.1080p.AMZN.WEB-DL.DDP5.1.H264-SiGMA.mkv</link>
<thumbnail>https://image.tmdb.org/t/p/w227_and_h127_bestv2/7ZMHWDfVlOOhw5iNqM3vOVJ8Zk0.jpg</thumbnail>
</item>

<item>
<title>EP.2-Ghost in the Fire</title>
<link>http://ldjosh.menoetius.bysh.me/data/Krypton.S02E02.1080p.WEB.H264-METCON%5bTGx%5d/Krypton.S02E02.1080p.WEB.H264-METCON.mkv</link>
<thumbnail>https://image.tmdb.org/t/p/w227_and_h127_bestv2/kfdvMHBe1G3k8HDbIjtYqvAsB8T.jpg</thumbnail>
</item>

<item>
<title>EP.3-Will to Power</title>
<link>http://ldjosh.menoetius.bysh.me/data/Krypton.S02E03.720p.HDTV.x265-MiNX%5beztv%5d.mkv</link>
<thumbnail>https://image.tmdb.org/t/p/w227_and_h127_bestv2/zhD4vjr87a2ARGlGubUmg5HNih4.jpg</thumbnail>
</item>

<item>
<title>EP.4-Danger Close</title>
<link></link>
<thumbnail>https://image.tmdb.org/t/p/w227_and_h127_bestv2/vHjstBKs6VVfc5PxXh1tC2GdYHq.jpg</thumbnail>
</item>

<item>
<title>EP.5-A Better Yesterday</title>
<link>http://ldjosh.menoetius.bysh.me/data/Krypton.S02E05.720p.HDTV.x265-MiNX%5bTGx%5d/Krypton.S02E05.720p.HDTV.x265-MiNX.mkv</link>
<thumbnail>https://image.tmdb.org/t/p/w227_and_h127_bestv2/7VSQ5JHm0HpWG1BLbjkmBnxc3VP.jpg</thumbnail>
</item>

<item>
<title>EP.6-In Zod We Trust</title>
<link>http://ldjosh.menoetius.bysh.me/data/Krypton.S02E06.1080p.WEB.x264-TBS%5brarbg%5d/krypton.s02e06.1080p.web.x264-tbs.mkv</link>
<thumbnail>https://image.tmdb.org/t/p/w227_and_h127_bestv2/ulDm1YErUGH18o8WXHeGugspM7o.jpg</thumbnail>
</item>

<item>
<title>EP.7-Zods and Monsters</title>
<link>http://ldjosh.menoetius.bysh.me/data/Krypton.S02E07.1080p.WEB.x264-TBS%5brarbg%5d/krypton.s02e07.1080p.web.x264-tbs.mkv</link>
<thumbnail>https://image.tmdb.org/t/p/w227_and_h127_bestv2/bfTJCLlcvoAGroA0hSnCIf1GSk6.jpg</thumbnail>
</item>

<item>
<title>EP.8-Mercy</title>
<link>http://ldjosh.menoetius.bysh.me/data/Krypton.S02E08.720p.WEB.x264-TBS%5brarbg%5d/krypton.s02e08.720p.web.x264-tbs.mkv</link>
<thumbnail>https://image.tmdb.org/t/p/w227_and_h127_bestv2/oALZLHqyQ3Dxuj058WVxjuyk4Vm.jpg</thumbnail>
</item>

<item>
<title>EP.9-Blood Moon</title>
<link>http://ldjosh.menoetius.bysh.me/data/Krypton.S02E09.1080p.WEB.x264-TBS%5brarbg%5d/krypton.s02e09.1080p.web.x264-tbs.mkv</link>
<thumbnail>https://image.tmdb.org/t/p/w227_and_h127_bestv2/emeCxiJG6MWiIW7f5c8CgglqCpw.jpg</thumbnail>
</item>


<item>
<title>EP.10-The Alpha and the Omega</title>
<link></link>
<thumbnail></thumbnail>
</item>
