<plugin>
<title>Legion Season 1</title>
<link>http://dl8.heyserver.in/serial/Legion/S01/1080p/</link>
<thumbnail>https://images-wixmp-ed30a86b8c4ca887773594c2.wixmp.com/intermediary/f/59a63415-52bf-4178-8f1b-add89060d75e/dcn5f1r-28be3a5e-1ba1-4a8d-8e41-5f99965ae68e.png</thumbnail>
<fanart></fanart>
</plugin>

<plugin>
<title>Legion Season 2</title>
<link>http://dl8.heyserver.in/serial/Legion/S02/1080p/</link>
<thumbnail>https://orig00.deviantart.net/dd81/f/2017/043/d/6/legion_folder_icon_by_viro9-dayu2ha.png</thumbnail>
<fanart></fanart>
</plugin>
