<dir>
<title>Longmire Season 5</title>
<link>https://magnetic.website/Mad%20Titan/LONGMIRE%20SEASON%205.xml</link>
<thumbnail>https://mikesfilmtalk.files.wordpress.com/2016/10/longmire-e1536457225537.jpg?w=840</thumbnail>
<fanart>https://image.tmdb.org/t/p/original/cRKOwC0DS830SdxiXm87f9pIrFn.jpg</fanart>
</dir>

<dir>
<title>Longmire Season 6</title>
<link>https://magnetic.website/Mad%20Titan/LONGMIRE%20SEASON%206.xml</link>
<thumbnail>https://images-wixmp-ed30a86b8c4ca887773594c2.wixmp.com/i/f67f000d-ac3e-4297-a1db-8a8e9a11b8d9/da1qwyr-d6311938-e6d4-4463-9efe-db8745c43abc.png</thumbnail>
<fanart>https://image.tmdb.org/t/p/w500_and_h282_face/3WKhqKhklKRpbdOF168ELR0pVBP.jpg</fanart>
</dir>
