<dir>
<title>Luke Cage Season 1</title>
<link>https://magnetic.website/Mad%20Titan/LUKE%20CAGE%20SEASON%201.xml</link>
<thumbnail>https://orig00.deviantart.net/de9e/f/2016/296/6/8/marvel_s_luke_cage_folder_icon_by_nialixus-dalx5ge.png</thumbnail>
<fanart></fanart>
</dir>

<dir>
<title>Luke Cage Season 2</title>
<link>https://magnetic.website/Mad%20Titan/LUKE%20CAGE%20SEASON%202.xml</link>
<thumbnail>https://orig00.deviantart.net/40ad/f/2017/196/c/6/luke_cage___tv_series_folder_icon_v1_by_dyiddo-dbgghz5.png</thumbnail>
<fanart></fanart>
</dir>
