<item>
<title>EP.1-Roadhouse Blues</title>
<link></link>
<thumbnail>https://image.tmdb.org/t/p/w227_and_h127_bestv2/lVWXv6VKjRQOKnB22X5LONsPWf6.jpg</thumbnail>
</item>

<item>
<title>EP.2-Fight or Flight</title>
<link></link>
<thumbnail>https://image.tmdb.org/t/p/w227_and_h127_bestv2/d7bsrxxFndwh4jhgrAq7CRTZSjU.jpg</thumbnail>
</item>

<item>
<title>EP.3-Trouble the Water</title>
<link></link>
<thumbnail>https://image.tmdb.org/t/p/w227_and_h127_bestv2/sTqiA7ye1rGJKlZsNZdqRulaGtL.jpg</thumbnail>
</item>

<item>
<title>EP.4-Scar Tissue</title>
<link></link>
<thumbnail>https://image.tmdb.org/t/p/w227_and_h127_bestv2/eJwv0tlf41a2N6zGU1iRldarmrr.jpg</thumbnail>
</item>

<item>
<title>EP.5-One-Eyed Jacks</title>
<link></link>
<thumbnail>https://image.tmdb.org/t/p/w227_and_h127_bestv2/8w0GoRNEBPvRfaC3GyQpRUsgSvk.jpg</thumbnail>
</item>

<item>
<title>EP.6-Nakazat</title>
<link></link>
<thumbnail>https://image.tmdb.org/t/p/w227_and_h127_bestv2/l1yM2pmIjplAl7uMgwo4HLzOp0R.jpg</thumbnail>
</item>

<item>
<title></title>
<link></link>
<thumbnail></thumbnail>
</item>

<item>
<title></title>
<link></link>
<thumbnail></thumbnail>
</item>

<item>
<title></title>
<link></link>
<thumbnail></thumbnail>
</item>

<item>
<title></title>
<link></link>
<thumbnail></thumbnail>
</item>

<item>
<title></title>
<link></link>
<thumbnail></thumbnail>
</item>
