<item>
	<title>[COLOR=white]The Maze Runner[/COLOR]</title>
	<meta>
	<imdb>tt1790864</imdb>
	<content>movie</content>
	<title>The Maze Runner</title>
	<year>2014</year>
	</meta>
	<link>
	<sublink>https://uptostream.com/tyu1mlx1mpnh(720p)
	<sublink>https://uptostream.com/mr4mo46e7fu1(1080p)</sublink>
	<sublink>search</sublink>
	<sublink>searchsd</sublink>
	</link>
	<thumbnail>https://image.tmdb.org/t/p/w1280/coss7RgL0NH6g4fC2s5atvf3dFO.jpg</thumbnail>
	<fanart>https://image.tmdb.org/t/p/w1280/lkOZcsXcOLZYeJ2YxJd3vSldvU4.jpg</fanart>
</item>

<item>
	<title>[COLOR=white]Maze Runner: The Scorch Trials[/COLOR]</title>
	<meta>
	<imdb>tt4046784</imdb>
	<content>movie</content>
	<title>Maze Runner: The Scorch Trials</title>
	<year>2015</year>
	</meta>
	<link>
	<sublink>https://uptostream.com/q1he8cifxyk1(720p)</sublink>
	<sublink>https://uptostream.com/i22hrcxjots1(1080p)</sublink>
	<sublink>search</sublink>
	<sublink>searchsd</sublink>
	</link>
	<thumbnail>https://image.tmdb.org/t/p/w1280/vlTPQANjLYTebzFJM1G4KeON0cb.jpg</thumbnail>
	<fanart>https://image.tmdb.org/t/p/w1280/iapRFMGKvN9tsjqPlN7MIDTCezG.jpg</fanart>
</item>

<item>
	<title>[COLOR=white]Maze Runner: The Death Cure[/COLOR]</title>
	<meta>
	<imdb>tt4500922</imdb>
	<content>movie</content>
	<title>Maze Runner: The Death Cure</title>
	<year>2018</year>
	</meta>
	<link>
	<sublink>https://uptostream.com/d88ah5v4hiec(720p)</sublink>
	<sublink>https://uptostream.com/o44olzsu8gwr(1080p)</sublink>
	<sublink>search</sublink>
	<sublink>searchsd</sublink>
	</link>
	<thumbnail>https://image.tmdb.org/t/p/w1280/2zYfzA3TBwrMC8tfFbpiTLODde0.jpg</thumbnail>
	<fanart>https://image.tmdb.org/t/p/w1280/bvbyidkMaBls1LTaIWYY6UmYTaL.jpg</fanart>
</item>


