



<item>
	<title>[COLOR=white]Men in Black[/COLOR]</title>
	<meta>
	<imdb>tt0119654</imdb>
	<content>movie</content>
	<title>Men in Black</title>
	<year>1997</year>
	</meta>
	<link>
	<sublink>https://uptostream.com/10vbuii7hdnp(1080p)</sublink>
	<sublink>search</sublink>
	<sublink>searchsd</sublink>
	</link>
	<thumbnail>https://image.tmdb.org/t/p/w1280/f24UVKq3UiQWLqGWdqjwkzgB8j8.jpg</thumbnail>
	<fanart>https://image.tmdb.org/t/p/w1280/agCihVGrXk3hmmwMIgsn2ao1eEa.jpg</fanart>
</item>
<item>
	<title>[COLOR=white]Men in Black II[/COLOR]</title>
	<meta>
	<imdb>tt0120912</imdb>
	<content>movie</content>
	<title>Men in Black II</title>
	<year>2002</year>
	</meta>
	<link>
	<sublink>https://uptostream.com/sngstgwmic07(1080p)</sublink>
	<sublink>search</sublink>
	<sublink>searchsd</sublink>
	</link>
	<thumbnail>https://image.tmdb.org/t/p/w1280/qWjRfBwr4VculczswwojXgoU0mq.jpg</thumbnail>
	<fanart>https://image.tmdb.org/t/p/w1280/cITp4EM8HEKrlhXDEeGNy2IB8D9.jpg</fanart>
</item>
<item>
	<title>[COLOR=white]Men in Black 3[/COLOR]</title>
	<meta>
	<imdb>tt1409024</imdb>
	<content>movie</content>
	<title>Men in Black 3</title>
	<year>2012</year>
	</meta>
	<link>
	<sublink>https://uptostream.com/a2m7zwxygw8g(1080p)</sublink>
	<sublink>search</sublink>
	<sublink>searchsd</sublink>
	</link>
	<thumbnail>https://image.tmdb.org/t/p/w1280/l9hrvXyGq19f6jPRZhSVRibTMwW.jpg</thumbnail>
	<fanart>https://image.tmdb.org/t/p/w1280/mhokitPCejvcZb0r3SHURZDp7OO.jpg</fanart>
</item>

<item>
	<title>[COLOR=white]National Treasure[/COLOR]</title>
	<meta>
	<imdb>tt0368891</imdb>
	<content>movie</content>
	<title>National Treasure</title>
	<year>2004</year>
	</meta>
	<link>
	<sublink>search</sublink>
	<sublink>searchsd</sublink>
	</link>
	<thumbnail>https://image.tmdb.org/t/p/w1280/luMoc56LLMWUt60vUNNpwxrbTNt.jpg</thumbnail>
	<fanart>https://image.tmdb.org/t/p/w1280/2kOgnTByORg6gvEWWy8ynyJpCXa.jpg</fanart>
</item>


