<item>
	<title>[COLOR=white]Mission Impossible[/COLOR]</title>
	<meta>
	<imdb>tt0117060</imdb>
	<content>movie</content>
	<title>Mission Impossible</title>
	<year>1996</year>
	</meta>
	<link>
	<sublink>https://uptobox.com/7n18su7ujznl(720p)</sublink>
	<sublink>https://uptobox.com/ckob7t7m3lie(1080p)</sublink>
	<sublink>search</sublink>
	<sublink>searchsd</sublink>
	</link>
	<thumbnail>https://image.tmdb.org/t/p/w1280/vmj2PzTLC6xJvshpq8SlaYE3gbd.jpg</thumbnail>
	<fanart>https://image.tmdb.org/t/p/w1280/tjQHn6xW5BiB1RJ3OZIPDzIOSkF.jpg</fanart>
</item>
<item>
	<title>[COLOR=white]Mission Impossible II[/COLOR]</title>
	<meta>
	<imdb>tt0120755</imdb>
	<content>movie</content>
	<title>Mission Impossible II</title>
	<year>2000</year>
	</meta>
	<link>
	<sublink>https://uptobox.com/8hhliee4s71d(720p)</sublink>
	<sublink>https://uptobox.com/3gvp2q4hz94a(1080p)</sublink>
	<sublink>search</sublink>
	<sublink>searchsd</sublink>
	</link>
	<thumbnail>https://image.tmdb.org/t/p/w1280/12mI7kU22nJrmtAgGcDP8tbAz4a.jpg</thumbnail>
	<fanart>https://image.tmdb.org/t/p/w1280/bDdVZNvxb670EMlZqeIy6RdyJ4V.jpg</fanart>
</item>
<item>
	<title>[COLOR=white]Mission Impossible III[/COLOR]</title>
	<meta>
	<imdb>tt0317919</imdb>
	<content>movie</content>
	<title>Mission Impossible III</title>
	<year>2006</year>
	</meta>
	<link>
	<sublink>https://uptobox.com/nt1nhqx1bv7e(720p)</sublink>
	<sublink>https://uptobox.com/8phknuapc5fo(1080p)</sublink>
	<sublink>search</sublink>
	<sublink>searchsd</sublink>
	</link>
	<thumbnail>https://image.tmdb.org/t/p/w1280/uXThDsEdXfepDiDlsIvuUQJ82bl.jpg</thumbnail>
	<fanart>https://image.tmdb.org/t/p/w1280/kOELgNnVt6EGCjtDXx85YUw6p8X.jpg</fanart>
</item>
<item>
	<title>[COLOR=white]Mission Impossible Ghost Protocol[/COLOR]</title>
	<meta>
	<imdb>tt1229238</imdb>
	<content>movie</content>
	<title>Mission Impossible Ghost Protocol</title>
	<year>2011</year>
	</meta>
	<link>
	<sublink>https://uptobox.com/xxtp0s15iuw7(720p)</sublink>
	<sublink>https://uptobox.com/3hv28h6zg4t2(1080p)</sublink>
	<sublink>search</sublink>
	<sublink>searchsd</sublink>
	</link>
	<thumbnail>https://image.tmdb.org/t/p/w1280/s58mMsgIVOFfoXPtwPWJ3hDYpXf.jpg</thumbnail>
	<fanart>https://image.tmdb.org/t/p/w1280/pc7a2qrIkIxzqWGqcexd3mHzIxy.jpg</fanart>
</item>
<item>
	<title>[COLOR=white]Mission Impossible Rogue Nation[/COLOR]</title>
	<meta>
	<imdb>tt2381249</imdb>
	<content>movie</content>
	<title>Mission Impossible Rogue Nation</title>
	<year>2015</year>
	</meta>
	<link>
	<sublink>https://uptobox.com/1ab6f7a2svs7(720p)</sublink>
	<sublink>https://uptobox.com/jgbafgwq47oy(1080p)</sublink>
	<sublink>search</sublink>
	<sublink>searchsd</sublink>
	</link>
	<thumbnail>https://image.tmdb.org/t/p/w1280/z2sJd1OvAGZLxgjBdSnQoLCfn3M.jpg</thumbnail>
	<fanart>https://image.tmdb.org/t/p/w1280/8XeLfNQrDmFQmPTqxapfWUnKiLf.jpg</fanart>
</item>
<item>
	<title>[COLOR=white]Mission Impossible Fallout[/COLOR]</title>
	<meta>
	<imdb>tt4912910</imdb>
	<content>movie</content>
	<title>Mission Impossible Fallout</title>
	<year>2018</year>
	</meta>
	<link>
	<sublink>https://uptobox.com/cwd5tp9dnaa3(720p)</sublink>
	<sublink>https://uptobox.com/c5t3e23qits6(1080p)</sublink>
	<sublink>search</sublink>
	<sublink>searchsd</sublink>
	</link>
	<thumbnail>https://image.tmdb.org/t/p/w1280/AkJQpZp9WoNdj7pLYSj1L0RcMMN.jpg</thumbnail>
	<fanart>https://image.tmdb.org/t/p/w1280/18vI248rVel5q19eKkxENQ1v1dX.jpg</fanart>
</item>
