<item>
<title>[COLORlime]Braves vs Cardinals[/COLOR]</title>
<link>http://sv4.dailymotion.com.1cdn.host/live/tbs/chunks.m3u8|Referer=http://123tvnow.com/watch/tbs/</link>
<thumbnail>https://upload.wikimedia.org/wikipedia/en/thumb/a/ac/MLBNetworkLogo.svg/1200px-MLBNetworkLogo.svg.png</thumbnail>
<fanart>http://getwallpapers.com/wallpaper/full/3/2/8/40823.jpg</fanart>
</item>

<item>
<title>[COLORblue]Nats vs Dodgers[/COLOR]</title>
<link>http://sv4.dailymotion.com.1cdn.host/live/tbs/chunks.m3u8|Referer=http://123tvnow.com/watch/tbs/</link>
<thumbnail>https://upload.wikimedia.org/wikipedia/en/thumb/a/ac/MLBNetworkLogo.svg/1200px-MLBNetworkLogo.svg.png</thumbnail>
<fanart>http://getwallpapers.com/wallpaper/full/3/2/8/40823.jpg</fanart>
</item>
