
<dir>
<title>SPORT CHANNELS</title> 
<link>http://172.105.26.201/tv.xml</link>
<thumbnail>https://magnetic.website/Mad%20Titan/mad%20titan%20icons/icon.png</thumbnail>
<fanart>https://magnetic.website/Mad%20Titan/mad%20titan%20icons/splash.png</fanart>
</dir>

<item>
<title>ESPN</title>
<link>http://yrsprts.xyz/hls/m3.m3u8?ch=spn</link>
<thumbnail>https://lh6.googleusercontent.com/proxy/2ia_HMhUxNYJHDj9ewtY8MkBVYVQNs1yToenwYic51ayQ21D6NjPt9eKC9gX6NqMhHZwiU3ZfeQimv4Bxmi2glI2aR62e1srbf46xXsNsRBpwDk_822tz3a9kypQHoxiCodAQnS3hd2oYkgsOjE=p</thumbnail>
</item>


<item>
<title>ESPN News</title>
<link>http://185.246.209.109:8080/ESPN_NEWS/tracks-v1a1/mono.m3u8</link>
<thumbnail>https://images-na.ssl-images-amazon.com/images/I/51YcKYcjsdL.png</thumbnail>
</item>




<item>
<title>ESPN 2</title>
<link>
<sublink>http://yoursports.stream/hls/xyss.m3u8?ch=espn2</sublink>
<sublink>http://123tvnow.com/watch/espn2/?jwsource=cl</sublink>
</link>
<thumbnail>https://d229kpbsb5jevy.cloudfront.net/teleup/content/common/logos/channel/logos/uydiww.png</thubnail>
</item>





<item>
<title>NFL Network</title>
<link>http://test.dnsimage.tk/live/nflnetwork-hq/chunks.m3u8?nimblesessionid=10711597&wmsAuthSign=c2VydmVyX3RpbWU9OS8xNy8yMDE5IDk6MTU6NDAgUE0maGFzaF92YWx1ZT1YUkVFWWxiSSt6ZDFGRzkyUk8zUnV3PT0mdmFsaWRtaW51dGVzPTYwJmlkPTE5OS4xODguMjA0LjI2JnN0cm1fbGVuPTU=</link>
<thumbnail>https://is3-ssl.mzstatic.com/image/thumb/Purple128/v4/e6/59/27/e6592789-9452-bb32-9981-33603390e205/source/512x512bb.jpg</thumbnail>
</item>


<item>
<title>NBA Network</title>
<link>http://185.246.209.109:8080/NBA_TV/tracks-v1a1/mono.m3u8</link>
<thumbnail>https://pbs.twimg.com/profile_images/883447001647656961/0Ykmk4ep_400x400.jpg</thumbnail>
</item>

<item>
<title>NHL Network</title>
<link>http://test.dnsimage.tk/live/nhlnetwork-hq/chunks.m3u8?nimblesessionid=10711796&wmsAuthSign=c2VydmVyX3RpbWU9OS8xNy8yMDE5IDk6MTU6MjMgUE0maGFzaF92YWx1ZT00Z1dHSjBTVkJwQmZveS9abGxFMG5nPT0mdmFsaWRtaW51dGVzPTYwJmlkPTE5OS4xODguMjA0LjI2JnN0cm1fbGVuPTU=</link>
<thumbnail>https://pbs.twimg.com/profile_images/1069587614985056256/d4Kl2nIv.jpg</thumbnail>
</item>

<item>
<title>MLB Network</title>
<link>http://mlblive-akc.mlb.com/ls01/mlbam/mlb_network/NETWORK_LINEAR_1/MLB_VIDEO_MLBN_FAUX_LINEAR_STREAM_1_MLBN_Linear_Stream_Tuesday_20190917_1568701268474/2400K/2400_slide.m3u8</link>
<thumbnail>https://www.anbmedia.com/wp/wp-content/uploads/2019/03/mlb-1027x780.jpg</thumbnail>
</item>

<item>
<title>CBS Sports HQ</title>
<link>https://sportshq-mediapackage-cedexis.cbsaavideo.com/out/v1/be87d7783e5c4270a5830ea5d1164850/desktop_6.m3u8</link>
<thumbnail>https://pbs.twimg.com/profile_images/1045351578096599041/Dr9xa2rd_400x400.jpg</thumbnail>
</item>


<item>
<title>ACC Network</title>
<link>
<link>http://yrsprts.xyz/hls/m3.m3u8?ch=accn</link>
</link>
<thumbnail>https://lh3.googleusercontent.com/cgGZZVdI_r-Asm9HUazczO50wsXwFDow4e-eTGTqnXu22mmmuA_xr1n8h2sL--baoE0</thumbnail>
</item>

<item>
<title>SEC Network</title>
<link>
<link>http://yrsprts.xyz/hls/m3.m3u8?ch=sec</link>
</link>
<thumbnail>http://hottytoddy.com/wp-content/uploads/2015/07/sec-logo.png</thumbnail>
</item>









