<item>
<title>**OKC VS WARRIORS 3:30PM**</title>
<link>
<sublink>http://the.maverickz.xyz/show/gsw/chunks.m3u8</sublink>
<sublink>http://cdn.60fps.live/live/Warriors/playlist.m3u8</sublink>
</link>
<thumbnail>https://images-na.ssl-images-amazon.com/images/I/51aHBnwdxWL.png</thumbnail>
<fanart>https://wallpaperplay.com/walls/full/2/4/c/109613.jpg</fanart>
</item>

<item>
<title>**NETS VS GRIZZLIES 6PM**</title>
<link>
<sublink>http://the.maverickz.xyz/show/mem/chunks.m3u8</sublink>
<sublink>http://cdn.60fps.live/live//playlist.m3u8</sublink>
<sublink>http://jhdfkdfuiemevn.rgdjb.me/2/chunks.m3u8</sublink>
</link>
<thumbnail>https://images-na.ssl-images-amazon.com/images/I/51aHBnwdxWL.png</thumbnail>
<fanart>https://wallpaperplay.com/walls/full/2/4/c/109613.jpg</fanart>
</item>

<item>
<title>**HEAT VS T-WOLVES 7PM**</title>
<link>
<sublink>http://the.maverickz.xyz/show/mia/chunks.m3u8</sublink>
<sublink>http://cdn.60fps.live/live//playlist.m3u8</sublink>
</link>
<thumbnail>https://images-na.ssl-images-amazon.com/images/I/51aHBnwdxWL.png</thumbnail>
<fanart>https://wallpaperplay.com/walls/full/2/4/c/109613.jpg</fanart>
</item>

<item>
<title>**BLAZERS VS MAVS 7PM**</title>
<link>
<sublink>http://the.maverickz.xyz/show/dal/chunks.m3u8</sublink>
<sublink>http://cdn.60fps.live/live//playlist.m3u8</sublink>
</link>
<thumbnail>https://images-na.ssl-images-amazon.com/images/I/51aHBnwdxWL.png</thumbnail>
<fanart>https://wallpaperplay.com/walls/full/2/4/c/109613.jpg</fanart>
</item>
