
<item>
<title>[COLORlime]**NFL RedZone**[/COLOR] [COLORcyan]FOR MY FANTASY PLAYERS[/COLOR]</title>
<link>
<sublink>http://the.maverickz.xyz/show/redzone/chunks.m3u8</sublink>
<sublink>http://deal.carriemore.club/hls/redzone-rip/chunks.m3u8</sublink>
<sublink>http://deal.carriemore.club/hls/redzone-siciliano/chunks.m3u8</sublink>
</link>
<thumbnail>https://images-na.ssl-images-amazon.com/images/I/51mWPk0EGbL.png</thumbnail>
<fanart>https://insidethestar.com/wp-content/uploads/2016/03/why-i-hate-the-dallas-cowboys.jpg</fanart>
</item>


<item>
<title>**Carolina Panthers vs San Francisco 49ers 4PM**</title>
<link>
<sublink>http://cdn.youpit.site/live/49ers/playlist.m3u8</sublink>
<sublink>http://njdfsjkjksdefrg.verjgfgr.xyz/live/10/chunks.m3u8</sublink>
<sublink></sublink>
</link>
<thumbnail>https://images-na.ssl-images-amazon.com/images/I/51mWPk0EGbL.png</thumbnail>
<fanart>https://insidethestar.com/wp-content/uploads/2016/03/why-i-hate-the-dallas-cowboys.jpg</fanart>
</item>

<item>
<title>**Cleveland Browns vs New England Patriots 4:25PM**</title>
<link>
<sublink>http://cdn.youpit.site/live/Patriots/playlist.m3u8</sublink>
<sublink></sublink>
<sublink></sublink>
</link>
<thumbnail>https://images-na.ssl-images-amazon.com/images/I/51mWPk0EGbL.png</thumbnail>
<fanart>https://insidethestar.com/wp-content/uploads/2016/03/why-i-hate-the-dallas-cowboys.jpg</fanart>
</item>


<item>
<title>**RAIDERS VS TEXANS 4:25PM**</title>
<link>
<sublink>http://cdn.youpit.site/live/Texans/playlist.m3u8</sublink>
<sublink>http://the.maverickz.xyz/show/colts/chunks.m3u8</sublink>
<sublink></sublink>
</link>
<thumbnail>https://images-na.ssl-images-amazon.com/images/I/51mWPk0EGbL.png</thumbnail>
<fanart>https://insidethestar.com/wp-content/uploads/2016/03/why-i-hate-the-dallas-cowboys.jpg</fanart>
</item>

<item>
<title>**Green Bay Packers vs Kansas City Chiefs 8:20PM**</title>
<link>
<sublink>http://cdn.youpit.site/live/Chiefs/playlist.m3u8</sublink>
<sublink></sublink>
<sublink></sublink>
</link>
<thumbnail>https://images-na.ssl-images-amazon.com/images/I/51mWPk0EGbL.png</thumbnail>
<fanart>https://insidethestar.com/wp-content/uploads/2016/03/why-i-hate-the-dallas-cowboys.jpg</fanart>
</item>

