<dir>
<title>*********************WEEK 7*********************</title>
<link></link>
<thumbnail>https://lh3.googleusercontent.com/woY0IgwCZ8LgK-5gssskW78CS_0IKtcmRLsQn97ygtDDD6-unYpjHkOGj3lF7h7C2IOj</thumbnail>
<fanart></fanart>
</dir>

<item>
<title>EAGLES VS COWBOYS</title>
<link>https://pvxumpmf2yepr6qzx1pu.s4ap.com/temp/fb/bitrate.m3u8?u=neuclnlds193.akamaized.net/nlds_vod/nfl/vod/2019/10/20/38090/e0f8f52f-7c5e-47fe-947a-36d820d2f31f/v1/stream/2_38090_phi_dal_2019_b_condensed_1_4500_pc.mp4.m3u8?hdntl=exp=1571802314~acl=%2f*~data=hdntl~hmac=34910f42084dd1c00e1ff97866351d0716258e0ffe58bdc001afbd28568d3973</link>
<thumbnail></thumbnail>
</item>

<item>
<title>CHIEFS VS BRONCOS</title>
<link>https://pvxumpmf2yepr6qzx1pu.s4ap.com/temp/fb/bitrate.m3u8?u=neuclnlds193.akamaized.net/nlds_vod/nfl/vod/2019/10/17/38078/bf7fbe18-3aca-48d1-ae45-20fda6cdbbff/v1/stream/2_38078_kc_den_2019_b_condensed_1_4500_pc.mp4.m3u8?hdntl=exp=1571784175~acl=%2f*~data=hdntl~hmac=56e2de1e09e8b9522adec79e9579d27234492616b3f042af61eb157f9156b158</link>
<thumbnail></thumbnail>
</item>

<item>
<title>DOLPHINS VS BILLS</title>
<link>https://pvxumpmf2yepr6qzx1pu.s4ap.com/temp/fb/bitrate.m3u8?u=neuclnlds193.akamaized.net/nlds_vod/nfl/vod/2019/10/20/38082/812eac9d-e10f-41dc-bada-10ebb8050c54/v1/stream/2_38082_mia_buf_2019_b_condensed_1_4500_pc.mp4.m3u8?hdntl=exp=1571788458~acl=%2f*~data=hdntl~hmac=35fcd6ac0e49e185172bf31b25102f8cc623b90359d9ee507bc29f929cbb16f2</link>
<thumbnail></thumbnail>
</item>

<item>
<title>JAGUARS VS BENGALS</title>
<link>https://pvxumpmf2yepr6qzx1pu.s4ap.com/temp/fb/bitrate.m3u8?u=neuclnlds193.akamaized.net/nlds_vod/nfl/vod/2019/10/20/38081/830ddb83-0732-4a9d-afe8-ff0c25a2adcb/v1/stream/2_38081_jax_cin_2019_b_condensed_1_4500_pc.mp4.m3u8?hdntl=exp=1571810375~acl=%2f*~data=hdntl~hmac=152ec30b578607bd7e2af865508de0faf8d37cebd382024f279b95aa8c49a1c4</link>
<thumbnail></thumbnail>
</item>

<item>
<title>LIONS VS VIKINGS</title>
<link>https://pvxumpmf2yepr6qzx1pu.s4ap.com/temp/fb/bitrate.m3u8?u=neuclnlds193.akamaized.net/nlds_vod/nfl/vod/2019/10/20/38085/d5d9309b-a84d-4efa-b09e-d57ebf62b0a8/v1/stream/2_38085_min_det_2019_b_condensed_1_4500_pc.mp4.m3u8?hdntl=exp=1571785541~acl=%2f*~data=hdntl~hmac=83e0ec4b386726f864cd52ba03caf5a17bc6b79d22fe1978a5e4328046e8ad9b</link>
<thumbnail></thumbnail>
</item>

<item>
<title>RAIDERS VS PACKERS</title>
<link>https://pvxumpmf2yepr6qzx1pu.s4ap.com/temp/fb/bitrate.m3u8?u=neuclnlds193.akamaized.net/nlds_vod/nfl/vod/2019/10/20/38083/d3ac77bd-f5e0-495b-a214-0450286f2bef/v1/stream/2_38083_oak_gb_2019_b_condensed_1_4500_pc.mp4.m3u8?hdntl=exp=1571786221~acl=%2f*~data=hdntl~hmac=a33d2cc659a623cd739950240e0276ae73e35d0cc4bd6538b60a68e270a9a95c</link>
<thumbnail></thumbnail>
</item>

<item>
<title>RAMS VS FALCONS</title>
<link>https://pvxumpmf2yepr6qzx1pu.s4ap.com/temp/fb/bitrate.m3u8?u=neuclnlds193.akamaized.net/nlds_vod/nfl/vod/2019/10/20/38086/ed4af417-83ff-4db6-a16b-c097d3176ea1/v1/stream/2_38086_la_atl_2019_b_condensed_1_4500_pc.mp4.m3u8?hdntl=exp=1571788448~acl=%2f*~data=hdntl~hmac=451bf3ef8cfe3320b0ad8f9596c89ffea19f72a5b9e9e0564ac4bc45a7c38a78</link>
<thumbnail></thumbnail>
</item>


<item>
<title>TEXANS VS COLTS</title>
<link>https://pvxumpmf2yepr6qzx1pu.s4ap.com/temp/fb/bitrate.m3u8?u=neuclnlds193.akamaized.net/nlds_vod/nfl/vod/2019/10/20/38080/53ee09ae-f5a6-491d-91de-c427a03025d8/v1/stream/2_38080_hou_ind_2019_b_condensed_1_4500_pc.mp4.m3u8?hdntl=exp=1571785188~acl=%2f*~data=hdntl~hmac=090cf7262bca63cc07d0374df0d24ad6e7d8ef88e1867e7e05327da921edc5f6</link>
<thumbnail></thumbnail>
</item>

<item>
<title>CARDINALS VS GIANTS</title>
<link>https://pvxumpmf2yepr6qzx1pu.s4ap.com/temp/fb/bitrate.m3u8?u=neuclnlds193.akamaized.net/nlds_vod/nfl/vod/2019/10/20/38084/8eccbc80-3405-433d-aacc-e4d91345b01b/v1/stream/2_38084_ari_nyg_2019_b_condensed_1_4500_pc.mp4.m3u8?hdntl=exp=1571811138~acl=%2f*~data=hdntl~hmac=4ec8b4f2ecda11749d87ab497ee9fcfd216be209c64e56cbc3a58a5f83934501</link>
<thumbnail></thumbnail>
</item>

<item>
<title>49ERS VS REDSKINS</title>
<link>https://pvxumpmf2yepr6qzx1pu.s4ap.com/temp/fb/bitrate.m3u8?u=neuclnlds193.akamaized.net/nlds_vod/nfl/vod/2019/10/20/38079/d8f4dc53-0754-449d-81f0-59d5ba9da925/v1/stream/2_38079_sf_was_2019_b_condensed_1_4500_pc.mp4.m3u8?hdntl=exp=1571790770~acl=%2f*~data=hdntl~hmac=e2c8dd17fe918bf3a0f243303c9d0d1a48acde95748aef5497d63cbe6910db93</link>
<thumbnail></thumbnail>
</item>

<item>
<title>CHARGERS VS TITANS</title>
<link>https://pvxumpmf2yepr6qzx1pu.s4ap.com/temp/fb/bitrate.m3u8?u=neuclnlds193.akamaized.net/nlds_vod/nfl/vod/2019/10/20/38087/78dbe5ef-58fc-4feb-9662-f4f2ed33bed8/v1/stream/2_38087_lac_ten_2019_b_condensed_1_4500_pc.mp4.m3u8?hdntl=exp=1571796763~acl=%2f*~data=hdntl~hmac=59fc61340dabaf250e9fa0120c20e9ebaee7c6ffcfcbf26e3ff06165236aa9c5</link>
<thumbnail></thumbnail>
</item>


<item>
<title>SAINTS VS BEARS</title>
<link>https://pvxumpmf2yepr6qzx1pu.s4ap.com/temp/fb/bitrate.m3u8?u=neuclnlds193.akamaized.net/nlds_vod/nfl/vod/2019/10/20/38088/a21a5e97-717e-4d44-a3df-269ea178831d/v1/stream/2_38088_no_chi_2019_b_condensed_1_4500_pc.mp4.m3u8?hdntl=exp=1571794173~acl=%2f*~data=hdntl~hmac=92fc1d331bffc02a6f5581782a298f1480afccdf5f7f808075bc5710821978f2</link>
<thumbnail></thumbnail>
</item>

<item>
<title>RAVENS VS SEAHAWKS</title>
<link>https://pvxumpmf2yepr6qzx1pu.s4ap.com/temp/fb/bitrate.m3u8?u=neuclnlds193.akamaized.net/nlds_vod/nfl/vod/2019/10/20/38089/77dd8a87-846e-4b0a-a4a2-735f891f2262/v1/stream/2_38089_bal_sea_2019_b_condensed_1_4500_pc.mp4.m3u8?hdntl=exp=1571792260~acl=%2f*~data=hdntl~hmac=22eb162962b879b3888b76e53e4a9cf722009b20cf5982ec4e021f55c98d2803</link>
<thumbnail></thumbnail>
</item>



<item>
<title>PATS VS JETS</title>
<link>https://pvxumpmf2yepr6qzx1pu.s4ap.com/temp/fb/bitrate.m3u8?u=neuclnlds193.akamaized.net/nlds_vod/nfl/vod/2019/10/21/38091/4a10ba67-eca7-423c-a112-4c5c87f78fa3/v1/stream/2_38091_ne_nyj_2019_b_condensed_1_4500_pc.mp4.m3u8?hdntl=exp=1571809517~acl=%2f*~data=hdntl~hmac=77bffb35f358ce68a12ec15a4bf1f40915a64805c983a4eaaaf25c54f82eee2f</link>
<thumbnail></thumbnail>
</item>



<dir>
<title>*********************WEEK 7*********************</title>
<link></link>
<thumbnail>https://lh3.googleusercontent.com/woY0IgwCZ8LgK-5gssskW78CS_0IKtcmRLsQn97ygtDDD6-unYpjHkOGj3lF7h7C2IOj</thumbnail>
<fanart></fanart>
</dir>


<dir>
<title>*********************WEEK 6*********************</title>
<link></link>
<thumbnail>https://lh3.googleusercontent.com/woY0IgwCZ8LgK-5gssskW78CS_0IKtcmRLsQn97ygtDDD6-unYpjHkOGj3lF7h7C2IOj</thumbnail>
<fanart></fanart>
</dir>

<item>
<title>[COLORwhite]Cinncinati Bengals vs Baltimore Ravens[/COLOR]</title>
<link>https://ok.ru/video/1169252944420</link>
<thumbnail>https://i.imgur.com/YBINvNW.jpg</thumbnail>
<fanart>https://www.norebbo.com/wp-content/uploads/2014/01/nfl_logo_background_field.jpg</fanart>
</item>

<item>
<title>[COLORwhite]Minnesota Vikings vs Philadelphia Eagles[/COLOR]</title>
<link>https://ok.ru/video/1169233283620</link>
<thumbnail>https://i.imgur.com/YBINvNW.jpg</thumbnail>
<fanart>https://www.norebbo.com/wp-content/uploads/2014/01/nfl_logo_background_field.jpg</fanart>
</item>

<item>
<title>[COLORwhite]Miami Dolphins vs Washington Redskins[/COLOR]</title>
<link>https://ok.ru/video/1169233414692</link>
<thumbnail>https://i.imgur.com/YBINvNW.jpg</thumbnail>
<fanart>https://www.norebbo.com/wp-content/uploads/2014/01/nfl_logo_background_field.jpg</fanart>
</item>

<item>
<title>[COLORwhite]Kansas City Chiefs vs Houston Texans[/COLOR]</title>
<link>https://ok.ru/video/1169246784036</link>
<thumbnail>https://i.imgur.com/YBINvNW.jpg</thumbnail>
<fanart>https://www.norebbo.com/wp-content/uploads/2014/01/nfl_logo_background_field.jpg</fanart>
</item>

<item>
<title>[COLORwhite]Cleveland Browns vs Seattle Seahawks[/COLOR]</title>
<link>https://ok.ru/video/1169233349156</link>
<thumbnail>https://i.imgur.com/YBINvNW.jpg</thumbnail>
<fanart>https://www.norebbo.com/wp-content/uploads/2014/01/nfl_logo_background_field.jpg</fanart>
</item>

<item>
<title>[COLORwhite]Jacksonville Jaguars vs New Orleans Saints[/COLOR]</title>
<link>https://ok.ru/video/1169233218084</link>
<thumbnail>https://i.imgur.com/YBINvNW.jpg</thumbnail>
<fanart>https://www.norebbo.com/wp-content/uploads/2014/01/nfl_logo_background_field.jpg</fanart>
</item>

<item>
<title>[COLORwhite]Los Angeles Rams vs San Francisco 49ers[/COLOR]</title>
<link>https://ok.ru/video/1169665362468</link>
<thumbnail>https://i.imgur.com/YBINvNW.jpg</thumbnail>
<fanart>https://www.norebbo.com/wp-content/uploads/2014/01/nfl_logo_background_field.jpg</fanart>
</item>

<item>
<title>[COLORwhite]Arizona Cardinals vs Atlanta Falcons[/COLOR]</title>
<link>https://ok.ru/video/1169680370212</link>
<thumbnail>https://i.imgur.com/YBINvNW.jpg</thumbnail>
<fanart>https://www.norebbo.com/wp-content/uploads/2014/01/nfl_logo_background_field.jpg</fanart>
</item>

<item>
<title>[COLORwhite]New York Jets vs Dallas Cowboys[/COLOR]</title>
<link>https://ok.ru/video/1169670605348</link>
<thumbnail>https://i.imgur.com/YBINvNW.jpg</thumbnail>
<fanart>https://www.norebbo.com/wp-content/uploads/2014/01/nfl_logo_background_field.jpg</fanart>
</item>

<item>
<title>[COLORwhite]Denver Broncos vs Tennessee Titans[/COLOR]</title>
<link>https://ok.ru/video/1169680435748</link>
<thumbnail>https://i.imgur.com/YBINvNW.jpg</thumbnail>
<fanart>https://www.norebbo.com/wp-content/uploads/2014/01/nfl_logo_background_field.jpg</fanart>
</item>

<item>
<title>[COLORwhite]Los Angeles Chargers vs Pittsburgh Steelers[/COLOR]</title>
<link>https://ok.ru/video/1169665362468</link>
<thumbnail>https://i.imgur.com/YBINvNW.jpg</thumbnail>
<fanart>https://www.norebbo.com/wp-content/uploads/2014/01/nfl_logo_background_field.jpg</fanart>
</item>

<item>
<title>[COLORwhite]Tampa Bay vs Carolina[/COLOR]</title>
<link>https://ok.ru/video/1169171876388</link>
<thumbnail>https://i.imgur.com/YBINvNW.jpg</thumbnail>
<fanart>https://www.norebbo.com/wp-content/uploads/2014/01/nfl_logo_background_field.jpg</fanart>
</item>

<item>
<title>[COLORwhite]Giants vs New England[/COLOR]</title>
<link>https://ok.ru/video/1166976879140</link>
<thumbnail>https://i.imgur.com/YBINvNW.jpg</thumbnail>
<fanart>https://www.norebbo.com/wp-content/uploads/2014/01/nfl_logo_background_field.jpg</fanart>
</item>



<dir>
<title>*********************WEEK 6*********************</title>
<link></link>
<thumbnail>https://lh3.googleusercontent.com/woY0IgwCZ8LgK-5gssskW78CS_0IKtcmRLsQn97ygtDDD6-unYpjHkOGj3lF7h7C2IOj</thumbnail>
<fanart></fanart>
</dir>


<dir>
<title>*********************WEEK 5*********************</title>
<link></link>
<thumbnail>https://lh3.googleusercontent.com/woY0IgwCZ8LgK-5gssskW78CS_0IKtcmRLsQn97ygtDDD6-unYpjHkOGj3lF7h7C2IOj</thumbnail>
<fanart></fanart>
</dir>

<item>
<title>Browns vs 49ERS</title>
<link>https://pvxumpmf2yepr6qzx1pu.s4ap.com/temp/fb/bitrate.m3u8?u=neuclnlds193.akamaized.net/nlds_vod/nfl/vod/2019/10/07/38063/4e9674ea-7edb-4ba7-87f4-72489d12c481/v1/stream/2_38063_cle_sf_2019_b_condensed_1_4500_pc.mp4.m3u8?hdntl=exp=1570685244~acl=%2f*~data=hdntl~hmac=d3d4dc276d14e0fc0d3c13d597553b3e2c6a45755d340ec584ae40b4012a04d5</link>
<thumbnail></thumbnail>
</item>


<item>
<title>Rams vs Seahawks</title>
<link>https://pvxumpmf2yepr6qzx1pu.s4ap.com/temp/fb/bitrate.m3u8?u=neuclnlds193.akamaized.net/nlds_vod/nfl/vod/2019/10/03/38049/e7c5b67f-b3fa-4a66-aa0c-cc79b6af9319/v1/stream/2_38049_la_sea_2019_b_condensed_1_4500_pc.mp4.m3u8?hdntl=exp=1570513690~acl=%2f*~data=hdntl~hmac=94211f4542a5e89ec55c6f72fcdffcdc7988baab22b43e8e9f42b8b1e7f1ef5e</link>
<thumbnail></thumbnail>
</item>

<item>
<title>Jags vs Panthers</title>
<link>https://pvxumpmf2yepr6qzx1pu.s4ap.com/temp/fb/bitrate.m3u8?u=neuclnlds329.akamaized.net/nlds_vod/nfl/vod/2019/10/06/38058/f256150b-5467-4018-930b-0d7e7446ba64/v1/stream/2_38058_jax_car_2019_b_condensed_1_4500_pc.mp4.m3u8?hdntl=exp=1570485910~acl=%2f*~data=hdntl~hmac=d17ffb23fdbcf083dc035b5fdcdfb081d0d0b94952295a5ebd949d67b16990a7</link>
<thumbnail></thumbnail>
</item>

<item>
<title>Cardinals Vs Bengals</title>
<link>https://pvxumpmf2yepr6qzx1pu.s4ap.com/temp/fb/bitrate.m3u8?u=neuclnlds193.akamaized.net/nlds_vod/nfl/vod/2019/10/06/38055/1d5296fd-d935-40b2-9c85-7d1123dd9811/v1/stream/2_38055_ari_cin_2019_b_condensed_1_4500_pc.mp4.m3u8?hdntl=exp=1570485917~acl=%2f*~data=hdntl~hmac=99ba14c7f8a70c0e153f83e2f4f69bdea8e1a13566be3ec6be424e944297bb5e</link>
<thumbnail></thumbnail>
</item>

<item>
<title>Falcons vs Texans</title>
<link>https://pvxumpmf2yepr6qzx1pu.s4ap.com/temp/fb/bitrate.m3u8?u=neuclnlds329.akamaized.net/nlds_vod/nfl/vod/2019/10/06/38051/c5a3b768-b910-43f1-ad17-66f6308bd6a6/v1/stream/2_38051_atl_hou_2019_b_condensed_1_4500_pc.mp4.m3u8?hdntl=exp=1570485922~acl=%2f*~data=hdntl~hmac=e06ebd863ac4ce3ab8d3d81683056699ba60d2350976aa742977c8b283aaf63b</link>
<thumbnail></thumbnail>
</item>

<item>
<title>Bucs vs Saints</title>
<link>https://pvxumpmf2yepr6qzx1pu.s4ap.com/temp/fb/bitrate.m3u8?u=neuclnlds193.akamaized.net/nlds_vod/nfl/vod/2019/10/06/38059/bbe4e547-fb53-46b5-b969-bb9c5f04f2f5/v1/stream/2_38059_tb_no_2019_b_condensed_1_4500_pc.mp4.m3u8?hdntl=exp=1570485930~acl=%2f*~data=hdntl~hmac=5a3dff5a46680679a33af0037d00c938229474eb745aca008cb55a07324b84cf</link>
<thumbnail></thumbnail>
</item>

<item>
<title>Vikings vs Giants</title>
<link>https://pvxumpmf2yepr6qzx1pu.s4ap.com/temp/fb/bitrate.m3u8?u=neuclnlds329.akamaized.net/nlds_vod/nfl/vod/2019/10/06/38057/8fa7620b-e992-4dd4-9847-8a815a24493d/v1/stream/2_38057_min_nyg_2019_b_condensed_1_4500_pc.mp4.m3u8?hdntl=exp=1570485935~acl=%2f*~data=hdntl~hmac=bd566d33e58f9b446dd1ac14f479546a1b8e7b37d2b41766fc9c136450b61f4e</link>
<thumbnail></thumbnail>
</item>

<item>
<title>Bears vs Raiders</title>
<link>https://pvxumpmf2yepr6qzx1pu.s4ap.com/temp/fb/bitrate.m3u8?u=neuclnlds193.akamaized.net/nlds_vod/nfl/vod/2019/10/06/38056/0441cdcd-3405-48b9-a29b-4817a2439235/v1/stream/2_38056_chi_oak_2019_b_condensed_1_4500_pc.mp4.m3u8?hdntl=exp=1570485940~acl=%2f*~data=hdntl~hmac=7f7e98b621499d744f550b61908b854b2f05ef0678ad2d21d3d7230b2d7d367c</link>
<thumbnail></thumbnail>
</item>

<item>
<title>Jets Vs Eagles</title>
<link>https://pvxumpmf2yepr6qzx1pu.s4ap.com/temp/fb/bitrate.m3u8?u=neuclnlds193.akamaized.net/nlds_vod/nfl/vod/2019/10/06/38050/351b8a95-57d9-4386-a2b9-36f1223afe52/v1/stream/2_38050_nyj_phi_2019_b_condensed_1_4500_pc.mp4.m3u8?hdntl=exp=1570485944~acl=%2f*~data=hdntl~hmac=ef6b49ef08f8fdca4fb618f8273c575f0528e518eb3f30fbf4a192a8e98398ea</link>
<thumbnail></thumbnail>
</item>

<item>
<title>Ravens vs Steelers</title>
<link>https://pvxumpmf2yepr6qzx1pu.s4ap.com/temp/fb/bitrate.m3u8?u=neuclnlds193.akamaized.net/nlds_vod/nfl/vod/2019/10/06/38052/fd27e0be-a02f-4db6-a083-59ea83e202e9/v3/stream/2_38052_bal_pit_2019_b_condensed_3_4500_pc.mp4.m3u8?hdntl=exp=1570563701~acl=%2f*~data=hdntl~hmac=2fcfa369b89b296d2d75216034eb74d57047bb99369f6486fdee8ca82fe4a56d</link>
<thumbnail></thumbnail>
</item>

<item>
<title>Bills Vs Titans</title>
<link>https://pvxumpmf2yepr6qzx1pu.s4ap.com/temp/fb/bitrate.m3u8?u=neuclnlds193.akamaized.net/nlds_vod/nfl/vod/2019/10/06/38054/0e2eaa1d-99c6-4693-bb53-221c2cd44439/v1/stream/2_38054_buf_ten_2019_b_condensed_1_4500_pc.mp4.m3u8?hdntl=exp=1570492516~acl=%2f*~data=hdntl~hmac=be8f505cd72e0d3cbea80b37fffa86eb5756db70e590965b2bb42970e758f96b</link>
<thumbnail></thumbnail>
</item>

<item>
<title>Patriots vs Redskins</title>
<link>https://pvxumpmf2yepr6qzx1pu.s4ap.com/temp/fb/bitrate.m3u8?u=neuclnlds329.akamaized.net/nlds_vod/nfl/vod/2019/10/06/38053/c7cee910-cbb6-4d78-b660-7aa6cdbbed5a/v1/stream/2_38053_ne_was_2019_b_condensed_1_4500_pc.mp4.m3u8?hdntl=exp=1570485959~acl=%2f*~data=hdntl~hmac=4596e3996c44a34c1f1ef52cc5e098c382b464fb0deaef9ff868957c3db533bb</link>
<thumbnail></thumbnail>
</item>

<item>
<title>Broncos vs Chargers</title>
<link>https://pvxumpmf2yepr6qzx1pu.s4ap.com/temp/fb/bitrate.m3u8?u=neuclnlds193.akamaized.net/nlds_vod/nfl/vod/2019/10/06/38060/2a5a04a9-4874-49c5-85bc-796ba1af1796/v1/stream/2_38060_den_lac_2019_b_condensed_1_4500_pc.mp4.m3u8?hdntl=exp=1570496788~acl=%2f*~data=hdntl~hmac=044a495ed21420d6f06937f7b2220e661bc1427511c8be9d7e06e6ca7706eca2</link>
<thumbnail></thumbnail>
</item>


<item>
<title>Packers Vs Cowboys</title>
<link>https://pvxumpmf2yepr6qzx1pu.s4ap.com/temp/fb/bitrate.m3u8?u=neuclnlds193.akamaized.net/nlds_vod/nfl/vod/2019/10/06/38061/171c28a8-f7d0-4c44-b679-d2ced63e223d/v1/stream/2_38061_gb_dal_2019_b_condensed_1_4500_pc.mp4.m3u8?hdntl=exp=1570502148~acl=%2f*~data=hdntl~hmac=ce66e6f7e587b1c0e022e8d4efba111f602bae49e9e4fdadf0a0bf0950f3b616</link>
<thumbnail></thumbnail>
</item>

<item>
<title>Colts vs Chiefs</title>
<link>https://pvxumpmf2yepr6qzx1pu.s4ap.com/temp/fb/bitrate.m3u8?u=neuclnlds193.akamaized.net/nlds_vod/nfl/vod/2019/10/06/38062/7a23e970-2ec6-414f-a757-608df31154d8/v1/stream/2_38062_ind_kc_2019_b_condensed_1_4500_pc.mp4.m3u8?hdntl=exp=1570563729~acl=%2f*~data=hdntl~hmac=40c33717b176a6a5ec55ba76bb90f28978d311af0f05981f428b034c334e01aa</link>
<thumbnail></thumbnail>
</item>




<dir>
<title>*********************WEEK 5*********************</title>
<link></link>
<thumbnail>https://lh3.googleusercontent.com/woY0IgwCZ8LgK-5gssskW78CS_0IKtcmRLsQn97ygtDDD6-unYpjHkOGj3lF7h7C2IOj</thumbnail>
<fanart></fanart>
</dir>


<dir>
<title>*********************WEEK 4*********************</title>
<link></link>
<thumbnail>https://lh3.googleusercontent.com/woY0IgwCZ8LgK-5gssskW78CS_0IKtcmRLsQn97ygtDDD6-unYpjHkOGj3lF7h7C2IOj</thumbnail>
<fanart></fanart>
</dir>

<item>
<title>[COLORgold]Bengals vs Steelers[/COLOR]</title>
<link>https://ok.ru/video/1454686210574</link>
<thumbnail>https://i.imgur.com/YBINvNW.jpg</thumbnail>
<fanart>https://www.norebbo.com/wp-content/uploads/2014/01/nfl_logo_background_field.jpg</fanart>
</item>

<item>
<title>[COLORgold]Bucs vs Rams[/COLOR]</title>
<link>https://ok.ru/video/1453060000270</link>
<thumbnail>https://i.imgur.com/YBINvNW.jpg</thumbnail>
<fanart>https://www.norebbo.com/wp-content/uploads/2014/01/nfl_logo_background_field.jpg</fanart>
</item>

<item>
<title>[COLORgold]Chargers vs Dolphins[/COLOR]</title>
<link>https://ok.ru/video/1453059934734</link>
<thumbnail>https://i.imgur.com/YBINvNW.jpg</thumbnail>
<fanart>https://www.norebbo.com/wp-content/uploads/2014/01/nfl_logo_background_field.jpg</fanart>
</item>

<item>
<title>[COLORgold]Carolina vs Texans[/COLOR]</title>
<link>https://ok.ru/video/1453058951694</link>
<thumbnail>https://i.imgur.com/YBINvNW.jpg</thumbnail>
<fanart>https://www.norebbo.com/wp-content/uploads/2014/01/nfl_logo_background_field.jpg</fanart>
</item>

<item>
<title>[COLORgold]Bears vs Vikings[/COLOR]</title>
<link>https://ok.ru/video/1453059017230</link>
<thumbnail>https://i.imgur.com/YBINvNW.jpg</thumbnail>
<fanart>https://www.norebbo.com/wp-content/uploads/2014/01/nfl_logo_background_field.jpg</fanart>
</item>

<item>
<title>[COLORgold]Pats vs Bills[/COLOR]</title>
<link>https://ok.ru/video/1453020023310</link>
<thumbnail>https://i.imgur.com/YBINvNW.jpg</thumbnail>
<fanart>https://www.norebbo.com/wp-content/uploads/2014/01/nfl_logo_background_field.jpg</fanart>
</item>

<item>
<title>[COLORgold]Cowboys vs Saints[/COLOR]</title>
<link>https://ok.ru/video/1453016091150</link>
<thumbnail>https://i.imgur.com/YBINvNW.jpg</thumbnail>
<fanart>https://www.norebbo.com/wp-content/uploads/2014/01/nfl_logo_background_field.jpg</fanart>
</item>

<item>
<title>[COLORgold]Falcons vs Titans[/COLOR]</title>
<link>https://ok.ru/video/1452995774990</link>
<thumbnail>https://i.imgur.com/YBINvNW.jpg</thumbnail>
<fanart>https://www.norebbo.com/wp-content/uploads/2014/01/nfl_logo_background_field.jpg</fanart>
</item>

<item>
<title>[COLORgold]Seahawks vs Cardinals[/COLOR]</title>
<link>https://ok.ru/video/1452985879054</link>
<thumbnail>https://i.imgur.com/YBINvNW.jpg</thumbnail>
<fanart>https://www.norebbo.com/wp-content/uploads/2014/01/nfl_logo_background_field.jpg</fanart>
</item>

<item>
<title>[COLORgold]Kansas City vs Lions[/COLOR]</title>
<link>https://ok.ru/video/1452982405646</link>
<thumbnail>https://i.imgur.com/YBINvNW.jpg</thumbnail>
<fanart>https://www.norebbo.com/wp-content/uploads/2014/01/nfl_logo_background_field.jpg</fanart>
</item>

<item>
<title>[COLORgold]Jaguars vs Broncos[/COLOR]</title>
<link>https://ok.ru/video/1452976114190</link>
<thumbnail>https://i.imgur.com/YBINvNW.jpg</thumbnail>
<fanart>https://www.norebbo.com/wp-content/uploads/2014/01/nfl_logo_background_field.jpg</fanart>
</item>

<item>
<title>[COLORgold]Browns vs Ravens[/COLOR]</title>
<link>https://ok.ru/video/1452976048654</link>
<thumbnail>https://i.imgur.com/YBINvNW.jpg</thumbnail>
<fanart>https://www.norebbo.com/wp-content/uploads/2014/01/nfl_logo_background_field.jpg</fanart>
</item>

<item>
<title>[COLORgold]Raiders vs Colts[/COLOR]</title>
<link>https://ok.ru/video/1452965497358</link>
<thumbnail>https://i.imgur.com/YBINvNW.jpg</thumbnail>
<fanart>https://www.norebbo.com/wp-content/uploads/2014/01/nfl_logo_background_field.jpg</fanart>
</item>

<item>
<title>[COLORgold]Giants vs Redskins[/COLOR]</title>
<link>https://ok.ru/video/1452965431822</link>
<thumbnail>https://i.imgur.com/YBINvNW.jpg</thumbnail>
<fanart>https://www.norebbo.com/wp-content/uploads/2014/01/nfl_logo_background_field.jpg</fanart>
</item>

<dir>
<title>*********************WEEK 4*********************</title>
<link></link>
<thumbnail>https://lh3.googleusercontent.com/woY0IgwCZ8LgK-5gssskW78CS_0IKtcmRLsQn97ygtDDD6-unYpjHkOGj3lF7h7C2IOj</thumbnail>
<fanart></fanart>
</dir>



<dir>
<title>*********************WEEK 3*********************</title>
<link></link>
<thumbnail>https://lh3.googleusercontent.com/woY0IgwCZ8LgK-5gssskW78CS_0IKtcmRLsQn97ygtDDD6-unYpjHkOGj3lF7h7C2IOj</thumbnail>
<fanart></fanart>
</dir>

<item>
<title>DOLPHINS VS COWBOYS</title>
<link>https://pvxumpmf2yepr6qzx1pu.s4ap.com/temp/fb/bitrate.m3u8?u=neuclnlds193.akamaized.net/nlds_vod/nfl/vod/2019/09/22/38024/87242034-ddce-4a15-8a2e-48cb267d476f/v1/stream/2_38024_mia_dal_2019_b_condensed_1_4500_pc.mp4.m3u8?hdntl=exp=1569277570~acl=%2f*~data=hdntl~hmac=475886594bdb723d2b22ddc6d2d93034b570f3a7438413bc6aa74e431d055a42</link>
<thumbnail></thumbnail>
</item>

<item>
<title>BENGALS VS BILLS</title>
<link>https://pvxumpmf2yepr6qzx1pu.s4ap.com/temp/fb/bitrate.m3u8?u=neuclnlds193.akamaized.net/nlds_vod/nfl/vod/2019/09/22/38020/c9d59909-4463-4d4a-afc7-c5b80c36f130/v1/stream/2_38020_cin_buf_2019_b_condensed_1_800_pc.mp4.m3u8?hdntl=exp=1569282519~acl=%2f*~data=hdntl~hmac=044de4bc54146b9f18cb1849664365caa87295fd0fec6bb5217761c808ca4072</link>
<thumbnail></thumbnail>
</item>

<item>
<title>BRONCOS VS PACKERS</title>
<link>https://pvxumpmf2yepr6qzx1pu.s4ap.com/temp/fb/bitrate.m3u8?u=neuclnlds193.akamaized.net/nlds_vod/nfl/vod/2019/09/22/38026/ffdc9af8-d815-4885-b601-b7f1798b223f/v1/stream/2_38026_den_gb_2019_b_condensed_1_4500_pc.mp4.m3u8?hdntl=exp=1569461247~acl=%2f*~data=hdntl~hmac=eb3911a650262f3eaf5a8783c92545d42673ba638f73feeec39f8bef0da2b81b</link>
<thumbnail></thumbnail>
</item>

<item>
<title>FALCONS VS COLTS</title>
<link>https://pvxumpmf2yepr6qzx1pu.s4ap.com/temp/fb/bitrate.m3u8?u=neuclnlds193.akamaized.net/nlds_vod/nfl/vod/2019/09/22/38025/b908776b-6fec-4ed2-a44f-a3f45a539695/v1/stream/2_38025_atl_ind_2019_b_condensed_1_4500_pc.mp4.m3u8?hdntl=exp=1569476065~acl=%2f*~data=hdntl~hmac=2e842f5f765c33b30918a4e7129068cef191d9bfdfa57cd4412d0fe85164d54d</link>
<thumbnail></thumbnail>
</item>

<item>
<title>RAVENS VS CHIEFS</title>
<link>https://pvxumpmf2yepr6qzx1pu.s4ap.com/temp/fb/bitrate.m3u8?u=neuclnlds193.akamaized.net/nlds_vod/nfl/vod/2019/09/22/38023/5e258e4a-072e-4b7d-9fac-05d391444165/v1/stream/2_38023_bal_kc_2019_b_whole_1_4500_pc.mp4.m3u8?hdntl=exp=1569487104~acl=%2f*~data=hdntl~hmac=88ba21c076ee4438fe61055cd9ca06d8d1b9e9f97c8afa750926bc3ee4d5f9fc</link>
<thumbnail></thumbnail>
</item>

<item>
<title>RAIDERS VS VIKINGS</title>
<link>https://pvxumpmf2yepr6qzx1pu.s4ap.com/temp/fb/bitrate.m3u8?u=neuclnlds193.akamaized.net/nlds_vod/nfl/vod/2019/09/22/38019/1fb1c30b-0bd4-4dad-b56c-da18729c9cdd/v1/stream/2_38019_oak_min_2019_b_condensed_1_4500_pc.mp4.m3u8?hdntl=exp=1569463700~acl=%2f*~data=hdntl~hmac=a79ba1f45a5f9a0da46b4606607e9c88b2e31e6e69d6bc91d93349751b9311f2</link>
<thumbnail></thumbnail>
</item>

<item>
<title>JETS VS PATRIOTS</title>
<link>https://pvxumpmf2yepr6qzx1pu.s4ap.com/temp/fb/bitrate.m3u8?u=neuclnlds193.akamaized.net/nlds_vod/nfl/vod/2019/09/22/38021/91052bfb-815b-4bba-b53a-ee51ac702361/v1/stream/2_38021_nyj_ne_2019_b_condensed_1_4500_pc.mp4.m3u8?hdntl=exp=1569451073~acl=%2f*~data=hdntl~hmac=816e04dd1ea765128fbed298d0b78a826bccc320d2bc9783ee515f1bca628d74</link>
<thumbnail></thumbnail>
</item>

<item>
<title>LIONS VS EAGLES</title>
<link>https://pvxumpmf2yepr6qzx1pu.s4ap.com/temp/fb/bitrate.m3u8?u=neuclnlds193.akamaized.net/nlds_vod/nfl/vod/2019/09/22/38022/219fa556-4d01-46e7-8595-724e0a8cc25f/v1/stream/2_38022_det_phi_2019_b_condensed_1_4500_pc.mp4.m3u8?hdntl=exp=1569457567~acl=%2f*~data=hdntl~hmac=29424187485e41ee15dcc4140de4e941c42db35ae3a10451fb4b7406f8ab5ada</link>
<thumbnail></thumbnail>
</item>

<item>
<title>PANTHERS VS CARDINALS</title>
<link>https://pvxumpmf2yepr6qzx1pu.s4ap.com/temp/fb/bitrate.m3u8?u=neuclnlds193.akamaized.net/nlds_vod/nfl/vod/2019/09/22/38028/ebc0c48f-8d73-4b24-91f9-ba977a3901a1/v1/stream/2_38028_car_ari_2019_b_condensed_1_4500_pc.mp4.m3u8?hdntl=exp=1569497830~acl=%2f*~data=hdntl~hmac=9e2e04b407150999a17206ab339fb1bffa873b8c1281565c73f6026e18456ad6</link>
<thumbnail></thumbnail>
</item>

<item>
<title>GIANTS VS BUCS</title>
<link>https://pvxumpmf2yepr6qzx1pu.s4ap.com/temp/fb/bitrate.m3u8?u=neuclnlds193.akamaized.net/nlds_vod/nfl/vod/2019/09/22/38027/229f442f-4fdd-4d90-bf13-71949faa4400/v1/stream/2_38027_nyg_tb_2019_b_condensed_1_4500_pc.mp4.m3u8?hdntl=exp=1569467553~acl=%2f*~data=hdntl~hmac=769851f660671aa03e81747bedce3318416251df7c2ea1007b6d8d1c372e8291</link>
<thumbnail></thumbnail>
</item>

<item>
<title>TEXANS VS CHARGERS</title>
<link>https://pvxumpmf2yepr6qzx1pu.s4ap.com/temp/fb/bitrate.m3u8?u=neuclnlds193.akamaized.net/nlds_vod/nfl/vod/2019/09/22/38030/cae83519-42d5-485a-a114-b5ea267172cf/v1/stream/2_38030_hou_lac_2019_b_condensed_1_4500_pc.mp4.m3u8?hdntl=exp=1569469813~acl=%2f*~data=hdntl~hmac=6e7fc463da0fcc07a015e82f176ba2a492213f5058393a686df6de60156cf3c4</link>
<thumbnail></thumbnail>
</item>


<item>
<title>SAINTS VS SEAHAWKS</title>
<link>https://pvxumpmf2yepr6qzx1pu.s4ap.com/temp/fb/bitrate.m3u8?u=neuclnlds193.akamaized.net/nlds_vod/nfl/vod/2019/09/22/38029/f7767991-96e5-419a-8778-bea501fe5158/v1/stream/2_38029_no_sea_2019_b_condensed_1_4500_pc.mp4.m3u8?hdntl=exp=1569460261~acl=%2f*~data=hdntl~hmac=2eeb31cc63b2bbb78f143bfefa5d36d994889da472918e078d7ffa5587f22fef</link>
<thumbnail></thumbnail>
</item>

<item>
<title>STEELERS VS 49ERS</title>
<link>https://pvxumpmf2yepr6qzx1pu.s4ap.com/temp/fb/bitrate.m3u8?u=neuclnlds193.akamaized.net/nlds_vod/nfl/vod/2019/09/22/38031/520f2b29-4be0-43c4-b74f-0130460ce39a/v1/stream/2_38031_pit_sf_2019_b_condensed_1_4500_pc.mp4.m3u8?hdntl=exp=1569460650~acl=%2f*~data=hdntl~hmac=94377e3a6b78e30f274faf1ca47d1c99fb6d2eb6b3fe98344abc1ab35c340161</link>
<thumbnail></thumbnail>
</item>

<item>
<title>BROWNS VS RAMS</title>
<link>https://pvxumpmf2yepr6qzx1pu.s4ap.com/temp/fb/bitrate.m3u8?u=neuclnlds193.akamaized.net/nlds_vod/nfl/vod/2019/09/22/38032/d7ffb0b0-7f9c-4bf7-bd1a-c66188415cee/v1/stream/2_38032_la_cle_2019_b_condensed_1_4500_pc.mp4.m3u8?hdntl=exp=1569478110~acl=%2f*~data=hdntl~hmac=ef76b82ab1dadf3703f4519dc651260207c1420f542ff27de880875f1123330e</link>
<thumbnail></thumbnail>
</item>

<item>
<title>BEARS VS REDSKINS</title>
<link>https://pvxumpmf2yepr6qzx1pu.s4ap.com/temp/fb/bitrate.m3u8?u=neuclnlds193.akamaized.net/nlds_vod/nfl/vod/2019/09/23/38033/672ddafb-17b2-49df-bb88-3bdf72baa48c/v2/stream/2_38033_chi_was_2019_b_condensed_2_4500_pc.mp4.m3u8?hdntl=exp=1569510325~acl=%2f*~data=hdntl~hmac=9b54a0dbf06226cb1b8467e931abb3ecbd6e809a27a2c0ab3576fdf548261da1</link>
<thumbnail></thumbnail>
</item>


<item>
<title>Titan Vs Jags</title>
<link>https://pvxumpmf2yepr6qzx1pu.s4ap.com/temp/fb/bitrate.m3u8?u=neuclnlds193.akamaized.net/nlds_vod/nfl/vod/2019/09/19/38018/588cce48-415d-48c6-910f-0d3b24ee4ab0/v1/stream/2_38018_ten_jax_2019_b_condensed_1_4500_pc.mp4.m3u8?hdntl=exp=1569046339~acl=%2f*~data=hdntl~hmac=4b4f3de9fe983cd0f753c9aeae2630886027813784d41c35f7a42696618238b1</link>
<thumbnail></thumbnail>
</item>



<dir>
<title>*********************WEEK 3*********************</title>
<link></link>
<thumbnail>https://lh3.googleusercontent.com/woY0IgwCZ8LgK-5gssskW78CS_0IKtcmRLsQn97ygtDDD6-unYpjHkOGj3lF7h7C2IOj</thumbnail>
<fanart></fanart>
</dir>


<dir>
<title>*********************WEEK 2*********************</title>
<link></link>
<thumbnail>https://lh3.googleusercontent.com/woY0IgwCZ8LgK-5gssskW78CS_0IKtcmRLsQn97ygtDDD6-unYpjHkOGj3lF7h7C2IOj</thumbnail>
<fanart></fanart>
</dir>

<item>
<title>Browns Vs Jets</title>
<link>https://pvxumpmf2yepr6qzx1pu.s4ap.com/temp/fb/bitrate.m3u8?u=neuclnlds193.akamaized.net/nlds_vod/nfl/vod/2019/09/16/38017/b3fc47a1-ccdb-4554-8f8f-2430644f2d68/v1/stream/2_38017_cle_nyj_2019_b_condensed_1_4500_pc.mp4.m3u8?hdntl=exp=1568782594~acl=%2f*~data=hdntl~hmac=0c567a87f36cbdad66e15b6c51b21bce02f5bef890c0af9a748a0ef04c237cee</link>
<thumbnail></thumbnail>
</item>


<item>
<title>Bucs vs Panthers</title>
<link>https://pvxumpmf2yepr6qzx1pu.s4ap.com/temp/fb/bitrate.m3u8?u=neuclnlds193.akamaized.net/nlds_vod/nfl/vod/2019/09/12/38002/525eaaf7-fb4b-4644-8a6f-2bc62f7649ad/v1/stream/2_38002_tb_car_2019_b_condensed_1_4500_pc.mp4.m3u8?hdntl=exp=1568470058~acl=%2f*~data=hdntl~hmac=2df8970e69673d9ea4ebb8155587a9c62ce341e07d6d7c68879289e1cc680395</link>
<thumbnail></thumbnail>
</item>

<item>
<title>COWBOYS VS REDSKINS</title>
<link>https://pvxumpmf2yepr6qzx1pu.s4ap.com/temp/fb/bitrate.m3u8?u=neuclnlds193.akamaized.net/nlds_vod/nfl/vod/2019/09/15/38009/5582b1f5-8bd5-41ac-9b37-e521353cd765/v1/stream/2_38009_dal_was_2019_b_whole_1_4500_pc.mp4.m3u8?hdntl=exp=1568676332~acl=%2f*~data=hdntl~hmac=85cd900a0261617d24a2c91d9a570bfc852b546a5b3f2659ce82d18f400e1786</link>
<thumbnail></thumbnail>
</item>

<item>
<title>CARDINALS VS RAVENS</title>
<link>https://www.ok.ru/video/1440646433294</link>
<thumbnail></thumbnail>
</item>

<item>
<title>Dolphins vs PAtriots</title>
<link>https://www.ok.ru/video/1440648661518</link>
<thumbnail></thumbnail>
</item>

<item>
<title>New Orleans Saints vs Los Angeles Rams</title>
<link>https://www.ok.ru/video/1440754371086</link>
<thumbnail></thumbnail>
</item>

<item>
<title>Chicago Bears vs Denver Broncos</title>
<link>https://www.ok.ru/video/1440754240014</link>
<thumbnail></thumbnail>
</item>

<item>
<title>Philadelphia Eagles vs Atlanta Falcons</title>
<link>https://www.ok.ru/video/1440754960910</link>
<thumbnail></thumbnail>
</item>

<item>
<title>Kansas City Chiefs vs Oakland Raiders</title>
<link>https://www.ok.ru/video/1440754305550</link>
<thumbnail></thumbnail>
</item>

<item>
<title>Los Angeles Chargers vs Detroit Lions</title>
<link>https://www.ok.ru/video/1440648595982</link>
<thumbnail></thumbnail>
</item>

<item>
<title>Jacksonville Jaguars vs Houston Texans</title>
<link>https://www.ok.ru/video/1440646498830</link>
<thumbnail></thumbnail>
</item>


<item>
<title>Buffalo Bills vs New York Giants</title>
<link>https://www.ok.ru/video/1440646629902</link>
<thumbnail></thumbnail>
</item>

<item>
<title>San Francisco 49ers vs Cincinnati Bengals</title>
<link>https://www.ok.ru/video/1440648858126</link>
<thumbnail></thumbnail>
</item>


<item>
<title>Indianapolis Colts vs Tennessee Titans</title>
<link>https://www.ok.ru/video/1440646695438</link>
<thumbnail></thumbnail>
</item>





<dir>
<title>*********************WEEK 2*********************</title>
<link></link>
<thumbnail>https://lh3.googleusercontent.com/woY0IgwCZ8LgK-5gssskW78CS_0IKtcmRLsQn97ygtDDD6-unYpjHkOGj3lF7h7C2IOj</thumbnail>
<fanart></fanart>
</dir>


<dir>
<title>*********************WEEK 1*********************</title>
<link></link>
<thumbnail>https://lh3.googleusercontent.com/woY0IgwCZ8LgK-5gssskW78CS_0IKtcmRLsQn97ygtDDD6-unYpjHkOGj3lF7h7C2IOj</thumbnail>
<fanart></fanart>
</dir>


<item>
<title>NYG@DAL</title>
<link>https://cdn2.liveclips.net/2019-01/57911/shortcut/93b7aa13-9b73-428b-b159-d15ec329b84b/rate-6/out_playlist.m3u8</link>
<thumbnail></thumbnail>
</item>




<item>
<title>ATL@MIN</title>
<link>https://cdn2.liveclips.net/2019-01/57905/shortcut/acc026ce-8b72-4e79-8c9c-58cb0139952f/rate-8/out_playlist.m3u8</link>
<thumbnail></thumbnail>
</item>

<item>
<title>KC@JAX</title>
<link>https://cdn2.liveclips.net/2019-01/57903/shortcut/5c60154c-0a3c-49b7-87dc-1480d9eb1b9b/rate-7/out_playlist.m3u8</link>
<thumbnail></thumbnail>
</item>

<item>
<title>CIN@SEA</title>
<link>https://cdn2.liveclips.net/2019-01/57909/shortcut/cb2ba004-5f09-4398-bc34-874f684ce154/rate-8/out_playlist.m3u8</link>
<thumbnail></thumbnail>
</item>

<item>
<title>DET@ARZ</title>
<link>https://cdn2.liveclips.net/2019-01/57910/shortcut/6b01cbbb-7499-44db-a578-a9a780b7f7cb/rate-8/out_playlist.m3u8</link>
<thumbnail></thumbnail>
</item>

<item>
<title>SF@TB</title>
<link>https://cdn2.liveclips.net/2019-01/57912/shortcut/74e03312-a9dc-41b0-9645-f19e68ce84ee/rate-8/out_playlist.m3u8</link>
<thumbnail></thumbnail>
</item>


<item>
<title>BUF@NYJ</title>
<link>https://cdn2.liveclips.net/2019-01/57906/shortcut/8b56949d-ed25-4601-9d2e-8d9ff35f9d1e/rate-7/out_playlist.m3u8</link>
<thumbnail></thumbnail>
</item>

<item>
<title>WAS@PHI</title>
<link>https://cdn2.liveclips.net/2019-01/57907/shortcut/43cab9f5-a4d9-4993-b44e-1459415b57d9/rate-7/out_playlist.m3u8</link>
<thumbnail></thumbnail>
</item>



<item>
<title>RAMS VS PANTHERS</title>
<link>https://cdn2.liveclips.net/2019-01/57901/shortcut/30347a61-ee5b-4ba8-931f-6cc1ea55e1f3/rate-7/out_playlist.m3u8</link>
<thumbnail></thumbnail>
</item>

<dir>
<title>*********************WEEK 1*********************</title>
<link></link>
<thumbnail>https://lh3.googleusercontent.com/woY0IgwCZ8LgK-5gssskW78CS_0IKtcmRLsQn97ygtDDD6-unYpjHkOGj3lF7h7C2IOj</thumbnail>
<fanart></fanart>
</dir>


<item>
<title>Chicago Bears vs Green Bay Packers – Dec 16, 2018</title>
<link>https://ok.ru/video/1351522519729</link>
<thumbnail>http://magnetic.website/Mad%20Titan/icon.png</thumbnail>
<summary></summary>
<fanart></fanart>
</item>



<item>
<title>New York Jets vs Houston Texans – Dec 15, 2018</title>
<link>https://ok.ru/video/1351078578865</link>
<thumbnail>http://magnetic.website/Mad%20Titan/icon.png</thumbnail>
<summary></summary>
<fanart></fanart>
</item>

<item>
<title>Denver Broncos vs Cleveland Browns – Dec 15, 2018</title>
<link>https://ok.ru/video/1351050201777</link>
<thumbnail>http://magnetic.website/Mad%20Titan/icon.png</thumbnail>
<summary></summary>
<fanart></fanart>
</item>

<item>
<title>Kansas City Chiefs vs Los Angeles Chargers – Dec 13, 2018</title>
<link>https://ok.ru/video/1349254318769</link>
<thumbnail>http://magnetic.website/Mad%20Titan/icon.png</thumbnail>
<summary></summary>
<fanart></fanart>
</item>




<item>
<title>San Francisco 49ers vs Denver Broncos – Dec 09, 2018</title>
<link>https://ok.ru/video/1344999000753</link>
<thumbnail>http://magnetic.website/Mad%20Titan/icon.png</thumbnail>
<summary></summary>
<fanart></fanart>
</item>

<item>
<title>Arizona Cardinals vs Detroit Lions – Dec 09, 2018</title>
<link>https://ok.ru/video/1344913738417</link>
<thumbnail>http://magnetic.website/Mad%20Titan/icon.png</thumbnail>
<summary></summary>
<fanart></fanart>
</item>

<item>
<title>Oakland Raiders vs Pittsburgh Steelers – Dec 09, 2018</title>
<link>https://ok.ru/video/1344909347505</link>
<thumbnail>http://magnetic.website/Mad%20Titan/icon.png</thumbnail>
<summary></summary>
<fanart></fanart>
</item>





<item>
<title>Los Angeles Chargers vs Cincinnati Bengals – Dec 09, 2018</title>
<link>https://ok.ru/video/1344906922673</link>
<thumbnail>http://magnetic.website/Mad%20Titan/icon.png</thumbnail>
<summary></summary>
<fanart></fanart>
</item>

<item>
<title>Dallas Cowboys vs Philadelphia Eagles – Dec 09, 2018</title>
<link>https://ok.ru/video/1344883198641</link>
<thumbnail>http://magnetic.website/Mad%20Titan/icon.png</thumbnail>
<summary>Dallas gets passed the  eagles to take first place in the division</summary>
<fanart></fanart>
</item>

<item>
<title>Chicago Bears vs Los Angeles Rams – Dec 09, 2018</title>
<link>https://ok.ru/video/1344875530929</link>
<thumbnail>http://magnetic.website/Mad%20Titan/icon.png</thumbnail>
<summary></summary>
<fanart></fanart>
</item>

<item>
<title>Green Bay Packers vs Atlanta Falcons – Dec 09, 2018</title>
<link>https://ok.ru/video/1344896043697</link>
<thumbnail>http://magnetic.website/Mad%20Titan/icon.png</thumbnail>
<summary></summary>
<fanart></fanart>
</item>

<item>
<title>Cleveland Browns vs Carolina Panthers – Dec 09, 2018</title>
<link>https://ok.ru/video/1344897092273</link>
<thumbnail>http://magnetic.website/Mad%20Titan/icon.png</thumbnail>
<summary></summary>
<fanart></fanart>
</item>

<item>
<title>Buffalo Bills vs New York Jets – Dec 09, 2018</title>
<link>https://ok.ru/video/1344275155633</link>
<thumbnail>http://magnetic.website/Mad%20Titan/icon.png</thumbnail>
<summary></summary>
<fanart></fanart>
</item>

<item>
<title>Kansas City Chiefs vs Baltimore Ravens – Dec 09, 2018</title>
<link>https://ok.ru/video/1344267356849</link>
<thumbnail>http://magnetic.website/Mad%20Titan/icon.png</thumbnail>
<summary></summary>
<fanart></fanart>
</item>


<item>
<title>Houston Texans vs Indianapolis Colts – Dec 09, 2018</title>
<link>https://ok.ru/video/1344267094705</link>
<thumbnail>http://magnetic.website/Mad%20Titan/icon.png</thumbnail>
<summary></summary>
<fanart></fanart>
</item>

<item>
<title>Tampa Bay Buccaneers vs New Orleans Saints – Dec 09, 2018</title>
<link>https://ok.ru/video/1344260475569</link>
<thumbnail>http://magnetic.website/Mad%20Titan/icon.png</thumbnail>
<summary></summary>
<fanart></fanart>
</item>

<item>
<title>Miami Dolphins vs New England Patriots – Dec 09, 2018</title>
<link>https://ok.ru/video/1344236096177</link>
<thumbnail>http://magnetic.website/Mad%20Titan/icon.png</thumbnail>
<summary></summary>
<fanart></fanart>
</item>

<item>
<title>Washington Redskins vs New York Giants – Dec 09, 2018</title>
<link>https://ok.ru/video/1344234261169</link>
<thumbnail>http://magnetic.website/Mad%20Titan/icon.png</thumbnail>
<summary></summary>
<fanart></fanart>
</item>



<item>
<title>Jacksonville Jaguars vs Tennessee Titans – Dec 06, 2018</title>
<link>https://ok.ru/video/1340294630065</link>
<thumbnail>http://magnetic.website/Mad%20Titan/icon.png</thumbnail>
<summary>Thursday Night GAME</summary>
<fanart></fanart>
</item>



<item>
<title>Washington Redskins vs Philadelphia Eagles – Dec 03, 2018</title>
<link>https://ok.ru/video/1336904125105</link>
<thumbnail>http://magnetic.website/Mad%20Titan/icon.png</thumbnail>
<summary>Monday Night GAME</summary>
<fanart></fanart>
</item>






<item>
<title>Houston Texans vs Cleveland Browns – Dec 02, 2018</title>
<link>https://ok.ru/video/1335298099889</link>
<thumbnail>http://magnetic.website/Mad%20Titan/icon.png</thumbnail>
<summary></summary>
<fanart></fanart>
</item>

<item>
<title>Jacksonville Jaguars vs Indianapolis Colts – Dec 02, 2018</title>
<link>https://ok.ru/video/1335311338161</link>
<thumbnail>http://magnetic.website/Mad%20Titan/icon.png</thumbnail>
<summary></summary>
<fanart></fanart>
</item>

<item>
<title>Green Bay Packers vs Arizona Cardinals – Dec 02, 2018</title>
<link>https://ok.ru/video/1335314746033</link>
<thumbnail>http://magnetic.website/Mad%20Titan/icon.png</thumbnail>
<summary></summary>
<fanart></fanart>
</item>

<item>
<title>Chicago Bears vs New York Giants – Dec 02, 2018</title>
<link>https://ok.ru/video/1335317039793</link>
<thumbnail>http://magnetic.website/Mad%20Titan/icon.png</thumbnail>
<summary></summary>
<fanart></fanart>
</item>

<item>
<title>Cincinnati Bengals vs Denver Broncos – Dec 02, 2018</title>
<link>https://ok.ru/video/1335321627313</link>
<thumbnail>http://magnetic.website/Mad%20Titan/icon.png</thumbnail>
<summary></summary>
<fanart></fanart>
</item>

<item>
<title>Los Angeles Rams vs Detroit Lions – Dec 02, 2018</title>
<link>https://ok.ru/video/1335323527857</link>
<thumbnail>http://magnetic.website/Mad%20Titan/icon.png</thumbnail>
<summary></summary>
<fanart></fanart>
</item>

<item>
<title>Atlanta Falcons vs Baltimore Ravens – Dec 02, 2018</title>
<link>https://ok.ru/video/1335324445361</link>
<thumbnail>http://magnetic.website/Mad%20Titan/icon.png</thumbnail>
<summary></summary>
<fanart></fanart>
</item>

<item>
<title>New England Patriots vs Minnesota Vikings – Dec 02, 2018</title>
<link>https://ok.ru/video/1335640853169</link>
<thumbnail>http://magnetic.website/Mad%20Titan/icon.png</thumbnail>
<summary>Game Of The Week</summary>
<fanart></fanart>
</item>

<item>
<title>Pittsburgh Steelers vs Los Angeles Chargers – Dec 02, 2018</title>
<link>https://ok.ru/video/1335651338929</link>
<thumbnail>http://magnetic.website/Mad%20Titan/icon.png</thumbnail>
<summary>Sunday Night Game</summary>
<fanart></fanart>
</item>

<item>
<title>Oakland Raiders vs Kansas City Chiefs – Dec 02, 2018</title>
<link>https://ok.ru/video/1335670344369</link>
<thumbnail>http://magnetic.website/Mad%20Titan/icon.png</thumbnail>
<summary></summary>
<fanart></fanart>
</item>

<item>
<title>Seattle Seahawks vs San Francisco 49ers – Dec 02, 2018</title>
<link>https://ok.ru/video/1335670409905</link>
<thumbnail>http://magnetic.website/Mad%20Titan/icon.png</thumbnail>
<summary></summary>
<fanart></fanart>
</item>

<item>
<title>Tampa Bay Buccaneers vs Carolina Panthers – Dec 02, 2018</title>
<link>https://ok.ru/video/1335677815473</link>
<thumbnail>http://magnetic.website/Mad%20Titan/icon.png</thumbnail>
<summary></summary>
<fanart></fanart>
</item>

<item>
<title>Tennessee Titans vs New York Jets – Dec 02, 2018</title>
<link>https://ok.ru/video/1335696362161</link>
<thumbnail>http://magnetic.website/Mad%20Titan/icon.png</thumbnail>
<summary></summary>
<fanart></fanart>
</item>

<item>
<title>Miami Dolphins vs Buffalo Bills – Dec 02, 2018</title>
<link>https://ok.ru/video/1335710059185</link>
<thumbnail>http://magnetic.website/Mad%20Titan/icon.png</thumbnail>
<summary></summary>
<fanart></fanart>
</item>


<item>
<title>Dallas Cowboys vs New Orleans Saints – Nov 29, 2018</title>
<link>https://ok.ru/video/1331722586801</link>
<thumbnail>http://magnetic.website/Mad%20Titan/icon.png</thumbnail>
<summary></summary>
<fanart></fanart>
</item>




<item>
<title>Houston Texans vs Tennessee Titans – Nov 26, 2018</title>
<link>https://ok.ru/video/1326500547249</link>
<thumbnail>http://magnetic.website/Mad%20Titan/icon.png</thumbnail>
<summary></summary>
<fanart></fanart>
</item>



<item>
<title>Carolina Panthers vs Seattle Seahawks – Nov 25, 2018</title>
<link>https://ok.ru/video/1324582374065</link>
<thumbnail>http://magnetic.website/Mad%20Titan/icon.png</thumbnail>
<summary>Panthers come up short vs the Seahawks</summary>
<fanart></fanart>
</item>

<item>
<title>New York Jets vs New England Patriots – Nov 25, 2018</title>
<link>https://ok.ru/video/1324582439601</link>
<thumbnail>http://magnetic.website/Mad%20Titan/icon.png</thumbnail>
<summary>Rivalry game</summary>
<fanart></fanart>
</item>

<item>
<title>Philadelphia Eagles vs New York Giants – Nov 25, 2018</title>
<link>https://ok.ru/video/1324583488177</link>
<thumbnail>http://magnetic.website/Mad%20Titan/icon.png</thumbnail>
<summary>Rivalry game Eagles come up big to get a much needed Win</summary>
<fanart></fanart>
</item>

<item>
<title>Baltimore Ravens vs Oakland Raiders – Nov 25, 2018</title>
<link>https://ok.ru/video/1324588862129</link>
<thumbnail>http://magnetic.website/Mad%20Titan/icon.png</thumbnail>
<summary>Ravens top the Raiders at home</summary>
<fanart></fanart>
</item>

<item>
<title>Tampa Bay Buccaneers vs San Francisco 49ers – Nov 25, 2018</title>
<link>https://ok.ru/video/1324592990897</link>
<thumbnail>http://magnetic.website/Mad%20Titan/icon.png</thumbnail>
<summary></summary>
<fanart></fanart>
</item>

<item>
<title>Cincinnati Bengals vs Cleveland Browns – Nov 25, 2018</title>
<link>https://ok.ru/video/1324594563761</link>
<thumbnail>http://magnetic.website/Mad%20Titan/icon.png</thumbnail>
<summary></summary>
<fanart></fanart>
</item>

<item>
<title>Buffalo Bills vs Jacksonville Jaguars – Nov 25, 2018</title>
<link>https://ok.ru/video/1324595940017</link>
<thumbnail>http://magnetic.website/Mad%20Titan/icon.png</thumbnail>
<summary></summary>
<fanart></fanart>
</item>

<item>
<title>Minnesota Vikings vs Green Bay Packers – Nov 25, 2018</title>
<link>https://ok.ru/video/1324895505073</link>
<thumbnail></thumbnail>
<summary></summary>
<fanart></fanart>
</item>

<item>
<title>Denver Broncos vs Pittsburgh Steelers – Nov 25, 2018</title>
<link>https://ok.ru/video/1324898781873</link>
<thumbnail></thumbnail>
<summary></summary>
<fanart></fanart>
</item>

<item>
<title>Los Angeles Chargers vs Arizona Cardinals – Nov 25, 2018</title>
<link>https://ok.ru/video/1324918246065</link>
<thumbnail></thumbnail>
<summary></summary>
<fanart></fanart>
</item>

<item>
<title>Indianapolis Colts vs Miami Dolphins – Nov 25, 2018</title>
<link>https://ok.ru/video/1324940135089</link>
<thumbnail></thumbnail>
<summary></summary>
<fanart></fanart>
</item>




<item>
<title>Dallas Cowboys vs Washington Redskins – Nov 22, 2018</title>
<link>https://ok.ru/video/1321536457393</link>
<thumbnail></thumbnail>
<summary>Cowboys D comes up big</summary>
<fanart></fanart>
</item>

<item>
<title>New Orleans Saints vs Arizona Cardinals – Nov 22, 2018</title>
<link>https://ok.ru/video/1321541503665</link>
<thumbnail></thumbnail>
<summary>Saints Continue their hot streak</summary>
<fanart></fanart>
</item>


<item>
<title>Detroit Lions vs Chicago Bears – Nov 22, 2018</title>
<link>https://ok.ru/video/1321531345585</link>
<thumbnail></thumbnail>
<summary>ThanksGiving football games</summary>
<fanart></fanart>
</item>




<item>
   <title>Los Angeles Rams vs Kansas City Chiefs – Nov 19, 2018</title>
   <link>https://ok.ru/video/1316441426609</link>
   <thumbnail></thumbnail>
   <summary>Game of the year by far!! 3rd highest game in NFL history</summary>
   <fanart></fanart>
</item>





<item>
   <title>Cowboys vs Falcons 11-18-2018</title>
   <link>https://ok.ru/video/1313523894961</link>
   <thumbnail></thumbnail>
   <summary>Cowboys Steal a W in Atl</summary>
   <fanart></fanart>
</item>

<item>
   <title>Steelers vs Jaguars 11-18-2018</title>
   <link>https://ok.ru/video/1313525664433</link>
   <thumbnail></thumbnail>
   <summary>Big Ben and the steelers come back from 16 points to beat the Jags</summary>
   <fanart></fanart>
</item>

<item>
   <title>Texans Vs Redskins 11-18-2018</title>
   <link>https://ok.ru/video/1313526319793</link>
   <thumbnail></thumbnail>
   <summary></summary>
   <fanart></fanart>
</item>

<item>
   <title>Detroit Lions vs Carolina Panthers – Nov 18, 2018</title>
   <link>https://ok.ru/video/1313533266609</link>
   <thumbnail></thumbnail>
   <summary>Panthers fall short vs the Lions</summary>
   <fanart></fanart>
</item>

<item>
   <title>Indianapolis Colts vs Tennessee Titans – Nov 18, 2018</title>
   <link>https://ok.ru/video/1313534708401</link>
   <thumbnail></thumbnail>
   <summary>Luck leads the Colts to a Win</summary>
   <fanart></fanart>
</item>

<item>
   <title>New York Giants vs Tampa Bay Buccaneers – Nov 18, 2018</title>
   <link>https://ok.ru/video/1313535756977</link>
   <thumbnail></thumbnail>
   <summary>Barkley and Manning lead the Giants to a win</summary>
   <fanart></fanart>
</item>

<item>
   <title>Baltimore Ravens vs Cincinnati Bengals – Nov 18, 2018</title>
   <link>https://ok.ru/video/1313554041521</link>
   <thumbnail></thumbnail>
   <summary>Rookie Jackson lifts the Ravens to a win</summary>
   <fanart></fanart>
</item>

<item>
   <title>New Orleans Saints vs Philadelphia Eagles – Nov 18, 2018</title>
   <link>https://ok.ru/video/1314356333233</link>
   <thumbnail></thumbnail>
   <summary>Saints remain hot and skink the eagles</summary>
   <fanart></fanart>
</item>

<item>
   <title>Los Angeles Chargers vs Denver Broncos – Nov 18, 2018</title>
   <link>https://ok.ru/video/1314463287985</link>
   <thumbnail></thumbnail>
   <summary>Broncos win a close one at home</summary>
   <fanart></fanart>
</item>

<item>
   <title>Arizona Cardinals vs Oakland Raiders – Nov 18, 2018</title>
   <link>https://ok.ru/video/1314473380529</link>
   <thumbnail></thumbnail>
   <summary></summary>
   <fanart></fanart>
</item>

<item>
   <title>Chicago Bears vs Minnesota Vikings – Nov 18, 2018</title>
   <link>https://ok.ru/video/1314525547185</link>
   <thumbnail></thumbnail>
   <summary>Bears Defense comes up big vs the vikings</summary>
   <fanart></fanart>
</item>




<item>
   <title>PANTHERS vs STEELERS 11/8/18</title>
   <link>https://ok.ru/video/1269803453105</link>
   <thumbnail></thumbnail>
   <summary>Big Ben Throws for 5 TD's</summary>
   <fanart></fanart>
</item>





<item>
   <title>TITANS VS COWBOYS 11/5/18</title>
   <link>https://ok.ru/video/1267012274865</link>
   <thumbnail></thumbnail>
   <summary> Monday night football Titans shocked the cowboys at home</summary>
   <fanart></fanart>
</item>





<item>
   <title>49ERS VS RAIDERS 11//18</title>
   <link>https://ok.ru/video/1261150341809</link>
   <thumbnail></thumbnail>
   <summary>49ERS crusie to an easy W vs the Raiders</summary>
   <fanart></fanart>
</item>

<item>
   <title>LIONS VS VIKINGS 11/4/18</title>
   <link>https://ok.ru/video/1266278992561</link>
   <thumbnail></thumbnail>
   <summary>no Diggs no problem for the Vikings</summary>
   <fanart></fanart>
</item>

<item>
   <title>STEELERS VS RAVENS 11/4/18</title>
   <link>https://ok.ru/video/1265817946801</link>
   <thumbnail></thumbnail>
   <summary>Division rivals battle</summary>
   <fanart></fanart>
</item>

<item>
   <title>FALCONS VS REDSKINS 11/4/18</title>
   <link>https://ok.ru/video/1265827383985</link>
   <thumbnail></thumbnail>
   <summary>Ryan pulls off a stellar performance</summary>
   <fanart></fanart>
</item>

<item>
   <title>CHIEFS VS BROWNS 11/4/18</title>
   <link>https://ok.ru/video/1265832757937</link>
   <thumbnail></thumbnail>
   <summary>Mayfield vs Mahomes</summary>
   <fanart></fanart>
</item>

<item>
   <title>JETS VS DOLPHINS 11/4/18</title>
   <link>https://ok.ru/video/1265837542065</link>
   <thumbnail></thumbnail>
   <summary>Division rivals square off</summary>
   <fanart></fanart>
</item>


<item>
   <title>BEARS VS BILLS 11/4/18</title>
   <link>https://ok.ru/video/1265842064049</link>
   <thumbnail></thumbnail>
   <summary>Bears clash it out with the Bills</summary>
   <fanart></fanart>
</item>

<item>
   <title>BUCS VS PANTHERS 11/4/18</title>
   <link>https://ok.ru/video/1265851959985</link>
   <thumbnail></thumbnail>
   <summary>A Shootout in carolina</summary>
   <fanart></fanart>
</item>

<item>
   <title>PACKERS VS PATRIOTS 11/4/18</title>
   <link>https://ok.ru/video/1266215553713</link>
   <thumbnail></thumbnail>
   <summary>Brady vs Rodgers</summary>
   <fanart></fanart>
</item>

<item>
   <title>RAMS VS SAINTS 11/4/18</title>
   <link>https://ok.ru/video/1266226301617</link>
   <thumbnail></thumbnail>
   <summary>Game of the week, Goff vs the Saints</summary>
   <fanart></fanart>
</item>

<item>
   <title>TEXANS VS BRONCOS 11/4/18</title>
   <link>https://ok.ru/video/1266273159857</link>
   <thumbnail></thumbnail>
   <summary>D.Thomas first game back since being traded</summary>
   <fanart></fanart>
</item>

<item>
   <title>SEAHAWKS VS CHARGERS 11/4/18</title>
   <link>https://ok.ru/video/1266278599345</link>
   <thumbnail></thumbnail>
   <summary></summary>
   <fanart></fanart>
</item>



<item>
   <title>BILLS VS PATRIOTS 10/29/18</title>
   <link>https://ok.ru/video/1254399871665</link>
   <thumbnail></thumbnail>
   <summary>Watch Brady take on division rivals</summary>
   <fanart></fanart>
</item>

<item>
   <title>COLTS VS RAIDERS 10/28/18</title>
   <link>https://ok.ru/video/1253518215857</link>
   <thumbnail></thumbnail>
   <summary>Colts shock the raiders at home</summary>
   <fanart></fanart>
</item>

<item>
   <title>CARDINALS VS 49ERS 10/28/18</title>
   <link>https://ok.ru/video/1253481908913</link>
   <thumbnail></thumbnail>
   <summary></summary>
   <fanart></fanart>
</item>

<item>
   <title>RAMS VS PACKERS 10/28/18</title>
   <link>https://ok.ru/video/1253406345905</link>
   <thumbnail></thumbnail>
   <summary>Goff vs Rodgers</summary>
   <fanart></fanart>
</item>

<item>
   <title>SAINTS VS VIKINGS 10/28/18</title>
   <link>https://ok.ru/video/1253397957297</link>
   <thumbnail></thumbnail>
   <summary>Saints win on the road in a great matchup vs the Vikings</summary>
   <fanart></fanart>
</item>




<item>
   <title>BRONCOS VS CHIEFS 10/28/18</title>
   <link>https://ok.ru/video/1253144988337</link>
   <thumbnail></thumbnail>
   <summary>Mahomes throws for 4td's vs the broncos</summary>
   <fanart></fanart>
</item>

<item>
   <title>BENGALS VS BUCCANEERS 10/28/18</title>
   <link>https://ok.ru/video/1253142301361</link>
   <thumbnail></thumbnail>
   <summary>Bengals D steps up </summary>
   <fanart></fanart>
</item>

<item>
   <title>GIANTS VS REDSKINS 10/28/18</title>
   <link>https://ok.ru/video/1253090069169</link>
   <thumbnail></thumbnail>
   <summary>Peterson shows the Giants he still has game</summary>
   <fanart></fanart>
</item>


<item>
   <title>BROWNS VS STEELERS 10/28/18</title>
   <link>https://ok.ru/video/1253069294257</link>
   <thumbnail></thumbnail>
   <summary>James Connor puts a show for the home team </summary>
   <fanart></fanart>
</item>


<item>
   <title>BEARS VS JETS 10/28/18</title>
   <link>https://ok.ru/video/1253035543217</link>
   <thumbnail></thumbnail>
   <summary>Trubisky throws for 2td's to beat the jets</summary>
   <fanart></fanart>
</item>

<item>
   <title>SEAHAWKS VS LIONS 10/28/18</title>
   <link>https://ok.ru/video/1253035477681</link>
   <thumbnail></thumbnail>
   <summary>Wilson helps the Seahawks get pass the Lions </summary>
   <fanart></fanart>
</item>

<item>
   <title>RAVENS VS PANTHERS 10/28/18</title>
   <link>https://ok.ru/video/1253035412145</link>
   <thumbnail></thumbnail>
   <summary>Newton scores 3td's as Panthers defeat the Ravens</summary>
   <fanart></fanart>
</item>

<item>
   <title>EAGLES VS JAGUARS 10/28/18</title>
   <link>https://ok.ru/video/1252869212849</link>
   <thumbnail></thumbnail>
   <summary>Eagles come out strong in the London game </summary>
   <fanart></fanart>
</item>



<item>
   <title>DOLPHINS VS TEXANS 10/25/18</title>
   <link>https://ok.ru/video/1250282375857</link>
   <thumbnail></thumbnail>
   <summary>Watson throws for 5 td's passes to cruise over the dolphins</summary>
   <fanart></fanart>
</item>


<item>
   <title>GIANTS VS FALCONS 10/22/18</title>
   <link>https://ok.ru/video/1247130225329</link>
   <thumbnail></thumbnail>
   <fanart></fanart>
</item>


<item>
   <title>SAINTS VS RAVENS 10/21/18</title>
   <link>https://ok.ru/video/1245279947441</link>
   <thumbnail></thumbnail>
   <fanart></fanart>
</item>

<item>
   <title>RAMS VS 49ERS 10/21/18</title>
   <link>https://ok.ru/video/1245233416881</link>
   <thumbnail></thumbnail>
   <fanart></fanart>
</item>

<item>
   <title>COWBOYS VS REDSKINS 10/21/18</title>
   <link>https://ok.ru/video/1245214411441</link>
   <thumbnail></thumbnail>
   <fanart></fanart>
</item>

<item>
   <title>BENGALS VS CHIEFS 10/21/18</title>
   <link>https://ok.ru/video/1245214214833</link>
   <thumbnail></thumbnail>
   <fanart></fanart>
</item>

<item>
   <title>VIKINGS VS JETS 10/21/18</title>
   <link>https://ok.ru/video/1244797471409</link>
   <thumbnail></thumbnail>
   <fanart></fanart>
</item>

<item>
   <title>BROWNS VS BUCS 10/21/18</title>
   <link>https://ok.ru/video/1244776172209</link>
   <thumbnail></thumbnail>
   <fanart></fanart>
</item>

<item>
   <title>LIONS VS DOLPHINS 10/21/18</title>
   <link>https://ok.ru/video/1244575042225</link>
   <thumbnail></thumbnail>
   <fanart></fanart>
</item>

<item>
   <title>PATRIOTS VS BEARS 10/21/18</title>
   <link>https://ok.ru/video/1244504853169</link>
   <thumbnail></thumbnail>
   <fanart></fanart>
</item>

<item>
   <title>PANTHERS VS EAGLES 10/21/18</title>
   <link>https://ok.ru/video/1244498102961</link>
   <thumbnail></thumbnail>
   <fanart></fanart>
</item>

<item>
   <title>BILLS VS COLTS 10/21/18</title>
   <link>https://ok.ru/video/1244495153841</link>
   <thumbnail></thumbnail>
   <fanart></fanart>
</item>

<item>
   <title>TEXANS VS JAGUARS 10/21/18</title>
   <link>https://ok.ru/video/1244482046641</link>
   <thumbnail></thumbnail>
   <fanart></fanart>
</item>

<item>
   <title>TITANS VS CHARGERS- LONDON GAME 10/21/18</title>
   <link>https://ok.ru/video/1244365851313</link>
   <thumbnail></thumbnail>
   <fanart></fanart>
</item>

