<plugin>
<title>Beginner's Workout</title>
<link>plugin://plugin.video.youtube/playlist/PLI37FJmOtrj2PujOoHG1bgWtxnAR-wd43/</link>
<thumbnail>https://yt3.ggpht.com/a/AGF-l79yIGbH9hP_QsURNPs_stOYZCXAQYPrCWOnFQ=s288-c-k-c0xffffffff-no-rj-mo</thumbnail>
</plugin>



<plugin>
<title>15-Minute Workouts</title>
<link>plugin://plugin.video.youtube/playlist//</link>
<thumbnail>https://yt3.ggpht.com/a/AGF-l79yIGbH9hP_QsURNPs_stOYZCXAQYPrCWOnFQ=s288-c-k-c0xffffffff-no-rj-mo</thumbnail>
</plugin>


<plugin>
<title>20-Minute Workouts</title>
<link>plugin://plugin.video.youtube/playlist/PLI37FJmOtrj3w7dreABs-e_9Z38nXTZPd/</link>
<thumbnail>https://yt3.ggpht.com/a/AGF-l79yIGbH9hP_QsURNPs_stOYZCXAQYPrCWOnFQ=s288-c-k-c0xffffffff-no-rj-mo</thumbnail>
</plugin>

<plugin>
<title>30-Minute Workouts</title>
<link>plugin://plugin.video.youtube/playlist/PLI37FJmOtrj20cgTm5hcfZ-0H1PLHCQlj/</link>
<thumbnail>https://yt3.ggpht.com/a/AGF-l79yIGbH9hP_QsURNPs_stOYZCXAQYPrCWOnFQ=s288-c-k-c0xffffffff-no-rj-mo</thumbnail>
</plugin>


<plugin>
<title>45-Minute Workouts</title>
<link>plugin://plugin.video.youtube/playlist/PLI37FJmOtrj2ieAt2Fiqwh3gAtR9r_mPp/</link>
<thumbnail>https://yt3.ggpht.com/a/AGF-l79yIGbH9hP_QsURNPs_stOYZCXAQYPrCWOnFQ=s288-c-k-c0xffffffff-no-rj-mo</thumbnail>
</plugin>

<plugin>
<title>No-Equipment Cardio Workouts</title>
<link>plugin://plugin.video.youtube/playlist/PLI37FJmOtrj2jCUdUmg764R8f2cxdujGs/</link>
<thumbnail>https://yt3.ggpht.com/a/AGF-l79yIGbH9hP_QsURNPs_stOYZCXAQYPrCWOnFQ=s288-c-k-c0xffffffff-no-rj-mo</thumbnail>
</plugin>

<plugin>
<title>Leg Workouts</title>
<link>plugin://plugin.video.youtube/playlist/PLI37FJmOtrj2B68r6360KCjdL_PVGPmeP/</link>
<thumbnail>https://yt3.ggpht.com/a/AGF-l79yIGbH9hP_QsURNPs_stOYZCXAQYPrCWOnFQ=s288-c-k-c0xffffffff-no-rj-mo</thumbnail>
</plugin>

<plugin>
<title>Ab Workouts</title>
<link>plugin://plugin.video.youtube/playlist/PLI37FJmOtrj1gAuNEaQ5if3XtD0s_3UrU/</link>
<thumbnail>https://yt3.ggpht.com/a/AGF-l79yIGbH9hP_QsURNPs_stOYZCXAQYPrCWOnFQ=s288-c-k-c0xffffffff-no-rj-mo</thumbnail>
</plugin>

<plugin>
<title>Core Workouts</title>
<link>plugin://plugin.video.youtube/playlist/PLI37FJmOtrj1o2WGNzvkNL1HhizUnIZYR/</link>
<thumbnail>https://yt3.ggpht.com/a/AGF-l79yIGbH9hP_QsURNPs_stOYZCXAQYPrCWOnFQ=s288-c-k-c0xffffffff-no-rj-mo</thumbnail>
</plugin>

<plugin>
<title>Bodyweight Workouts</title>
<link>plugin://plugin.video.youtube/playlist/PLI37FJmOtrj0r78DOZlep8J6F9dN1ShIc/</link>
<thumbnail>https://yt3.ggpht.com/a/AGF-l79yIGbH9hP_QsURNPs_stOYZCXAQYPrCWOnFQ=s288-c-k-c0xffffffff-no-rj-mo</thumbnail>
</plugin>


<plugin>
<title>Full-Body Workouts</title>
<link>plugin://plugin.video.youtube/playlist/PLI37FJmOtrj2S4M4dTvN9T_XmO1KqgfUm/</link>
<thumbnail>https://yt3.ggpht.com/a/AGF-l79yIGbH9hP_QsURNPs_stOYZCXAQYPrCWOnFQ=s288-c-k-c0xffffffff-no-rj-mo</thumbnail>
</plugin>

<plugin>
<title>Arm Workouts</title>
<link>plugin://plugin.video.youtube/playlist/PLI37FJmOtrj1RbGeWGxG-w9LUg1lSrIcX/</link>
<thumbnail>https://yt3.ggpht.com/a/AGF-l79yIGbH9hP_QsURNPs_stOYZCXAQYPrCWOnFQ=s288-c-k-c0xffffffff-no-rj-mo</thumbnail>
</plugin>

<plugin>
<title>Yoga</title>
<link>plugin://plugin.video.youtube/playlist/PLBB23065159A6A9CA/</link>
<thumbnail>https://yt3.ggpht.com/a/AGF-l79yIGbH9hP_QsURNPs_stOYZCXAQYPrCWOnFQ=s288-c-k-c0xffffffff-no-rj-mo</thumbnail>
</plugin>





