<item>
<title>EP.1-Everyone Is Implicated</title>
<link>https://www.fembed.com/v/gy1rrt-d78eqd4x</link>
<thumbnail>https://image.tmdb.org/t/p/w227_and_h127_bestv2/i7vJDnDgIZJFfMameOfiDVjOxkx.jpg</thumbnail>
</item>

<item>
<title>EP.2-Damage Control</title>
<link>https://www.fembed.com/v/ng2eeu2q54xdnx1</link>
<thumbnail>https://image.tmdb.org/t/p/w227_and_h127_bestv2/zGmW5i1uNmfqKbWNiXLw7nxznqd.jpg</thumbnail>
</item>

<item>
<title>EP.3-Are We On The Same Team?</title>
<link>https://www.fembed.com/v/67nggi0z7r3jprz</link>
<thumbnail>https://image.tmdb.org/t/p/w227_and_h127_bestv2/ebXFSWZ2H1wc57Xar8qgOdfUGlE.jpg</thumbnail>
</item>

<item>
<title>EP.4-Second Chances</title>
<link>https://www.fembed.com/v/-q6llapw3dlrde7</link>
<thumbnail>https://image.tmdb.org/t/p/w227_and_h127_bestv2/gMyxX425dC2A0ZZkOeYIQXet5VS.jpg</thumbnail>
</item>

<item>
<title>EP.5-Happy Birthday</title>
<link>https://www.fembed.com/v/zgp22ujnz4k86rz</link>
<thumbnail>https://image.tmdb.org/t/p/w227_and_h127_bestv2/7Elt8nNSGd7edpmAc43ZWxHhnZQ.jpg</thumbnail>
</item>

<item>
<title>EP.6-A Changed Man?</title>
<link>https://www.fembed.com/v/1yrggtj6e4z07d4</link>
<thumbnail>https://image.tmdb.org/t/p/w227_and_h127_bestv2/bqtn0dVRxIXa9aYeDkD5hZlKya0.jpg</thumbnail>
</item>

<item>
<title>EP.7-The Devil Inside</title>
<link>https://www.fembed.com/v/7dw11agy-p6nglm</link>
<thumbnail>https://image.tmdb.org/t/p/w227_and_h127_bestv2/a4vgs5Zh45eJUI3tWtaKQbcRLUq.jpg</thumbnail>
</item>

<item>
<title>EP.8-A Friend of the Family</title>
<link>https://www.fembed.com/v/qgnwwueyl534kq0</link>
<thumbnail>https://image.tmdb.org/t/p/w227_and_h127_bestv2/cJfFZX6xg8OrUyMT7eVS75G1qUc.jpg</thumbnail>
</item>

<item>
<title>EP.9-There's a Snitch Among Us</title>
<link>https://www.fembed.com/v/kg4qqu3-p21wp4m</link>
<thumbnail>https://image.tmdb.org/t/p/w227_and_h127_bestv2/4Pb0eQsoD1V8s1mfaXoxGlZARtH.jpg</thumbnail>
</item>

<item>
<title>EP.10-When This Is Over</title>
<link>https://www.fembed.com/v/80lggi86d170316</link>
<thumbnail>https://image.tmdb.org/t/p/w227_and_h127_bestv2/5aDEab3U3ZqkEBAOujhT5MAzCSY.jpg</thumbnail>
</item>
