<item>
<title>EP.1-Consequences</title>
<link>https://www.fembed.com/v/7dw11agywl1m8qk</link>
<thumbnail>https://image.tmdb.org/t/p/w227_and_h127_bestv2/yCbZ40N4ybiI9locMw8NaCzqOSW.jpg</thumbnail>
</item>

<item>
<title>EP.2-No Friends on the Street</title>
<link>https://www.fembed.com/v/44nggizlr6rqdn2</link>
<thumbnail>https://image.tmdb.org/t/p/w227_and_h127_bestv2/tRlahL9Pi7w503PvGcOFiWsoSLC.jpg</thumbnail>
</item>

<item>
<title>EP.3-Like We're Any Other Couple</title>
<link>https://www.fembed.com/v/331nnim4-x-n-3e</link>
<thumbnail>https://image.tmdb.org/t/p/w227_and_h127_bestv2/tqMBMOaSCe5tZuM8wJFMV6UxaZu.jpg</thumbnail>
</item>

<item>
<title>EP.4-You're the Only Person I Can Trust</title>
<link>https://www.fembed.com/v/2x2ggb2kx0xzzgk</link>
<thumbnail>https://image.tmdb.org/t/p/w227_and_h127_bestv2/kAnPMdxPrVFNk7BILGJNaDmCZHE.jpg</thumbnail>
</item>

<item>
<title>EP.5-Who You Are and Who You Want to Be</title>
<link>https://www.fembed.com/v/-q6llapwe1e820x</link>
<thumbnail>https://image.tmdb.org/t/p/w227_and_h127_bestv2/g8qBm5ekQHT8POKU6j88oUlR0ox.jpg</thumbnail>
</item>

<item>
<title>EP.6-Why Her?</title>
<link>https://www.fembed.com/v/-q6llapwe1edl-g</link>
<thumbnail>https://image.tmdb.org/t/p/w227_and_h127_bestv2/xaVUnz5xXP45ybbAVfjtpLdxNbO.jpg</thumbnail>
</item>


<item>
<title>EP.7-You're Not the Man</title>
<link>https://www.fembed.com/v/56nggcdgpjlpk5k</link>
<thumbnail>https://image.tmdb.org/t/p/w227_and_h127_bestv2/y3WCb7fz2ezR7FJ1FtRGQ3gcTqW.jpg</thumbnail>
</item>

<item>
<title>EP.8-Three Moves Ahead</title>
<link>https://www.fembed.com/v/xgx66u54l877pm5</link>
<thumbnail>https://image.tmdb.org/t/p/w227_and_h127_bestv2/uUT9BSEJYQj82HdonNCXbHm50Sj.jpg</thumbnail>
</item>

<item>
<title>EP.9-Time's Up</title>
<link>https://www.fembed.com/v/lg6qquny-j8m7w2</link>
<thumbnail>https://image.tmdb.org/t/p/w227_and_h127_bestv2/xdPhHb3isr9gPTDLLxnd7kP3Iqx.jpg</thumbnail>
</item>

<item>
<title>EP.10-Ghost Is Dead</title>
<link>https://www.fembed.com/v/56nggcdgpjll0zq</link>
<thumbnail>https://image.tmdb.org/t/p/w227_and_h127_bestv2/hHaGdaIzVv222g64GIw7eZL0bK2.jpg</thumbnail>
</item>
