<item>
<title>EP.1-Not Exactly How We Planned</title>
<link>https://www.fembed.com/v/44nggizlr6e4mlq</link>
<thumbnail>https://image.tmdb.org/t/p/w227_and_h127_bestv2/cv073jDlAI8A2BWTYlK8nFfhagC.jpg</thumbnail>
</item>

<item>
<title>EP.2-Whoever He Is</title>
<link>https://www.fembed.com/v/1yrggtj6w2m-n-3</link>
<thumbnail>https://image.tmdb.org/t/p/w227_and_h127_bestv2/4toU9rXS3NTBGqBuJkd6hDSZIW1.jpg</thumbnail>
</item>

<item>
<title>EP.3-This Is Real</title>
<link>https://www.fembed.com/v/2x2ggb2kx011x2x</link>
<thumbnail>https://image.tmdb.org/t/p/w227_and_h127_bestv2/wWbSCTFe1M48eIutu1dAVWCpZH0.jpg</thumbnail>
</item>

<item>
<title>EP.4-Who Are You?</title>
<link>https://www.fembed.com/v/jg3qqud1-g33d3q</link>
<thumbnail>https://image.tmdb.org/t/p/w227_and_h127_bestv2/5JqNyr9RLSN6IKxmHTA7URUeWDP.jpg</thumbnail>
</item>

<item>
<title>EP.5-I Gotta Go</title>
<link>https://www.fembed.com/v/56nggcdgpjzzy50</link>
<thumbnail>https://image.tmdb.org/t/p/w227_and_h127_bestv2/AoSZ4aKWjbVmT3HgpQIaZDs52MG.jpg</thumbnail>
</item>

<item>
<title>EP.6-Who You With?</title>
<link>https://www.fembed.com/v/1yrggtj6w2mk213</link>
<thumbnail>https://image.tmdb.org/t/p/w227_and_h127_bestv2/64TKmmxYtPpTXDbm53DHBIt3MLS.jpg</thumbnail>
</item>

<item>
<title>EP.7-Loyalty</title>
<link>https://www.fembed.com/v/d5377fxn1reee2x</link>
<thumbnail>https://image.tmdb.org/t/p/w227_and_h127_bestv2/84KDPVD7ZiTysm5wPj9KCXxpOX8.jpg</thumbnail>
</item>

<item>
<title>EP.8-Best Laid Plans</title>
<link>https://www.fembed.com/v/m-zqqc520-mmdqz</link>
<thumbnail>https://image.tmdb.org/t/p/w227_and_h127_bestv2/n7Xltz4KWkirbvAS7PX9FNhZWQ5.jpg</thumbnail>
</item>


