<item>
<title>EP.1-Murderers</title>
<link>https://www.fembed.com/v/44nggizlmd7rd5r</link>
<thumbnail>https://image.tmdb.org/t/p/w227_and_h127_bestv2/smGXsIeARhwjibMbMWPAkQEjhPX.jpg</thumbnail>
</item>

<item>
<title>EP.2-Whose Side Are You On?</title>
<link>https://www.fembed.com/v/wgn44un8e3gqg7w</link>
<thumbnail>https://image.tmdb.org/t/p/w227_and_h127_bestv2/kiV1JkkV4132thm76y9SXKCPwux.jpg</thumbnail>
</item>

<item>
<title>EP.3-Forgot About Dre</title>
<link>https://www.fembed.com/v/jg3qqud1rzgelep</link>
<thumbnail>https://image.tmdb.org/t/p/w227_and_h127_bestv2/9B13C8XIsEKmMpYKpYoOjyiIumb.jpg</thumbnail>
</item>

<item>
<title>EP.4-Why Is Tommy Still Alive?</title>
<link>https://www.fembed.com/v/1yrggtjqgqkejex</link>
<thumbnail>https://image.tmdb.org/t/p/w227_and_h127_bestv2/gRDGd6U3QvFOAOodIVStblfWY8I.jpg</thumbnail>
</item>

<item>
<title>EP.5-King's Gambit</title>
<link>https://www.fembed.com/v/wgn44unqw2wgm2q</link>
<thumbnail>https://image.tmdb.org/t/p/w227_and_h127_bestv2/jxFZlBgFMxIdqG0rYc8hD7SfP04.jpg</thumbnail>
</item>

<item>
<title>EP.6-Inside Man</title>
<link>https://www.fembed.com/v/1yrggtjq3xm50z7</link>
<thumbnail>https://image.tmdb.org/t/p/w227_and_h127_bestv2/lMhiPFsd8VWwNJgZnRYFonZrac5.jpg</thumbnail>
</item>

<item>
<title>EP.7-Like Father, Like Son</title>
<link>https://www.fembed.com/v/1yrggtjq3xzg32p</link>
<thumbnail>https://image.tmdb.org/t/p/w227_and_h127_bestv2/AlUg0dKuU9qMgt3W74olTTy8ohQ.jpg</thumbnail>
</item>

<item>
<title>EP.8-Deal With The Devil</title>
<link>https://www.fembed.com/v/7dw11agdn7l56ew</link>
<thumbnail>https://image.tmdb.org/t/p/w227_and_h127_bestv2/udCWtYInJW8s43YPdpV4diTWVZ9.jpg</thumbnail>
</item>

<item>
<title>EP.9-Scorched Earth</title>
<link></link>
<thumbnail>https://image.tmdb.org/t/p/w227_and_h127_bestv2/dmiQ1fqrvmFRGL40t4PpITukahM.jpg</thumbnail>
</item>

<item>
<title>EP.10-No One Can Stop Me</title>
<link></link>
<thumbnail>https://image.tmdb.org/t/p/w227_and_h127_bestv2/xZrnPBqp1DgnWBn7SoCxD1DPSK0.jpg</thumbnail>
</item>
