<item>
<title>**SPENCE VS PORTER**</title>
<link>
<sublink>http://crack.warriorz.xyz/hls/box.m3u8</sublink>
<sublink>http://yrsprts.xyz/hls/boxing1.m3u8|User-Agent=Mozilla/5.0 Windows NT 6.1; Win64; x64) AppleWebKit/537.36 (KHTML, like Gecko Chrome/77.0.3865.90 Safari/537.36</sublink>
<sublink>http://cana4.gato.rocks:8081/budtv/FS1/chunks.m3u8?nimblesessionid=2613236|Referer=http://www.sports24.club/watch/boxing-spence-vs-porter-fs1.html|User-Agent=Mozilla/5.0 Windows NT 6.1; Win64; x64) AppleWebKit/537.36 (KHTML, like Gecko Chrome/77.0.3865.90 Safari/537.36</sublink>
</link>
<thumbnail>https://images-na.ssl-images-amazon.com/images/I/61x0miC7jML.png</thumbnail>
<fanart>https://wallpapercave.com/wp/wp2776901.png</fanart>
</item>

<item>
<title>**Bellator 228  PITBULL VS. ARCHULETA**</title>
<link>
<sublink>https://paramount-network.akamaized.net/hls/live/599582/bellator-prelims/master_6000.m3u8?aka_me_session_id=AAAAAAAAAADfXpFdAAAAAM3uFZK8ayj4mILlimR+31Wjt7BSCEgZX0JNSRr8uHUqkGIAzKVlpBFIDsGJrtTq0h0syStzl1Bj</sublink>
<sublink>https://paramount-network.akamaized.net/hls/live/599582/bellator-prelims/master_3200.m3u8?aka_me_session_id=AAAAAAAAAAARRJFdAAAAAD04ByxKQ13Z1+Sez00jcC4Ax%2fmQ4d7QzMjOIkkLX8ePK%2fw9%2fQsqEh1IbU10KhhG9WXssRRejsBK|Referer=http://www.sports24.club/watch/UFC-bellator-228-mma.html|User-Agent=Mozilla/5.0 Windows NT 6.1; Win64; x64) AppleWebKit/537.36 (KHTML, like Gecko Chrome/77.0.3865.90 Safari/537.36</sublink>
<sublink>https://paramount-network.akamaized.net/hls/live/599582/bellator-prelims/master_1900.m3u8?aka_me_session_id=AAAAAAAAAACLVpFdAAAAADeRJlz0CleH7nrxlT8ZUis6yJ%2fxa21nmIW3grM5RMDYyvbQJi06gwRNrrSMKul%2fudI1g44UCCx2</sublink>
</link>
<thumbnail>https://mmasucka.com/wp-content/uploads/2016/02/unnamed.png</thumbnail>
<fanart></fanart>
</item>
