<dir>
<title>NFL Replays</title>
<link>http://magnetic.website/Mad%20Titan/NFL%20REPLAYS%20.xml</link>
<thumbnail>https://i.ya-webdesign.com/images/nfl-logo-png-6.png</thumbnail>
<summary>NFL Replays</summary>
</dir>



<dir>
<title>NBA Replays</title>
<link>https://magnetic.website/Mad%20Titan/nba%20replays.xml</link>
<thumbnail>https://1.bp.blogspot.com/-nDpMyAHDboU/WJkLKKvVESI/AAAAAAAANLM/S-tfq1GxIHQ4hiJmaL8smLQR0gBooHmYwCLcB/s1600/apple-touch-icon.png</thumbnail>
<summary>NBA Replays</summary>
<fanart></fanart>
</dir>


<dir>
<title>MLB Replays</title>
<link>https://pastebin.com/raw/mRBRMv6X</link>
<thumbnail>https://i2.wp.com/www.carplaylife.com/wp-content/uploads/MLBicon512x512.png?fit=512%2C512&ssl=1</thumbnail>
<fanart></fanart>
<summary>MLB Replays</summary>
</dir>



<dir>
<title>NHL Replays</title>
<link>https://pastebin.com/raw/MLJuFmWr</link>
<thumbnail>https://yt3.ggpht.com/a-/AN66SAwTQegB1nhuCR7yZWKrUHdQvV4y3E4ZWQ20jA=s176-c-k-c0x00ffffff-no-rj-mo</thumbnail>
<fanart></fanart>
</dir>




<dir>
<title>NFL Replays</title>
<link>http://magnetic.website/Mad%20Titan/NFL%20REPLAYS%20.xml</link>
<thumbnail>https://i.ya-webdesign.com/images/nfl-logo-png-6.png</thumbnail>
<summary>NFL Replays</summary>
</dir>

<dir>
<title>UFC/MMA/Boxing Replays ( 2018 )</title>
<link>http://magnetic.website/Mad%20Titan/ufc%20replays%20.xml</link>
<thumbnail>https://images-wixmp-ed30a86b8c4ca887773594c2.wixmp.com/i/018cfba4-d916-4a93-8de1-3aa7f2e813dd/d9b6udg-ede28a60-e442-4a1d-acb3-04c24129e20b.png</thumbnail>
<summary>FIGHT Replays</summary>
</dir>


<dir>
<title>WWE/SMACKDOWN REPLAYS</title>
<link>https://magnetic.website/Mad%20Titan/ALLWRESTLINGREPLAYS.xml</link>
<thumbnail>http://iconshow.me/media/images/social/Circle-Icons-Pack-add-on-2/png/512/wwe.png</thumbnail>
<fanart></fanart>
<summary>WWE/SMACKDOWN Replays</summary>
</dir>




