<item>
	<title>[COLOR=white]RoboCop[/COLOR]</title>
	<meta>
	<imdb>tt0093870</imdb>
	<content>movie</content>
	<title>RoboCop</title>
	<year>1987</year>
	</meta>
	<link>
	<sublink>https://uptostream.com/6r7xxplvicf6(720p)</sublink>
	<sublink>search</sublink>
	<sublink>searchsd</sublink>
	</link>
	<thumbnail>https://image.tmdb.org/t/p/w1280/gtGreTdzYBuQsEwTliEFdTzPleV.jpg</thumbnail>
	<fanart>https://image.tmdb.org/t/p/w1280/szd5SbG2ASP4CUZeF9bdoJ4tVn7.jpg</fanart>
</item>
<item>
	<title>[COLOR=white]RoboCop 2[/COLOR]</title>
	<meta>
	<imdb>tt0100502</imdb>
	<content>movie</content>
	<title>RoboCop 2</title>
	<year>1990</year>
	</meta>
	<link>
	<sublink>https://uptostream.com/r6uye2nfnnlg(720p)</sublink>
	<sublink>search</sublink>
	<sublink>searchsd</sublink>
	</link>
	<thumbnail>https://image.tmdb.org/t/p/w1280/jHE1jOJQILXSPudL4h94NI3TRL.jpg</thumbnail>
	<fanart>https://image.tmdb.org/t/p/w1280/pkuf3xajNzDPzAXtvGNNhs59XBL.jpg</fanart>
</item>
<item>
	<title>[COLOR=white]RoboCop 3[/COLOR]</title>
	<meta>
	<imdb>tt0107978</imdb>
	<content>movie</content>
	<title>RoboCop 3</title>
	<year>1993</year>
	</meta>
	<link>
	<sublink>https://uptostream.com/cel1woj2wjq4(720p)</sublink>
	<sublink>search</sublink>
	<sublink>searchsd</sublink>
	</link>
	<thumbnail>https://image.tmdb.org/t/p/w1280/iXmx1JOrkBUYqvm2vTNPOiill7b.jpg</thumbnail>
	<fanart>https://image.tmdb.org/t/p/w1280/3xRpLfsfexxTbZ22fVdhRsF6Frr.jpg</fanart>
</item>
