<dir>
<title>Stranger Things Season 1</title>
<link>https://magnetic.website/Mad%20Titan/STRANGER%20THINGS%20SEASON%201.xml</link>
<thumbnail>https://image.tmdb.org/t/p/w600_and_h900_bestv2/esKFbCWAGyUUNshT5HE5BIpvbcL.jpg</thumbnail>
<fanart>https://image.tmdb.org/t/p/original/56v2KjBlU4XaOv9rVYEQypROD7P.jpg</fanart>
</dir>

<dir>
<title>Stranger Things Season 2</title>
<link>https://magnetic.website/Mad%20Titan/STRANGER%20THINGS%20SEASON%202.xml</link>
<thumbnail>https://image.tmdb.org/t/p/w600_and_h900_bestv2/lXS60geme1LlEob5Wgvj3KilClA.jpg</thumbnail>
<fanart>https://image.tmdb.org/t/p/original/8zbAoryWbtH0DKdev8abFAjdufy.jpg</fanart>
</dir>

<dir>
<title>Stranger Things Season 3</title>
<link>https://magnetic.website/Mad%20Titan/STRANGER%20THINGS%20SEASON%203.xml</link>
<thumbnail>https://image.tmdb.org/t/p/w600_and_h900_bestv2/x2LSRK2Cm7MZhjluni1msVJ3wDF.jpg</thumbnail>
<fanart>https://image.tmdb.org/t/p/original/rcA17r3hfHtRrk3Xs3hXrgGeSGT.jpg</fanart>
</dir>
