


<item>
	<title>[COLOR=white]The Terminator[/COLOR]</title>
	<meta>
	<imdb>tt0088247</imdb>
	<content>movie</content>
	<title>The Terminator</title>
	<year>1984</year>
	</meta>
	<link>
	<sublink>https://uptostream.com/3bnp5bzmuuqb(720p)</sublink>
	<sublink>search</sublink>
	<sublink>searchsd</sublink>
	</link>
	<thumbnail>https://image.tmdb.org/t/p/w1280/q8ffBuxQlYOHrvPniLgCbmKK4Lv.jpg</thumbnail>
	<fanart>https://image.tmdb.org/t/p/w1280/6yFoLNQgFdVbA8TZMdfgVpszOla.jpg</fanart>
</item>

<item>
	<title>[COLOR=white]Terminator 2: Judgment Day[/COLOR]</title>
	<meta>
	<imdb>tt0103064</imdb>
	<content>movie</content>
	<title>Terminator 2: Judgment Day</title>
	<year>1991</year>
	</meta>
	<link>
	<sublink>https://uptostream.com/vswmyosjyg6k(1080p)</sublink>
	<sublink>search</sublink>
	<sublink>searchsd</sublink>
	</link>
	<thumbnail>https://image.tmdb.org/t/p/w1280/2y4dmgWYRMYXdD1UyJVcn2HSd1D.jpg</thumbnail>
	<fanart>https://image.tmdb.org/t/p/w1280/d9AqtruwS8nljKjL5aYzM42hQJr.jpg</fanart>
</item>

<item>
	<title>[COLOR=white]Terminator 3: Rise of the Machines[/COLOR]</title>
	<meta>
	<imdb>tt0181852</imdb>
	<content>movie</content>
	<title>Terminator 3: Rise of the Machines</title>
	<year>2003</year>
	</meta>
	<link>
	<sublink>https://uptostream.com/j1hrkeajcmfk(720p)</sublink>
	<sublink>https://uptostream.com/zza02l5a64hz(1080p)</sublink>
	<sublink>search</sublink>
	<sublink>searchsd</sublink>
	</link>
	<thumbnail>https://image.tmdb.org/t/p/w1280/lz4xYdF1n09lyiCfZWtWT44SZiG.jpg</thumbnail>
	<fanart>https://image.tmdb.org/t/p/w1280/8ZuMyOjFpwq1tNU9MAFN836Wb1b.jpg</fanart>
</item>

<item>
	<title>[COLOR=white]Terminator Salvation[/COLOR]</title>
	<meta>
	<imdb>tt0438488</imdb>
	<content>movie</content>
	<title>Terminator Salvation</title>
	<year>2009</year>
	</meta>
	<link>
	<sublink>https://uptostream.com/uh8g3fzu4uhp(720p)</sublink>
	<sublink>https://uptostream.com/17h4qpqmhgar(1080p)</sublink>
	<sublink>search</sublink>
	<sublink>searchsd</sublink>
	</link>
	<thumbnail>https://image.tmdb.org/t/p/w1280/gw6JhlekZgtKUFlDTezq3j5JEPK.jpg</thumbnail>
	<fanart>https://image.tmdb.org/t/p/w1280/tBCOpjphzSLzC6oOjqzTEg6bJ7q.jpg</fanart>
</item>

<item>
	<title>[COLOR=white]Terminator Genisys[/COLOR]</title>
	<meta>
	<imdb>tt1340138</imdb>
	<content>movie</content>
	<title>Terminator Genisys</title>
	<year>2015</year>
	</meta>
	<link>
	<sublink>https://uptostream.com/q329h9qlkvh6(720p)</sublink>
	<sublink>https://uptostream.com/ifb1mykhjwxw(1080p)</sublink>
	<sublink>search</sublink>
	<sublink>searchsd</sublink>
	</link>
	<thumbnail>https://image.tmdb.org/t/p/w1280/5JU9ytZJyR3zmClGmVm9q4Geqbd.jpg</thumbnail>
	<fanart>https://image.tmdb.org/t/p/w1280/bIlYH4l2AyYvEysmS2AOfjO7Dn8.jpg</fanart>
</item>
