<item>
<title>Part I</title>
<link>http://dl6.lavinmovie.net/Series/The%20Sinner/S02/1080p/The.Sinner.S02E01.1080p.AMZN.WEB-DL.DDP5.1.NTb.LavinMovie.mkv</link>
<thumbnail>https://image.tmdb.org/t/p/w227_and_h127_bestv2/1uoQOnlz96yokd6tAyhd4VBbS1y.jpg</thumbnail>
</item>

<item>
<title>Part II</title>
<link>http://dl6.lavinmovie.net/Series/The%20Sinner/S02/1080p/The.Sinner.S02E02.1080p.AMZN.WEB-DL.DDP5.1.NTb.LavinMovie.mkv</link>
<thumbnail>https://image.tmdb.org/t/p/w227_and_h127_bestv2/x177PgpjHwUetomYrIGR22uwjCz.jpg</thumbnail>
</item>

<item>
<title>Part III</title>
<link>http://dl6.lavinmovie.net/Series/The%20Sinner/S02/1080p/The.Sinner.S02E03.1080p.AMZN.WEB-DL.DDP5.1.NTb.LavinMovie.mkv</link>
<thumbnail>https://image.tmdb.org/t/p/w227_and_h127_bestv2/pGLqB9aEQGRlHq5FoopkVqObGs8.jpg</thumbnail>
</item>

<item>
<title>Part IV</title>
<link>http://dl6.lavinmovie.net/Series/The%20Sinner/S02/1080p/The.Sinner.S02E04.1080p.AMZN.WEB-DL.DDP5.1.NTb.LavinMovie.mkv</link>
<thumbnail>https://image.tmdb.org/t/p/w227_and_h127_bestv2/mkRfgAU49E2QsKDouuYwFMuTgAT.jpg</thumbnail>
</item>

<item>
<title>Part V</title>
<link>http://dl6.lavinmovie.net/Series/The%20Sinner/S02/1080p/The.Sinner.S02E05.1080p.AMZN.WEB-DL.DDP5.1.NTb.LavinMovie.mkv</link>
<thumbnail>https://image.tmdb.org/t/p/w227_and_h127_bestv2/8Wq6GGQcyWWuCy2oDYXF95B1NB7.jpg</thumbnail>
</item>

<item>
<title>Part VI</title>
<link>http://dl6.lavinmovie.net/Series/The%20Sinner/S02/1080p/The.Sinner.S02E06.1080p.AMZN.WEB-DL.DDP5.1.NTb.LavinMovie.mkv</link>
<thumbnail>https://image.tmdb.org/t/p/w227_and_h127_bestv2/avJlkF4Dx4FROor8VnDfGQ0wJg0.jpg</thumbnail>
</item>

<item>
<title>Part VII</title>
<link>http://dl6.lavinmovie.net/Series/The%20Sinner/S02/1080p/The.Sinner.S02E07.1080p.AMZN.WEB-DL.DDP5.1.NTb.LavinMovie.mkv</link>
<thumbnail>https://image.tmdb.org/t/p/w227_and_h127_bestv2/AnmUPC91BDp9gALxtze9gXizFgw.jpg</thumbnail>
</item>

<item>
<title>Part VIII</title>
<link>http://dl6.lavinmovie.net/Series/The%20Sinner/S02/Qman/The.Sinner.S02E08.1080p.AMZN.WEB-DL.x265.10bit.EAC3.6.0.Qman.LavinMovie.mkv</link>
<thumbnail>https://image.tmdb.org/t/p/w227_and_h127_bestv2/gxoMnI7ZqbC4ojXb9iIhPxmPUZy.jpg</thumbnail>
</item>


