<dir>
<title>The Sinner Season 1</title>
<link>https://magnetic.website/Mad%20Titan/THE%20SINNER%20SEASON%201.xml</link>
<thumbnail>https://image.tmdb.org/t/p/w600_and_h900_bestv2/mzQyhOoKxWTFtIKjQfPx2ttYyQQ.jpg</thumbnail>
<fanart>https://image.tmdb.org/t/p/original/o36ITLqVgZZ4hY1V5aPZPqZzVRx.jpg</fanart>
</dir>

<dir>
<title>The Sinner Season 2</title>
<link>https://magnetic.website/Mad%20Titan/THE%20SINNER%20SEASON%202.xml</link>
<thumbnail>https://image.tmdb.org/t/p/w600_and_h900_bestv2/oxFlfbCuDmgIDEsi0JRfaGeKgQ7.jpg</thumbnail>
<fanart>https://image.tmdb.org/t/p/original/7QlropOb9LmfrVOtXwPcL1V5ysw.jpg</fanart>
</dir>
