<item>
<title>EP.1-What Is America?</title>
<link>https://www.fembed.com/v/xgx66u54l8kz384</link>
<thumbnail>https://image.tmdb.org/t/p/w227_and_h127_bestv2/ukKdTo0wNhvVN5sj2lJDJRLbLUM.jpg</thumbnail>
</item>

<item>
<title>EP.2-Take What's Yours</title>
<link>https://www.fembed.com/v/0e6ggilwpg76xkm</link>
<thumbnail>https://image.tmdb.org/t/p/w227_and_h127_bestv2/kfIC5X2MM2axiIt62TBgRHDVSm2.jpg</thumbnail>
</item>

<item>
<title>EP.3-The Urge to Purge</title>
<link>https://www.fembed.com/v/1yrggtj6w2k0582</link>
<thumbnail>https://image.tmdb.org/t/p/w227_and_h127_bestv2/d3bFTthbRwbRfonEWou0dKu3Wuh.jpg</thumbnail>
</item>

<item>
<title>EP.4-Release the Beast</title>
<link>https://www.fembed.com/v/rgn11uej0g87gwp</link>
<thumbnail>https://image.tmdb.org/t/p/w227_and_h127_bestv2/jod89SVpQCuwzEyqN7pECA7W8Ki.jpg</thumbnail>
</item>

<item>
<title>EP.5-Rise Up</title>
<link>https://www.fembed.com/v/7dw11agywlzmgjq</link>
<thumbnail>https://image.tmdb.org/t/p/w227_and_h127_bestv2/9JYmEzZRGSjXcL1J4B3Gt9NKG5M.jpg</thumbnail>
</item>

<item>
<title>EP.6-The Forgotten</title>
<link>https://www.fembed.com/v/331nnim4-x308en</link>
<thumbnail>https://image.tmdb.org/t/p/w227_and_h127_bestv2/sNnKmmuxylWBassVjjSUKDIGLpj.jpg</thumbnail>
</item>

<item>
<title>EP.7-Lovely Dark And Deep</title>
<link>https://www.fembed.com/v/ng2eeu2qgjpxlzk</link>
<thumbnail>https://image.tmdb.org/t/p/w227_and_h127_bestv2/3I5tqghRsxEBgt5ieixVtgTXn6S.jpg</thumbnail>
</item>

<item>
<title>EP.8-The Giving Time Is Here</title>
<link>https://www.fembed.com/v/kg4qqu3-kg5epj3</link>
<thumbnail>https://image.tmdb.org/t/p/w227_and_h127_bestv2/ogEuvA4EJhrbdLeurXXd3X41hyJ.jpg</thumbnail>
</item>


<item>
<title>EP.9-I Will Participate</title>
<link>https://www.fembed.com/v/zgp22ujnyg1k-4e</link>
<thumbnail>https://image.tmdb.org/t/p/w227_and_h127_bestv2/rjUrGcIVqiDG3dh6DdTgUDLB1LU.jpg</thumbnail>
</item>

<item>
<title>EP.10-A Nation Reborn</title>
<link>https://www.fembed.com/v/d5377fxn1r77-ze</link>
<thumbnail>https://image.tmdb.org/t/p/w227_and_h127_bestv2/mHhk6nR1NmwrwLNGyq0U7hYXgbA.jpg</thumbnail>
</item>
