


<item>
<title></title>
<link></link>
<thumbnail></thumbnail>
</item>


<item>
<title>UFC Tuesday Night Contender Series Week 3 – Jul 09, 2019</title>
<link>https://ok.ru/video/1081022024228</link>
<thumbnail>http://magnetic.website/Mad%20Titan/icon.png</thumbnail>
<summary></summary>
<fanart></fanart>
</item>



<item>
<title>UFC Tuesday Night Contender Series: Cunningham vs Johnson</title>
<link>https://ok.ru/video/1069641632292</link>
<thumbnail>http://magnetic.website/Mad%20Titan/icon.png</thumbnail>
<summary></summary>
<fanart></fanart>
</item>



<item>
<title>Bellator 223: Mousasi vs Lovato Jr – Jun 22, 2019</title>
<link>https://ok.ru/video/1066088532516</link>
<thumbnail>http://magnetic.website/Mad%20Titan/icon.png</thumbnail>
<summary></summary>
<fanart></fanart>
</item>

<item>
<title>UFC Fight Night 154: Moicano vs Korean Zombie – Jun 22, 2019</title>
<link>https://ok.ru/video/1065941142052</link>
<thumbnail>http://magnetic.website/Mad%20Titan/icon.png</thumbnail>
<summary></summary>
<fanart></fanart>
</item>


<item>
<title>UFC Fight Night 153: Gustafsson vs Smith – Jun 01, 2019</title>
<link>https://ok.ru/video/1047577365028</link>
<thumbnail>http://magnetic.website/Mad%20Titan/icon.png</thumbnail>
<summary></summary>
<fanart></fanart>
</item>






<item>
<title>UFC Fight Night 151: Dos Anjos vs. Lee – May 18, 2019</title>
<link>https://ok.ru/video/1036013341220</link>
<thumbnail>http://magnetic.website/Mad%20Titan/icon.png</thumbnail>
<summary></summary>
<fanart></fanart>
</item>






<item>
<title>Bellator 215: Mitrione vs Kharitonov – Feb 15, 2019</title>
<link>https://ok.ru/video/1513931803313</link>
<thumbnail>http://magnetic.website/Mad%20Titan/icon.png</thumbnail>
<summary></summary>
<fanart></fanart>
</item>





<item>
<title>UFC 234: Whittaker vs Gastelum – Feb 09, 2019</title>
<link>https://ok.ru/video/1508090514097</link>
<thumbnail>http://magnetic.website/Mad%20Titan/icon.png</thumbnail>
<summary></summary>
<fanart></fanart>
</item>




<item>
<title>UFC Fight Night 144: Assuncao vs. Moraes 2 – Feb 02, 2019</title>
<link>https://ok.ru/video/1495312566961</link>
<thumbnail>http://magnetic.website/Mad%20Titan/icon.png</thumbnail>
<summary></summary>
<fanart></fanart>
</item>



<item>
<title>Bellator 214: Fedor vs. Bader – Jan 26, 2019</title>
<link>https://ok.ru/video/1474323090097</link>
<thumbnail>http://magnetic.website/Mad%20Titan/icon.png</thumbnail>
<summary></summary>
<fanart></fanart>
</item>






<item>
<title>UFC Fight Night 143: Cejudo vs Dillashaw – Jan 19, 2019</title>
<link>https://ok.ru/video/1451730406065</link>
<thumbnail>http://magnetic.website/Mad%20Titan/icon.png</thumbnail>
<summary></summary>
<fanart></fanart>
</item>




<item>
<title>UFC 232: Jones vs. Gustafsson 2 – Dec 29, 2018</title>
<link>https://ok.ru/video/1391721122481</link>
<thumbnail>http://magnetic.website/Mad%20Titan/icon.png</thumbnail>
<summary></summary>
<fanart></fanart>
</item>




<item>
<title>UFC Fight Night 142: Dos Santos vs Tuivasa – Dec 01, 2018</title>
<link>https://ok.ru/video/1334887713457</link>
<thumbnail>http://magnetic.website/Mad%20Titan/icon.png</thumbnail>
<summary></summary>
<fanart></fanart>
</item>

<item>
<title>BOXING: Deontay Wilder vs. Tyson Fury – Dec 01, 2018</title>
<link>https://ok.ru/video/1334844132017</link>
<thumbnail>http://magnetic.website/Mad%20Titan/icon.png</thumbnail>
<summary></summary>
<fanart></fanart>
</item>






<item>
   <title>Bellator 210: Njokuani vs Salter – Nov 30, 2018</title>
   <link>https://ok.ru/video/1333473905329</link>
<thumbnail>http://magnetic.website/Mad%20Titan/icon.png</thumbnail>
   <summary></summary>
   <fanart></fanart>
</item>

<item>
<title>Heavy Hitters Finale: Dos Anjos vs Usman – Nov 30, 2018</title>
<link>https://ok.ru/video/1333512374961</link>
<thumbnail>http://magnetic.website/Mad%20Titan/icon.png</thumbnail>
<summary></summary>
<fanart></fanart>
</item>


<item>
   <title>UFC Fight Night 141: Blaydes vs. N’Gannou 2 – Nov 24, 2018</title>
   <link>https://ok.ru/video/1324027087537</link>
<thumbnail>http://magnetic.website/Mad%20Titan/icon.png</thumbnail>
   <summary></summary>
   <fanart></fanart>
</item>





<item>
   <title>UFC Fight Night 140: Magny vs Ponzinibbio – Nov 17, 2018</title>
   <link>https://ok.ru/video/1312858966705</link>
<thumbnail>http://magnetic.website/Mad%20Titan/icon.png</thumbnail>
   <summary></summary>
   <fanart></fanart>
</item>







<item>
   <title>UFC Fight Night 138 – Volkan Vs Smith – Oct 27, 2018</title>
   <link>https://ok.ru/video/1252477110961</link>
<thumbnail>http://magnetic.website/Mad%20Titan/icon.png</thumbnail>
   <summary></summary>
   <fanart></fanart>
</item>






<item>
   <title>UFC 229: Khabib vs McGregor – Oct 06, 2018</title>
   <link>https://www.ok.ru/video/1218066188977</link>
<thumbnail>http://magnetic.website/Mad%20Titan/icon.png</thumbnail>
   <fanart></fanart>
</item>

<item>
   <title>UFC Fight Night 137: Santos vs Anders – Sep 22, 2018</title>
   <link>https://ok.ru/video/1181530983089</link>
<thumbnail>http://magnetic.website/Mad%20Titan/icon.png</thumbnail>
   <fanart></fanart>
</item>

<item>
   <title>UFC 228: Woodley vs. Till – Sep 08, 2018</title>
   <link>https://ok.ru/video/1147915078321</link>
<thumbnail>http://magnetic.website/Mad%20Titan/icon.png</thumbnail>
   <fanart></fanart>
</item>

<item>
   <title>MMA Bellator 204: Caldwell vs Lahat – Aug 17, 2018</title>
   <link>https://ok.ru/video/1123123530417</link>
<thumbnail>http://magnetic.website/Mad%20Titan/icon.png</thumbnail>
   <fanart></fanart>
</item>

<item>
   <title>UFC on FOX 30: Alvarez vs Poirier II – Jul 29, 2018</title>
   <link>https://ok.ru/video/1105364454065</link>
<thumbnail>http://magnetic.website/Mad%20Titan/icon.png</thumbnail>
   <fanart></fanart>
</item>

<item>
   <title>MMA: UFC Fight Night 134: Shogun vs Smith – Jul 22, 2018</title>
   <link>https://ok.ru/video/1100607916721</link>
<thumbnail>http://magnetic.website/Mad%20Titan/icon.png</thumbnail>
   <fanart></fanart>
</item>

<item>
   <title>MMA: UFC Tuesday Night Contender Series S02W05 – Jul 17, 2018</title>
   <link>https://ok.ru/video/1093384800945</link>
<thumbnail>http://magnetic.website/Mad%20Titan/icon.png</thumbnail>
   <fanart></fanart>
</item>

<item>
   <title>MMA: UFC Fight Night 133: Dos Santos vs Ivanov – Jul 14, 2018</title>
   <link>https://ok.ru/video/1090641201841</link>
<thumbnail>http://magnetic.website/Mad%20Titan/icon.png</thumbnail>
   <fanart></fanart>
</item>

<item>
   <title>MMA: BELLATOR 203: Pitbull vs. Weichel 2 – Jul 14, 2018</title>
   <link>https://ok.ru/video/1090632485553</link>
<thumbnail>http://magnetic.website/Mad%20Titan/icon.png</thumbnail>
   <fanart></fanart>
</item>

<item>
   <title>UFC 226: Miocic vs Cormier – Jul 07, 2018</title>
   <link>https://ok.ru/video/1085172615857</link>
<thumbnail>http://magnetic.website/Mad%20Titan/icon.png</thumbnail>
   <fanart></fanart>
</item>

<item>
   <title>MMA: Bellator 201: MacFarlane vs Lara JUN.29,2018</title>
   <link>https://ok.ru/video/1079466724017</link>
   <thumbnail></thumbnail>
   <fanart></fanart>
</item>

<item>
   <title>UFC Fight Night: Cowboy vs Edwards – Jun 23, 2018</title>
   <link>https://ok.ru/video/1069343967921</link>
   <thumbnail></thumbnail>
   <fanart></fanart>
</item>

