<item>
<title>[B][COLORgold]Bellator: 215 Mitrone vs Kharitonov 8PM[/COLOR][/B]</title>
<link>http://bnk.sportz.is/espn2.m3u8</link>
<thumbnail>http://i64.tinypic.com/4huqna.jpg</thumbnail>
</item>


<item>
<title>[B][COLORgold]Bellator: 215 Prelims[/COLOR][/B]</title>
<link>
<sublink>https://paramount-network.akamaized.net/hls/live/599582/bellator-prelims/master_1900.m3u8?aka_me_session_id=AAAAAAAAAAAQl2hcAAAAAEcJBxk7CjC47ck2WKJGT2vbSg3zqhjhybQfrrndBHWHTKen0V8Ejd/DNx8ejEhfYth5juMJ8OEt</sublink>
<sublink></sublink>
</link>
<thumbnail>http://i64.tinypic.com/4huqna.jpg</thumbnail>
</item>