<item>
<title>EP.1-Can It Be All So Simple</title>
<link>http://dl13.f2m.co/user/shahab/serial/Wu.Tang.An.American.Saga/S01/Wu.Tang.An.American.Saga.S01E01.720p.x265.HEVC.Film2Movie_WS.mkv</link>
<thumbnail>https://image.tmdb.org/t/p/w227_and_h127_bestv2/dBQyi4314aoEG9tNCWCnf0FlZnz.jpg</thumbnail>
</item>

<item>
<title>EP.2-Winter Warz</title>
<link>http://dl13.f2m.co/user/shahab/serial/Wu.Tang.An.American.Saga/S01/Wu.Tang.An.American.Saga.S01E02.720p.x265.HEVC.Film2Movie_WS.mkv</link>
<thumbnail>https://image.tmdb.org/t/p/w227_and_h127_bestv2/ok6y19nrFqTVzt2DXaBiVYc34HW.jpg</thumbnail>
</item>

<item>
<title>EP.3-All in Together Now</title>
<link>http://dl13.f2m.co/user/shahab/serial/Wu.Tang.An.American.Saga/S01/Wu.Tang.An.American.Saga.S01E03.720p.x265.HEVC.Film2Movie_WS.mkv</link>
<thumbnail>https://image.tmdb.org/t/p/w227_and_h127_bestv2/9ZgyPlOyxxImsZ6pQsIiPRZsnBk.jpg</thumbnail>
</item>

<item>
<title>EP.4-All That I Got Is You</title>
<link>http://dl13.f2m.co/user/shahab/serial/Wu.Tang.An.American.Saga/S01/Wu.Tang.An.American.Saga.S01E04.720p.x265.HEVC.Film2Movie_WS.mkv</link>
<thumbnail>https://image.tmdb.org/t/p/w227_and_h127_bestv2/hIokV1BIBW2LmPoL9FNe7Kp9scT.jpg</thumbnail>
</item>

<item>
<title>EP.5-Cold War</title>
<link>https://www.fembed.com/v/7dw11agd4d3e741</link>
<thumbnail>https://image.tmdb.org/t/p/w227_and_h127_bestv2/xKLkFRmTZVeGXeFTnexrX8y9uAw.jpg</thumbnail>
</item>
