
<item>
<title>WWE Monday Night RAW – Jul 22, 2019</title>
<link>https://ok.ru/video/1091529738788</link>
<thumbnail>http://magnetic.website/Mad%20Titan/icon.png</thumbnail>
</item>




<item>
<title>WWE Extreme Rules – Jul 15, 2019</title>
<link>https://ok.ru/video/1085360704036</link>
<thumbnail>http://magnetic.website/Mad%20Titan/icon.png</thumbnail>
</item>

<item>
<title>WWE Monday Night RAW – Jul 15, 2019</title>
<link>https://ok.ru/video/1085365422628</link>
<thumbnail>http://magnetic.website/Mad%20Titan/icon.png</thumbnail>
</item>

<item>
<title>AEW Fight For The Fallen – Jul 13, 2019</title>
<link>https://ok.ru/video/1083595557412</link>
<thumbnail>http://magnetic.website/Mad%20Titan/icon.png</thumbnail>
</item>


<item>
<title>WWE SMACKDOWN JULY 9TH,2019</title>
<link>https://ok.ru/video/1080208919076</link>
<thumbnail>http://magnetic.website/Mad%20Titan/icon.png</thumbnail>
</item>


<item>
<title>WWE Monday Night RAW – Jul 08, 2019</title>
<link>https://ok.ru/video/1079468362276</link>
<thumbnail>http://magnetic.website/Mad%20Titan/icon.png</thumbnail>
</item>



<item>
<title>AEW Fyter Fest – Jun 29, 2019</title>
<link>https://ok.ru/video/1072667232804</link>
<thumbnail>http://magnetic.website/Mad%20Titan/icon.png</thumbnail>
</item>




<item>
<title>WWE SmackDown Live – Jun 25, 2019</title>
<link>https://ok.ru/video/1068255676964</link>
<thumbnail>http://magnetic.website/Mad%20Titan/icon.png</thumbnail>
</item>

<item>
<title>WWE Monday Night RAW – Jun 24, 2019</title>
<link>https://ok.ru/video/1067560471076</link>
<thumbnail>http://magnetic.website/Mad%20Titan/icon.png</thumbnail>
</item>

<item>
<title>WWE Stomping Grounds – Jun 23, 2019</title>
<link>https://ok.ru/video/1066897312292</link>
<thumbnail>http://magnetic.website/Mad%20Titan/icon.png</thumbnail>
</item>



<item>
<title>WWE SmackDown Live – Jun 18, 2019</title>
<link>https://ok.ru/video/1062723324452</link>
<thumbnail>http://magnetic.website/Mad%20Titan/icon.png</thumbnail>
</item>

<item>
<title>WWE Monday Night RAW – Jun 17, 2019</title>
<link>https://ok.ru/video/1061978114596</link>
<thumbnail>http://magnetic.website/Mad%20Titan/icon.png</thumbnail>
</item>

<item>
<title>iMPACT Wrestling – Jun 14, 2019</title>
<link>https://ok.ru/video/1059563309604</link>
<thumbnail>http://magnetic.website/Mad%20Titan/icon.png</thumbnail>
</item>



<item>
<title>WWE SmackDown Live – Jun 11, 2019</title>
<link>https://ok.ru/video/1055673420324</link>
<thumbnail>http://magnetic.website/Mad%20Titan/icon.png</thumbnail>
</item>

<item>
<title>WWE Monday Night RAW – Jun 10, 2019</title>
<link>https://ok.ru/video/1055675386404</link>
<thumbnail>http://magnetic.website/Mad%20Titan/icon.png</thumbnail>
</item>

<item>
<title>WWE Super Showdown – Jun 07, 2019</title>
<link>https://ok.ru/video/1051943045668</link>
<thumbnail>http://magnetic.website/Mad%20Titan/icon.png</thumbnail>
</item>

<item>
<title>WWE SmackDown Live – Jun 04, 2019</title>
<link>https://ok.ru/video/1049407719972</link>
<thumbnail>http://magnetic.website/Mad%20Titan/icon.png</thumbnail>
</item>

<item>
<title>WWE Monday Night RAW – Jun 03, 2019</title>
<link>https://ok.ru/video/1048720509476</link>
<thumbnail>http://magnetic.website/Mad%20Titan/icon.png</thumbnail>
</item>



<item>
<title>WWE Monday Night RAW – May 27, 2019</title>
<link>https://ok.ru/video/1043063179812</link>
<thumbnail>http://magnetic.website/Mad%20Titan/icon.png</thumbnail>
<summary></summary>
<fanart></fanart>
</item>




<item>
<title>WWE SmackDown Live – May 21, 2019</title>
<link>https://ok.ru/video/1038424803876</link>
<thumbnail>http://magnetic.website/Mad%20Titan/icon.png</thumbnail>
</item>



<item>
<title>WWE Monday Night RAW – May 20, 2019</title>
<link>https://ok.ru/video/1037545114148</link>
<thumbnail>http://magnetic.website/Mad%20Titan/icon.png</thumbnail>
</item>

<item>
<title>WWE Money In The Bank – May 19, 2019</title>
<link>https://ok.ru/video/1036822710820</link>
<thumbnail>http://magnetic.website/Mad%20Titan/icon.png</thumbnail>
</item>





<item>
<title>WWE Monday Night RAW – Feb 18, 2019</title>
<link>https://ok.ru/video/1516692769457</link>
<thumbnail>http://magnetic.website/Mad%20Titan/icon.png</thumbnail>
<summary></summary>
<fanart></fanart>
</item>




<item>
<title>WWE SmackDown Live – Feb 12, 2019</title>
<link>https://ok.ru/video/1510639274673</link>
<thumbnail>http://magnetic.website/Mad%20Titan/icon.png</thumbnail>
<summary></summary>
<fanart></fanart>
</item>




<item>
<title>WWE SmackDown Live – Feb 05, 2019</title>
<link>https://ok.ru/video/1502101965489</link>
<thumbnail>http://magnetic.website/Mad%20Titan/icon.png</thumbnail>
<summary></summary>
<fanart></fanart>
</item>

<item>
<title>WWE Monday Night RAW – Feb 04, 2019</title>
<link>https://ok.ru/video/1499039926961</link>
<thumbnail>http://magnetic.website/Mad%20Titan/icon.png</thumbnail>
<summary></summary>
<fanart></fanart>
</item>




<item>
<title>WWE SmackDown Live – Jan 29, 2019</title>
<link>https://ok.ru/video/1490784750257</link>
<thumbnail>http://magnetic.website/Mad%20Titan/icon.png</thumbnail>
<summary></summary>
<fanart></fanart>
</item>


<item>
<title>WWE Monday Night RAW – Jan 28, 2019</title>
<link>https://ok.ru/video/1489887693489</link>
<thumbnail>http://magnetic.website/Mad%20Titan/icon.png</thumbnail>
<summary></summary>
<fanart></fanart>
</item>




<item>
<title>WWE Royal Rumble 2019 – Jan 27, 2019</title>
<link>https://ok.ru/video/1478208326321</link>
<thumbnail>http://magnetic.website/Mad%20Titan/icon.png</thumbnail>
<summary></summary>
<fanart></fanart>
</item>






<item>
<title>WWE Smackdown Live – Jan 22, 2019</title>
<link>https://ok.ru/video/1467631143601</link>
<thumbnail>http://magnetic.website/Mad%20Titan/icon.png</thumbnail>
<summary></summary>
<fanart></fanart>
</item>





<item>
<title>WWE SmackDown Live – Jan 15, 2019</title>
<link>https://ok.ru/video/1433958091441</link>
<thumbnail>http://magnetic.website/Mad%20Titan/icon.png</thumbnail>
<summary></summary>
<fanart></fanart>
</item>


<item>
<title>WWE Monday Night RAW – Jan 14, 2019</title>
<link>https://ok.ru/video/1422055705265</link>
<thumbnail>http://magnetic.website/Mad%20Titan/icon.png</thumbnail>
<summary></summary>
<fanart></fanart>
</item>





<item>
<title>WWE Smackdown Live – Jan 01, 2019</title>
<link>https://ok.ru/video/1400206592689</link>
<thumbnail>http://magnetic.website/Mad%20Titan/icon.png</thumbnail>
<summary></summary>
<fanart></fanart>
</item>




<item>
<title>WWE Smackdown Live – Dec 25, 2018</title>
<link>https://ok.ru/video/1384327547569</link>
<thumbnail>http://magnetic.website/Mad%20Titan/icon.png</thumbnail>
<summary></summary>
<fanart></fanart>
</item>


<item>
<title>WWE SmackDown Live – Dec 18, 2018</title>
<link>https://ok.ru/video/1355059104433</link>
<thumbnail>http://magnetic.website/Mad%20Titan/icon.png</thumbnail>
<summary></summary>
<fanart></fanart>
</item>

<item>
<title>WWE Monday Night RAW – Dec 17, 2018</title>
<link>https://ok.ru/video/1353137916593</link>
<thumbnail>http://magnetic.website/Mad%20Titan/icon.png</thumbnail>
<summary></summary>
<fanart></fanart>
</item>

<item>
<title>WWE TLC 2018 – Dec 16, 2018</title>
<link>https://ok.ru/video/1351934610097</link>
<thumbnail>http://magnetic.website/Mad%20Titan/icon.png</thumbnail>
<summary></summary>
<fanart></fanart>
</item>

<item>
<title>WWE Smackdown Live – Dec 11, 2018</title>
<link>https://ok.ru/video/1346805107377</link>
<thumbnail>http://magnetic.website/Mad%20Titan/icon.png</thumbnail>
<summary></summary>
<fanart></fanart>
</item>

<item>
<title>WWE Monday Night RAW – Dec 10, 2018</title>
<link>https://ok.ru/video/1345902807729</link>
<thumbnail>http://magnetic.website/Mad%20Titan/icon.png</thumbnail>
<summary></summary>
<fanart></fanart>
</item>



<item>
<title>WWE Smackdown Live – Dec 04, 2018</title>
<link>https://ok.ru/video/1338548619953</link>
<thumbnail>http://magnetic.website/Mad%20Titan/icon.png</thumbnail>
<summary></summary>
<fanart></fanart>
</item>





<item>
<title>WWE Monday Night RAW – Dec 03, 2018</title>
<link>https://ok.ru/video/1336975690417</link>
<thumbnail>http://magnetic.website/Mad%20Titan/icon.png</thumbnail>
<summary></summary>
<fanart></fanart>
</item>

<item>
<title>WWE Smackdown Live – Nov 27, 2018</title>
<link>https://ok.ru/video/1327349631665</link>
<thumbnail>http://magnetic.website/Mad%20Titan/icon.png</thumbnail>
<summary></summary>
<fanart></fanart>
</item>

<item>
<title>WWE Monday Night RAW – Oct 22, 2018</title>
<link>https://ok.ru/video/1247180425905</link>
<thumbnail>http://magnetic.website/Mad%20Titan/icon.png</thumbnail>
<summary></summary>
<fanart></fanart>
</item>

<item>
<title>WWE Smackdown Live – Oct 16, 2018</title>
<link>https://ok.ru/video/1239604857521</link>
<thumbnail>http://magnetic.website/Mad%20Titan/icon.png</thumbnail>
<summary></summary>
<fanart></fanart>
</item>

<item>
<title>WWE Monday Night RAW – Oct 15, 2018</title>
<link>https://ok.ru/video/1237871037105</link>
<thumbnail>http://magnetic.website/Mad%20Titan/icon.png</thumbnail>
<summary></summary>
<fanart></fanart>
</item>

<item>
<title></title>
<link></link>
<thumbnail>http://magnetic.website/Mad%20Titan/icon.png</thumbnail>
<summary></summary>
<fanart></fanart>
</item>
