<?xml version="1.0" encoding="UTF-8" standalone="yes"?>
<addon id="plugin.video.gofilms4u" name="GoFilms4U" version="0.0.1" provider-name=" Jack Mehoff ">
  <requires>
    <import addon="xbmc.python" version="2.1.0"/>
	<import addon="script.module.addon.common" />
	<import addon="script.module.requests" />
	<import addon="script.module.beautifulsoup4" />
	<import addon="script.module.resolveurl"/>
  </requires>
  <extension point="xbmc.python.pluginsource" library="default.py">
		<provides>video</provides>
  </extension>
  <extension point="xbmc.addon.metadata">
	<summary lang="en">A plugin for playing online lists freely sourced on the internet</summary>
	<description lang="en">An addon using Gofilms4u Hollywood, Hindi, Tamil and Dubbed Movies</description>
	<disclaimer lang="en">The original author neither hosts or stores any content, the original author has no affiliation with content hosts, it is the sole responsibility of the user to ensure they have permission to view any streams provided</disclaimer>
	<platform>all</platform>
	<broken>Need to Fix the links</broken>
  </extension>
</addon>
