<?xml version="1.0" encoding="UTF-8" standalone="yes"?>
<addon id="script.kodi.hue.ambilight" name="Kodi Philips Hue" version="2.0" provider-name="Nemzzy :: Original Martin Polednik">
  <requires>
    <import addon="xbmc.python" version="2.1.0"/>
    <import addon="script.module.requests"/>
  </requires>
  <extension point="xbmc.service" library="default.py"></extension>
  <extension point="xbmc.addon.metadata">
    <summary>Kodi-controlled Philips Hue lights, Fixed By Nemzzy and Silent For Kodi 18</summary>
    <description>Let Kodi control your Philips Hue lights. Either turns the lights into a room-sized ambilight, or automatically dims and un-dims them when playback starts or stops.</description>
    <platform>all</platform>
  </extension>
</addon>
